locale_idlocale,locale_idcity,locale_capital,locale_idcountry,locale_ac,locale_country,locale_uf,locale_city,locale_region,locale_seaside,locale_latitude,locale_longitude,locale_tourist,locale_agricultural,locale_base,weather_id,weather_name,weather_date,weather_dayWeek,weather_dateUpdate,weather_temperature,weather_windVelocity,weather_windDirection,weather_windDirectionDegrees,weather_humidity,weather_condition,weather_pressure,weather_icon,weather_sensation,weather_slugCondition
5893,6377,False,7,BR,Brasil,AC,Acrelândia,N,False,-9.828,-66.883,False,False,cities,5893,Acrelândia,09/09/2026,Quarta-feira,11:09:00,21,1,E,90,84,Sol,1013,1,24,sol
4425,5496,False,7,BR,Brasil,AC,Brasiléia,N,False,-11.016,-68.748,False,False,cities,4425,Brasiléia,09/09/2026,Quarta-feira,11:09:00,20,3,SE,140,86,Sol,1013,1,21,sol
4908,1,False,7,BR,Brasil,AC,Cruzeiro do Sul,N,False,-7.631,-72.67,False,False,cities,4908,Cruzeiro do Sul,09/09/2026,Quarta-feira,10:24:00,20,3,SSE,166,89,Sol,1014,1,22,sol
6804,2,False,7,BR,Brasil,AC,Feijó,N,False,-8.164,-70.354,False,False,cities,6804,Feijó,09/09/2026,Quarta-feira,11:09:00,20,3,ESE,120,89,Sol,1013,1,23,sol
6806,3,False,7,BR,Brasil,AC,Mâncio Lima,N,False,-7.614,-72.896,False,False,cities,6806,Mâncio Lima,09/09/2026,Quarta-feira,10:24:00,20,3,S,180,88,Sol,1014,1,22,sol
6807,4,False,7,BR,Brasil,AC,Plácido de Castro,N,False,-10.335,-67.186,False,False,cities,6807,Plácido de Castro,09/09/2026,Quarta-feira,10:24:00,20,1,ESE,103,89,Sol,1013,1,23,sol
6808,5,False,7,BR,Brasil,AC,Porto Acre,N,False,-9.588,-67.532,False,False,cities,6808,Porto Acre,09/09/2026,Quarta-feira,11:09:00,21,2,ESE,106,87,Sol,1013,1,24,sol
4538,5655,False,7,BR,Brasil,AC,Sena Madureira,N,False,-9.066,-68.657,False,False,cities,4538,Sena Madureira,09/09/2026,Quarta-feira,11:09:00,20,1,SE,124,91,Sol,1013,1,23,sol
4707,5902,False,7,BR,Brasil,AC,Xapuri,N,False,-10.652,-68.504,False,False,cities,4707,Xapuri,09/09/2026,Quarta-feira,10:24:00,20,4,SE,133,89,Sol,1013,1,22,sol
4548,5690,False,7,BR,Brasil,AL,Anadia,NE,False,-9.684,-36.304,False,False,cities,4548,Anadia,09/09/2026,Quarta-feira,11:09:00,24,5,ENE,73,77,Sol,1019,1,26,sol
6404,817,False,7,BR,Brasil,AL,Arapiraca,NE,False,-9.752,-36.661,False,False,cities,6404,Arapiraca,09/09/2026,Quarta-feira,11:09:00,24,5,ENE,71,74,Sol,1019,1,26,sol
6405,818,False,7,BR,Brasil,AL,Batalha,NE,False,-9.678,-37.125,False,False,cities,6405,Batalha,09/09/2026,Quarta-feira,11:09:00,23,8,ENE,70,74,Sol,1019,1,25,sol
4254,5291,False,7,BR,Brasil,AL,Cacimbinhas,NE,False,-9.4,-36.99,False,False,cities,4254,Cacimbinhas,09/09/2026,Quarta-feira,10:24:00,23,6,ENE,71,72,Sol,1019,1,24,sol
4046,5002,False,7,BR,Brasil,AL,Capela,NE,False,-9.408,-36.074,False,False,cities,4046,Capela,09/09/2026,Quarta-feira,10:24:00,24,5,ENE,74,81,Sol,1019,1,26,sol
5215,2171,False,7,BR,Brasil,AL,Delmiro Gouveia,NE,False,-9.389,-37.999,False,False,cities,5215,Delmiro Gouveia,09/09/2026,Quarta-feira,10:24:00,22,12,ENE,67,70,Sol,1019,1,22,sol
4563,5705,False,7,BR,Brasil,AL,Dois Riachos,NE,False,-9.393,-37.101,False,False,cities,4563,Dois Riachos,09/09/2026,Quarta-feira,10:24:00,22,7,ENE,70,74,Sol,1019,1,24,sol
4564,5706,False,7,BR,Brasil,AL,Estrela de Alagoas,NE,False,-9.39,-36.76,False,False,cities,4564,Estrela de Alagoas,09/09/2026,Quarta-feira,10:24:00,22,5,ENE,72,71,Sol,1019,1,23,sol
4565,5707,False,7,BR,Brasil,AL,Feira Grande,NE,False,-9.9,-36.677,False,False,cities,4565,Feira Grande,09/09/2026,Quarta-feira,10:24:00,24,6,ENE,71,75,Sol,1019,1,26,sol
4566,5708,False,7,BR,Brasil,AL,Feliz Deserto,NE,True,-10.292,-36.35,False,False,cities,4566,Feliz Deserto,09/09/2026,Quarta-feira,10:24:00,26,8,ENE,72,78,Sol,1019,1,29,sol
4567,5709,False,7,BR,Brasil,AL,Flexeiras,NE,False,-9.197,-35.781,False,False,cities,4567,Flexeiras,09/09/2026,Quarta-feira,11:09:00,23,5,ENE,75,77,Sol,1019,1,25,sol
4305,5342,False,7,BR,Brasil,AL,Girau do Ponciano,NE,False,-9.884,-36.829,False,False,cities,4305,Girau do Ponciano,09/09/2026,Quarta-feira,10:24:00,23,7,ENE,71,70,Sol,1019,1,24,sol
4568,5710,False,7,BR,Brasil,AL,Ibateguara,NE,False,-8.973,-35.939,False,False,cities,4568,Ibateguara,09/09/2026,Quarta-feira,11:09:00,21,6,ENE,75,77,Sol,1019,1,22,sol
6408,821,False,7,BR,Brasil,AL,Igaci,NE,False,-9.537,-36.634,False,False,cities,6408,Igaci,09/09/2026,Quarta-feira,11:09:00,23,5,ENE,72,73,Sol,1019,1,24,sol
6409,822,False,7,BR,Brasil,AL,Igreja Nova,NE,False,-10.125,-36.662,False,False,cities,6409,Igreja Nova,09/09/2026,Quarta-feira,11:09:00,25,8,ENE,71,76,Sol,1019,1,27,sol
3964,4885,False,7,BR,Brasil,AL,Inhapi,NE,False,-9.221,-37.749,False,False,cities,3964,Inhapi,09/09/2026,Quarta-feira,10:24:00,22,10,ENE,68,70,Sol,1019,1,22,sol
4569,5711,False,7,BR,Brasil,AL,Jacaré dos Homens,NE,False,-9.636,-37.205,False,False,cities,4569,Jacaré dos Homens,09/09/2026,Quarta-feira,11:09:00,23,8,ENE,70,76,Sol,1019,1,25,sol
4570,5712,False,7,BR,Brasil,AL,Jacuípe,NE,False,-8.842,-35.46,False,False,cities,4570,Jacuípe,09/09/2026,Quarta-feira,10:24:00,24,9,ENE,77,81,Sol,1018,1,27,sol
4571,5713,False,7,BR,Brasil,AL,Japaratinga,NE,True,-9.088,-35.258,False,False,cities,4571,Japaratinga,09/09/2026,Quarta-feira,11:09:00,27,10,ENE,77,84,Sol,1018,1,30,sol
4572,5714,False,7,BR,Brasil,AL,Jaramataia,NE,False,-9.659,-37.002,False,False,cities,4572,Jaramataia,09/09/2026,Quarta-feira,11:09:00,23,7,ENE,71,73,Sol,1019,1,25,sol
4573,5715,False,7,BR,Brasil,AL,Joaquim Gomes,NE,False,-9.133,-35.748,False,False,cities,4573,Joaquim Gomes,09/09/2026,Quarta-feira,11:09:00,24,6,ENE,75,83,Sol,1019,1,26,sol
6410,823,False,7,BR,Brasil,AL,Junqueiro,NE,False,-9.925,-36.476,False,False,cities,6410,Junqueiro,09/09/2026,Quarta-feira,10:24:00,25,5,ENE,72,76,Sol,1019,1,27,sol
4426,5497,False,7,BR,Brasil,AL,Limoeiro de Anadia,NE,False,-9.741,-36.503,False,False,cities,4426,Limoeiro de Anadia,09/09/2026,Quarta-feira,11:09:00,24,5,ENE,72,75,Sol,1019,1,27,sol
6809,8,True,7,BR,Brasil,AL,Maceió,NE,True,-9.551,-35.77,True,False,cities,6809,Maceió,09/09/2026,Quarta-feira,10:24:00,25,5,WNW,300,83,Sol e Chuva,1019,4,29,sol-e-chuva
3116,2657,False,7,BR,Brasil,AL,Mar Vermelho,NE,False,-9.447,-36.388,False,False,cities,3116,Mar Vermelho,09/09/2026,Quarta-feira,11:09:00,22,5,ENE,72,72,Sol,1019,1,23,sol
6522,713,False,7,BR,Brasil,AL,Maragogi,NE,True,-9.012,-35.3,False,False,cities,6522,Maragogi,09/09/2026,Quarta-feira,10:24:00,26,10,ENE,77,83,Sol,1018,1,29,sol
4099,5085,False,7,BR,Brasil,AL,Maribondo,NE,False,-9.577,-36.305,False,False,cities,4099,Maribondo,09/09/2026,Quarta-feira,11:09:00,24,5,ENE,73,77,Sol,1019,1,26,sol
4917,1596,False,7,BR,Brasil,AL,Olho d'Água das Flores,NE,False,-9.536,-37.294,False,False,cities,4917,Olho d'Água das Flores,09/09/2026,Quarta-feira,10:24:00,23,9,ENE,69,76,Sol,1019,1,24,sol
5486,1523,False,7,BR,Brasil,AL,Palmeira dos Índios,NE,False,-9.407,-36.627,False,False,cities,5486,Palmeira dos Índios,09/09/2026,Quarta-feira,11:09:00,22,5,ENE,72,72,Sol,1019,1,23,sol
4136,5134,False,7,BR,Brasil,AL,Piaçaçuba,NE,False,-10.4,-36.417,False,False,cities,4136,Piaçaçuba,09/09/2026,Quarta-feira,10:24:00,26,10,ENE,72,77,Sol,1019,1,28,sol
4591,5734,False,7,BR,Brasil,AL,Pindoba,NE,False,-9.475,-36.29,False,False,cities,4591,Pindoba,09/09/2026,Quarta-feira,10:24:00,22,5,ENE,73,73,Sol,1019,1,24,sol
4137,5135,False,7,BR,Brasil,AL,Piranhas,NE,False,-9.624,-37.757,False,False,cities,4137,Piranhas,09/09/2026,Quarta-feira,10:24:00,24,11,ENE,68,72,Sol,1019,1,24,sol
3354,4104,False,7,BR,Brasil,AL,Porto Calvo,NE,True,-9.045,-35.398,False,False,cities,3354,Porto Calvo,09/09/2026,Quarta-feira,10:24:00,25,8,ENE,77,83,Sol,1018,1,28,sol
6411,829,False,7,BR,Brasil,AL,Porto de Pedras,NE,True,-9.158,-35.295,False,False,cities,6411,Porto de Pedras,09/09/2026,Quarta-feira,10:24:00,26,9,ENE,77,84,Sol,1018,1,30,sol
4592,5735,False,7,BR,Brasil,AL,Poço das Trincheiras,NE,False,-9.313,-37.286,False,False,cities,4592,Poço das Trincheiras,09/09/2026,Quarta-feira,10:24:00,22,8,ENE,70,74,Sol,1019,1,23,sol
6334,6967,False,7,BR,Brasil,AL,Praia do Francês,NE,False,-9.65,-35.817,True,False,cities,6334,Praia do Francês,09/09/2026,Quarta-feira,10:24:00,25,5,ENE,74,84,Sol e Chuva,1019,4,29,sol-e-chuva
4593,5736,False,7,BR,Brasil,AL,Quebrangulo,NE,False,-9.319,-36.471,False,True,cities,4593,Quebrangulo,09/09/2026,Quarta-feira,11:09:00,22,5,ENE,72,75,Sol,1019,1,24,sol
6412,831,False,7,BR,Brasil,AL,Rio Largo,NE,False,-9.478,-35.853,False,False,cities,6412,Rio Largo,09/09/2026,Quarta-feira,11:09:00,25,5,WNW,300,83,Sol e Chuva,1019,4,29,sol-e-chuva
4594,5737,False,7,BR,Brasil,AL,Roteiro,NE,True,-9.833,-35.978,False,False,cities,4594,Roteiro,09/09/2026,Quarta-feira,11:09:00,26,6,ENE,73,83,Sol,1019,1,30,sol
4595,5738,False,7,BR,Brasil,AL,Santa Luzia do Norte,NE,False,-9.603,-35.823,False,False,cities,4595,Santa Luzia do Norte,09/09/2026,Quarta-feira,10:24:00,25,5,ENE,74,84,Sol e Chuva,1019,4,29,sol-e-chuva
5487,1524,False,7,BR,Brasil,AL,Santana do Ipanema,NE,False,-9.378,-37.245,False,False,cities,5487,Santana do Ipanema,09/09/2026,Quarta-feira,11:09:00,22,8,ENE,70,75,Sol,1019,1,23,sol
4596,5739,False,7,BR,Brasil,AL,Santana do Mundaú,NE,False,-9.168,-36.222,False,False,cities,4596,Santana do Mundaú,09/09/2026,Quarta-feira,10:24:00,21,6,ENE,73,78,Sol,1019,1,23,sol
4086,5044,False,7,BR,Brasil,AL,Satuba,NE,False,-9.563,-35.824,False,False,cities,4086,Satuba,09/09/2026,Quarta-feira,11:09:00,25,5,ENE,74,84,Sol e Chuva,1019,4,29,sol-e-chuva
4597,5740,False,7,BR,Brasil,AL,Senador Rui Palmeira,NE,False,-9.466,-37.457,False,False,cities,4597,Senador Rui Palmeira,09/09/2026,Quarta-feira,11:09:00,22,9,ENE,69,75,Sol,1019,1,23,sol
4598,5741,False,7,BR,Brasil,AL,São Brás,NE,False,-10.128,-36.901,False,False,cities,4598,São Brás,09/09/2026,Quarta-feira,10:24:00,25,10,ENE,70,75,Sol,1019,1,27,sol
4599,5742,False,7,BR,Brasil,AL,São José da Laje,NE,False,-9.01,-36.058,False,False,cities,4599,São José da Laje,09/09/2026,Quarta-feira,10:24:00,21,6,ENE,74,80,Sol,1020,1,22,sol
5488,1525,False,7,BR,Brasil,AL,São José da Tapera,NE,False,-9.558,-37.381,False,False,cities,5488,São José da Tapera,09/09/2026,Quarta-feira,10:24:00,23,9,ENE,69,76,Sol,1019,1,24,sol
5489,1527,False,7,BR,Brasil,AL,São Miguel dos Campos,NE,False,-9.781,-36.094,False,False,cities,5489,São Miguel dos Campos,09/09/2026,Quarta-feira,10:24:00,25,5,ENE,73,81,Sol,1019,1,28,sol
9142,6831,False,7,BR,Brasil,AL,São Miguel dos Milagres,NE,True,-9.238,-35.373,False,False,cities,9142,São Miguel dos Milagres,09/09/2026,Quarta-feira,10:24:00,26,9,ENE,76,84,Sol,1018,1,30,sol
4600,5743,False,7,BR,Brasil,AL,São Sebastião,NE,False,-9.934,-36.554,False,False,cities,4600,São Sebastião,09/09/2026,Quarta-feira,10:24:00,24,5,ENE,72,75,Sol,1019,1,27,sol
4601,5744,False,7,BR,Brasil,AL,Tanque d'Arca,NE,False,-9.532,-36.433,False,False,cities,4601,Tanque d'Arca,09/09/2026,Quarta-feira,10:24:00,22,5,ENE,72,72,Sol,1019,1,23,sol
4602,5745,False,7,BR,Brasil,AL,Taquarana,NE,False,-9.645,-36.497,False,False,cities,4602,Taquarana,09/09/2026,Quarta-feira,10:24:00,23,5,ENE,72,72,Sol,1019,1,25,sol
4536,5652,False,7,BR,Brasil,AL,Teotônio Vilela,NE,False,-9.905,-36.353,False,False,cities,4536,Teotônio Vilela,09/09/2026,Quarta-feira,10:24:00,25,5,ENE,72,77,Sol,1019,1,28,sol
4307,5344,False,7,BR,Brasil,AL,Água Branca,NE,False,-9.261,-37.936,False,False,cities,4307,Água Branca,09/09/2026,Quarta-feira,10:24:00,21,11,ENE,67,63,Sol,1019,1,20,sol
6810,9,False,7,BR,Brasil,AM,Alvarães,N,False,-3.221,-64.804,False,False,cities,6810,Alvarães,09/09/2026,Quarta-feira,11:09:00,24,4,S,180,95,Nublado,1013,3,29,nublado
5895,6386,False,7,BR,Brasil,AM,Amaturá,N,False,-3.364,-68.198,False,False,cities,5895,Amaturá,09/09/2026,Quarta-feira,11:09:00,24,6,S,180,95,Nublado,1013,3,28,nublado
5896,6387,False,7,BR,Brasil,AM,Anamã,N,False,-3.58,-61.404,False,False,cities,5896,Anamã,09/09/2026,Quarta-feira,11:09:00,24,5,SE,146,95,Nublado,1013,3,28,nublado
5897,6388,False,7,BR,Brasil,AM,Anori,N,False,-3.773,-61.644,False,False,cities,5897,Anori,09/09/2026,Quarta-feira,11:09:00,24,4,SE,143,95,Sol com muitas nuvens,1013,2r,28,sol-com-muitas-nuvens
5898,6389,False,7,BR,Brasil,AM,Apuí,N,False,-7.197,-59.891,False,False,cities,5898,Apuí,09/09/2026,Quarta-feira,11:09:00,23,4,SE,144,88,Sol com muitas nuvens,1013,2r,26,sol-com-muitas-nuvens
5899,6390,False,7,BR,Brasil,AM,Atalaia do Norte,N,False,-4.372,-70.192,False,False,cities,5899,Atalaia do Norte,09/09/2026,Quarta-feira,11:09:00,23,3,S,180,94,Sol com muitas nuvens,1013,2r,27,sol-com-muitas-nuvens
4684,5879,False,7,BR,Brasil,AM,Barreirinha,N,False,-2.793,-57.07,False,False,cities,4684,Barreirinha,09/09/2026,Quarta-feira,11:09:00,26,7,SE,130,86,Sol,1013,1,30,sol
6811,11,False,7,BR,Brasil,AM,Benjamin Constant,N,False,-4.383,-70.031,False,False,cities,6811,Benjamin Constant,09/09/2026,Quarta-feira,11:09:00,23,3,S,180,94,Sol com muitas nuvens,1013,2r,28,sol-com-muitas-nuvens
5900,6391,False,7,BR,Brasil,AM,Beruri,N,False,-3.898,-61.373,False,False,cities,5900,Beruri,09/09/2026,Quarta-feira,11:09:00,23,4,SE,145,95,Nublado,1013,3,27,nublado
5901,6392,False,7,BR,Brasil,AM,Boa Vista do Ramos,N,False,-2.97,-57.59,False,False,cities,5901,Boa Vista do Ramos,09/09/2026,Quarta-feira,11:09:00,25,7,SE,130,90,Sol,1013,1,28,sol
6812,12,False,7,BR,Brasil,AM,Boca do Acre,N,False,-8.752,-67.398,False,False,cities,6812,Boca do Acre,09/09/2026,Quarta-feira,10:24:00,21,2,ESE,103,90,Sol,1013,1,24,sol
6813,13,False,7,BR,Brasil,AM,Borba,N,False,-4.388,-59.594,False,False,cities,6813,Borba,09/09/2026,Quarta-feira,11:09:00,24,3,SE,141,94,Sol,1013,1,29,sol
6814,14,False,7,BR,Brasil,AM,Caapiranga,N,False,-3.327,-61.209,False,False,cities,6814,Caapiranga,09/09/2026,Quarta-feira,11:09:00,23,5,SSE,148,95,Sol com muitas nuvens,1013,2r,27,sol-com-muitas-nuvens
7542,3414,False,7,BR,Brasil,AM,Coari,N,False,-4.085,-63.141,False,False,cities,7542,Coari,09/09/2026,Quarta-feira,11:09:00,24,7,ESE,122,95,Nublado,1014,3,27,nublado
6815,17,False,7,BR,Brasil,AM,Codajás,N,False,-3.837,-62.057,False,False,cities,6815,Codajás,09/09/2026,Quarta-feira,11:09:00,24,3,SE,139,95,Sol com muitas nuvens,1013,2r,29,sol-com-muitas-nuvens
5902,6396,False,7,BR,Brasil,AM,Eirunepé,N,False,-6.66,-69.874,False,False,cities,5902,Eirunepé,09/09/2026,Quarta-feira,10:24:00,22,3,ESE,114,89,Sol,1013,1,25,sol
5903,6397,False,7,BR,Brasil,AM,Envira,N,False,-7.433,-70.023,False,False,cities,5903,Envira,09/09/2026,Quarta-feira,11:09:00,21,4,ESE,119,89,Sol,1013,1,23,sol
6816,18,False,7,BR,Brasil,AM,Fonte Boa,N,False,-2.514,-66.092,False,False,cities,6816,Fonte Boa,09/09/2026,Quarta-feira,11:09:00,24,3,S,180,95,Nublado,1013,3,28,nublado
5904,6398,False,7,BR,Brasil,AM,Guajará,N,False,-7.546,-72.584,False,False,cities,5904,Guajará,09/09/2026,Quarta-feira,10:24:00,20,4,SSE,161,90,Sol,1014,1,22,sol
7543,19,False,7,BR,Brasil,AM,Humaitá,N,False,-7.506,-63.021,False,False,cities,7543,Humaitá,09/09/2026,Quarta-feira,10:24:00,24,5,NE,36,95,Sol,1012,1,28,sol
5905,6399,False,7,BR,Brasil,AM,Ipixuna,N,False,-7.051,-71.695,False,False,cities,5905,Ipixuna,09/09/2026,Quarta-feira,11:09:00,22,7,SE,134,91,Sol,1014,1,24,sol
5906,6400,False,7,BR,Brasil,AM,Iranduba,N,False,-3.285,-60.186,False,False,cities,5906,Iranduba,09/09/2026,Quarta-feira,11:09:00,25,5,SSE,150,94,Sol com algumas nuvens,1013,2,31,sol-com-algumas-nuvens
6817,20,False,7,BR,Brasil,AM,Itacoatiara,N,False,-3.143,-58.444,False,False,cities,6817,Itacoatiara,09/09/2026,Quarta-feira,11:09:00,26,12,SE,143,82,Sol,1013,1,29,sol
5907,6401,False,7,BR,Brasil,AM,Itamarati,N,False,-6.425,-68.253,False,False,cities,5907,Itamarati,09/09/2026,Quarta-feira,11:09:00,22,4,ESE,111,93,Sol com muitas nuvens,1013,2r,26,sol-com-muitas-nuvens
6818,21,False,7,BR,Brasil,AM,Itapiranga,N,False,-2.749,-58.022,False,False,cities,6818,Itapiranga,09/09/2026,Quarta-feira,10:24:00,26,10,SE,142,80,Sol,1013,1,29,sol
5908,6402,False,7,BR,Brasil,AM,Japurá,N,False,-1.826,-66.599,False,False,cities,5908,Japurá,09/09/2026,Quarta-feira,11:09:00,24,3,S,180,95,Nublado,1013,3,28,nublado
3564,22,False,7,BR,Brasil,AM,Juruá,N,False,-3.481,-66.069,False,False,cities,3564,Juruá,09/09/2026,Quarta-feira,10:24:00,23,1,S,180,95,Nublado,1014,3,27,nublado
5909,6403,False,7,BR,Brasil,AM,Jutaí,N,False,-2.747,-66.767,False,False,cities,5909,Jutaí,09/09/2026,Quarta-feira,11:09:00,24,2,S,180,95,Nublado,1013,3,28,nublado
7544,25,True,7,BR,Brasil,AM,Manaus,N,False,-3.103,-60.016,True,False,cities,7544,Manaus,09/09/2026,Quarta-feira,11:09:00,26,5,SSE,151,93,Sol com muitas nuvens,1013,2r,31,sol-com-muitas-nuvens
4427,5499,False,7,BR,Brasil,AM,Nhamundá,N,False,-2.186,-56.713,False,False,cities,4427,Nhamundá,09/09/2026,Quarta-feira,11:09:00,27,6,SE,136,83,Sol,1013,1,30,sol
4873,6127,False,7,BR,Brasil,AM,Rio Preto da Eva,N,False,-2.699,-59.7,False,False,cities,4873,Rio Preto da Eva,09/09/2026,Quarta-feira,11:09:00,24,5,SSE,156,87,Sol com muitas nuvens,1013,2r,28,sol-com-muitas-nuvens
6226,6804,False,7,BR,Brasil,AM,Santa Isabel do Rio Negro,N,False,-0.414,-65.019,False,False,cities,6226,Santa Isabel do Rio Negro,09/09/2026,Quarta-feira,11:09:00,24,2,S,180,95,Nublado,1013,3,28,nublado
4049,5005,False,7,BR,Brasil,AM,Silves,N,False,-2.839,-58.209,False,False,cities,4049,Silves,09/09/2026,Quarta-feira,11:09:00,26,13,SE,142,85,Sol,1013,1,28,sol
7361,6832,False,7,BR,Brasil,AM,São Sebastião do Uatumã,N,False,-2.55915,-57.873,False,False,cities,7361,São Sebastião do Uatumã,09/09/2026,Quarta-feira,11:09:00,26,9,SE,142,80,Sol,1013,1,30,sol
5309,1615,False,7,BR,Brasil,AM,Tabatinga,N,False,-4.253,-69.938,False,False,cities,5309,Tabatinga,09/09/2026,Quarta-feira,11:09:00,23,3,S,180,93,Sol com muitas nuvens,1013,2r,28,sol-com-muitas-nuvens
4685,5880,False,7,BR,Brasil,AM,Urucará,N,False,-2.536,-57.76,False,False,cities,4685,Urucará,09/09/2026,Quarta-feira,11:09:00,27,10,SE,140,81,Sol,1013,1,30,sol
5910,6414,False,7,BR,Brasil,AP,Itaubal,N,True,0.712,-50.8,False,False,cities,5910,Itaubal,09/09/2026,Quarta-feira,11:09:00,25,7,E,98,93,Sol,1014,1,29,sol
5911,6415,False,7,BR,Brasil,AP,Laranjal do Jari,N,False,-0.84,-52.52,False,False,cities,5911,Laranjal do Jari,09/09/2026,Quarta-feira,11:09:00,25,8,E,90,87,Sol,1014,1,29,sol
3982,39,True,7,BR,Brasil,AP,Macapá,N,True,0.035,-51.089,False,False,cities,3982,Macapá,09/09/2026,Quarta-feira,11:09:00,26,9,ESE,115,91,Sol,1014,1,30,sol
4617,40,False,7,BR,Brasil,AP,Mazagão,N,False,-0.11,-51.29,False,False,cities,4617,Mazagão,09/09/2026,Quarta-feira,11:09:00,26,8,E,85,91,Sol,1014,1,30,sol
4724,41,False,7,BR,Brasil,AP,Oiapoque,N,True,3.843,-51.835,True,False,cities,4724,Oiapoque,09/09/2026,Quarta-feira,10:24:00,24,4,E,90,95,Sol com algumas nuvens,1014,2,29,sol-com-algumas-nuvens
5912,6416,False,7,BR,Brasil,AP,Pedra Branca do Amapari,N,False,0.778,-51.944,False,False,cities,5912,Pedra Branca do Amapari,09/09/2026,Quarta-feira,11:09:00,24,5,E,100,93,Sol,1014,1,27,sol
5913,6418,False,7,BR,Brasil,AP,Pracuúba,N,False,1.743,-50.791,False,False,cities,5913,Pracuúba,09/09/2026,Quarta-feira,11:09:00,25,5,E,94,93,Sol,1014,1,30,sol
5914,6419,False,7,BR,Brasil,AP,Serra do Navio,N,False,0.896,-52.002,False,False,cities,5914,Serra do Navio,09/09/2026,Quarta-feira,11:09:00,23,5,E,100,93,Sol,1014,1,27,sol
5915,6421,False,7,BR,Brasil,AP,Vitória do Jari,N,False,-0.93,-52.43,False,False,cities,5915,Vitória do Jari,09/09/2026,Quarta-feira,11:09:00,25,8,E,90,89,Sol,1014,1,29,sol
4603,5746,False,7,BR,Brasil,BA,Abaré,NE,False,-8.72,-39.114,False,False,cities,4603,Abaré,09/09/2026,Quarta-feira,11:09:00,23,8,ENE,63,69,Sol com muitas nuvens,1019,2r,24,sol-com-muitas-nuvens
4050,5006,False,7,BR,Brasil,BA,Abaíra,NE,False,-13.25,-41.664,False,False,cities,4050,Abaíra,09/09/2026,Quarta-feira,10:24:00,20,10,E,94,65,Sol com algumas nuvens,1022,2,19,sol-com-algumas-nuvens
6324,6949,False,7,BR,Brasil,BA,Abrantes,NE,False,-12.83,-38.266,False,False,cities,6324,Abrantes,09/09/2026,Quarta-feira,10:24:00,26,17,E,80,79,Sol com algumas nuvens,1020,2,27,sol-com-algumas-nuvens
4139,5137,False,7,BR,Brasil,BA,Acajutiba,NE,False,-11.662,-38.017,False,False,cities,4139,Acajutiba,09/09/2026,Quarta-feira,11:09:00,23,6,NNE,30,73,Sol,1020,1,25,sol
5216,2172,False,7,BR,Brasil,BA,Adustina,NE,False,-10.533,-38.1,False,True,cities,5216,Adustina,09/09/2026,Quarta-feira,10:24:00,21,9,ENE,68,65,Sol com algumas nuvens,1020,2,21,sol-com-algumas-nuvens
5363,2029,False,7,BR,Brasil,BA,Aiquara,NE,False,-14.129,-39.888,False,False,cities,5363,Aiquara,09/09/2026,Quarta-feira,10:24:00,21,4,E,86,84,Sol com muitas nuvens,1021,2r,23,sol-com-muitas-nuvens
6413,884,False,7,BR,Brasil,BA,Alagoinhas,NE,False,-12.136,-38.419,False,False,cities,6413,Alagoinhas,09/09/2026,Quarta-feira,11:09:00,23,9,ENE,71,73,Sol,1020,1,24,sol
6414,885,False,7,BR,Brasil,BA,Alcobaça,NE,True,-17.519,-39.196,False,False,cities,6414,Alcobaça,09/09/2026,Quarta-feira,10:24:00,23,6,E,86,95,Chuvoso,1021,5,27,chuvoso
4214,5238,False,7,BR,Brasil,BA,Almadina,NE,False,-14.705,-39.637,False,False,cities,4214,Almadina,09/09/2026,Quarta-feira,11:09:00,21,8,E,86,88,Sol com muitas nuvens,1021,2r,22,sol-com-muitas-nuvens
7545,2030,False,7,BR,Brasil,BA,Amargosa,NE,False,-13.03,-39.605,False,False,cities,7545,Amargosa,09/09/2026,Quarta-feira,11:09:00,21,6,ENE,78,79,Sol com muitas nuvens,1021,2r,22,sol-com-muitas-nuvens
3046,2642,False,7,BR,Brasil,BA,Amélia Rodrigues,NE,False,-12.392,-38.757,False,False,cities,3046,Amélia Rodrigues,09/09/2026,Quarta-feira,11:09:00,23,8,ENE,73,74,Sol,1020,1,25,sol
6415,886,False,7,BR,Brasil,BA,Anagé,NE,False,-14.612,-41.136,False,False,cities,6415,Anagé,09/09/2026,Quarta-feira,10:24:00,21,10,E,94,61,Sol com muitas nuvens,1021,2r,20,sol-com-muitas-nuvens
3858,4741,False,7,BR,Brasil,BA,Andaraí,NE,False,-12.807,-41.331,False,False,cities,3858,Andaraí,09/09/2026,Quarta-feira,11:09:00,21,5,E,84,75,Sol com muitas nuvens,1022,2r,22,sol-com-muitas-nuvens
3918,4837,False,7,BR,Brasil,BA,Andorinha,NE,False,-10.345,-39.836,False,False,cities,3918,Andorinha,09/09/2026,Quarta-feira,10:24:00,21,16,ENE,63,64,Sol,1021,1,19,sol
3211,3415,False,7,BR,Brasil,BA,Angical,NE,False,-12.007,-44.694,False,False,cities,3211,Angical,09/09/2026,Quarta-feira,11:09:00,24,8,ENE,73,51,Sol,1018,1,23,sol
3236,3474,False,7,BR,Brasil,BA,Angüera,NE,False,-12.1461,-39.2461,False,False,cities,3236,Angüera,09/09/2026,Quarta-feira,10:24:00,23,5,ENE,72,74,Sol,1020,1,25,sol
3965,4886,False,7,BR,Brasil,BA,Antas,NE,False,-10.4,-38.333,False,False,cities,3965,Antas,09/09/2026,Quarta-feira,11:09:00,21,11,ENE,67,69,Sol,1020,1,21,sol
4256,5293,False,7,BR,Brasil,BA,Aporá,NE,False,-11.66,-38.081,False,False,cities,4256,Aporá,09/09/2026,Quarta-feira,10:24:00,23,6,NNE,30,73,Sol,1020,1,25,sol
4140,5138,False,7,BR,Brasil,BA,Apuarema,NE,False,-13.856,-39.744,False,False,cities,4140,Apuarema,09/09/2026,Quarta-feira,11:09:00,20,3,E,83,82,Sol com muitas nuvens,1021,2r,22,sol-com-muitas-nuvens
4257,5294,False,7,BR,Brasil,BA,Aracatu,NE,False,-14.428,-41.462,False,False,cities,4257,Aracatu,09/09/2026,Quarta-feira,10:24:00,21,10,E,97,64,Sol com muitas nuvens,1021,2r,20,sol-com-muitas-nuvens
4604,5747,False,7,BR,Brasil,BA,Aramari,NE,False,-12.082,-38.499,False,False,cities,4604,Aramari,09/09/2026,Quarta-feira,10:24:00,23,9,ENE,71,73,Sol,1020,1,24,sol
4605,5748,False,7,BR,Brasil,BA,Arataca,NE,False,-15.263,-39.414,False,False,cities,4605,Arataca,09/09/2026,Quarta-feira,11:09:00,21,9,E,86,92,Sol com muitas nuvens,1021,2r,23,sol-com-muitas-nuvens
4910,7680,False,7,BR,Brasil,BA,Aratu,NE,False,-12.7917,-38.4875,False,False,cities,4910,Aratu,09/09/2026,Quarta-feira,10:24:00,25,14,ENE,76,79,Sol com algumas nuvens,1020,2,27,sol-com-algumas-nuvens
4606,5749,False,7,BR,Brasil,BA,Aratuípe,NE,False,-13.079,-39.002,False,False,cities,4606,Aratuípe,09/09/2026,Quarta-feira,10:24:00,24,10,ENE,78,80,Sol com algumas nuvens,1020,2,27,sol-com-algumas-nuvens
3176,3152,False,7,BR,Brasil,BA,Araçás,NE,False,-12.211,-38.203,False,False,cities,3176,Araçás,09/09/2026,Quarta-feira,10:24:00,24,12,ENE,72,71,Sol,1020,1,25,sol
7547,887,False,7,BR,Brasil,BA,Barra,NE,False,-11.089,-43.142,False,False,cities,7547,Barra,09/09/2026,Quarta-feira,11:09:00,24,9,ENE,64,52,Sol,1018,1,23,sol
6416,888,False,7,BR,Brasil,BA,Barra do Mendes,NE,False,-11.81,-42.059,False,False,cities,6416,Barra do Mendes,09/09/2026,Quarta-feira,11:09:00,19,20,ENE,70,59,Sol,1022,1,15,sol
7548,42,False,7,BR,Brasil,BA,Barreiras,NE,False,-12.153,-44.99,False,True,cities,7548,Barreiras,09/09/2026,Quarta-feira,10:24:00,23,9,ENE,74,48,Sol,1018,1,22,sol
4607,5750,False,7,BR,Brasil,BA,Barro Preto,NE,False,-14.81,-39.471,False,False,cities,4607,Barro Preto,09/09/2026,Quarta-feira,11:09:00,21,9,E,85,91,Sol com muitas nuvens,1021,2r,23,sol-com-muitas-nuvens
6031,6573,False,7,BR,Brasil,BA,Barro Vermelho,NE,False,-9.434,-39.779,False,False,cities,6031,Barro Vermelho,09/09/2026,Quarta-feira,11:09:00,22,15,ENE,60,62,Sol,1020,1,20,sol
3966,4887,False,7,BR,Brasil,BA,Biritinga,NE,False,-11.617,-38.8,False,False,cities,3966,Biritinga,09/09/2026,Quarta-feira,10:24:00,22,7,ENE,69,73,Sol,1021,1,23,sol
6417,889,False,7,BR,Brasil,BA,Boa Nova,NE,False,-14.362,-40.208,False,False,cities,6417,Boa Nova,09/09/2026,Quarta-feira,10:24:00,19,6,E,90,75,Sol com muitas nuvens,1022,2r,19,sol-com-muitas-nuvens
7549,43,False,7,BR,Brasil,BA,Bom Jesus da Lapa,NE,False,-13.255,-43.418,False,True,cities,7549,Bom Jesus da Lapa,09/09/2026,Quarta-feira,11:09:00,25,9,E,90,57,Sol,1019,1,25,sol
4608,5751,False,7,BR,Brasil,BA,Boninal,NE,False,-12.702,-41.828,False,False,cities,4608,Boninal,09/09/2026,Quarta-feira,10:24:00,18,13,E,90,56,Sol,1022,1,15,sol
4609,5752,False,7,BR,Brasil,BA,Caetanos,NE,False,-14.338,-40.909,False,False,cities,4609,Caetanos,09/09/2026,Quarta-feira,11:09:00,22,8,E,93,67,Sol com muitas nuvens,1021,2r,23,sol-com-muitas-nuvens
6819,44,False,7,BR,Brasil,BA,Caetité,NE,False,-14.069,-42.475,False,False,cities,6819,Caetité,09/09/2026,Quarta-feira,10:24:00,20,21,ESE,102,62,Sol com algumas nuvens,1021,2,17,sol-com-algumas-nuvens
4610,5753,False,7,BR,Brasil,BA,Cafarnaum,NE,False,-11.694,-41.468,False,False,cities,4610,Cafarnaum,09/09/2026,Quarta-feira,11:09:00,19,15,ENE,68,60,Sol com muitas nuvens,1022,2r,16,sol-com-muitas-nuvens
9144,6793,False,7,BR,Brasil,BA,Caldas do Jorro,NE,False,-12.380078,-38.416271,False,False,cities,9144,Caldas do Jorro,09/09/2026,Quarta-feira,11:09:00,24,11,ENE,73,73,Sol,1020,1,25,sol
3188,3361,False,7,BR,Brasil,BA,Camacã,NE,False,-15.419,-39.496,False,False,cities,3188,Camacã,09/09/2026,Quarta-feira,10:24:00,21,8,E,86,93,Sol com algumas nuvens,1021,2,23,sol-com-algumas-nuvens
3189,3362,False,7,BR,Brasil,BA,Camamu,NE,False,-13.945,-39.104,False,False,cities,3189,Camamu,09/09/2026,Quarta-feira,10:24:00,24,9,E,81,88,Sol com muitas nuvens,1020,2r,26,sol-com-muitas-nuvens
6820,45,False,7,BR,Brasil,BA,Canavieiras,NE,True,-15.675,-38.947,False,False,cities,6820,Canavieiras,09/09/2026,Quarta-feira,10:24:00,23,10,E,84,92,Sol com muitas nuvens,1021,2r,26,sol-com-muitas-nuvens
4611,5754,False,7,BR,Brasil,BA,Canápolis,NE,False,-13.07,-44.202,False,False,cities,4611,Canápolis,09/09/2026,Quarta-feira,10:24:00,23,9,E,87,54,Sol,1019,1,23,sol
3387,4143,False,7,BR,Brasil,BA,Caraíva,NE,False,-16.808,-39.148,False,False,cities,3387,Caraíva,09/09/2026,Quarta-feira,10:24:00,23,7,E,84,95,Sol com muitas nuvens,1021,2r,27,sol-com-muitas-nuvens
4612,5755,False,7,BR,Brasil,BA,Cardeal da Silva,NE,False,-11.942,-37.949,False,False,cities,4612,Cardeal da Silva,09/09/2026,Quarta-feira,11:09:00,24,10,ENE,71,71,Sol,1020,1,25,sol
6821,47,False,7,BR,Brasil,BA,Carinhanha,NE,False,-14.305,-43.765,False,False,cities,6821,Carinhanha,09/09/2026,Quarta-feira,10:24:00,24,15,E,98,58,Sol com algumas nuvens,1019,2,23,sol-com-algumas-nuvens
7862,6901,False,7,BR,Brasil,BA,Carnaíba,NE,False,-10.567,-38.917,False,False,cities,7862,Carnaíba,09/09/2026,Quarta-feira,10:24:00,21,8,ENE,66,72,Sol,1020,1,22,sol
7863,6833,False,7,BR,Brasil,BA,Carnaíba do Sertão,NE,False,-9.591,-40.427,False,False,cities,7863,Carnaíba do Sertão,09/09/2026,Quarta-feira,10:24:00,22,15,ENE,57,62,Sol,1020,1,20,sol
6418,895,False,7,BR,Brasil,BA,Casa Nova,NE,False,-9.162,-41.05,False,False,cities,6418,Casa Nova,09/09/2026,Quarta-feira,10:24:00,22,20,NE,52,62,Sol,1020,1,19,sol
6238,6834,False,7,BR,Brasil,BA,Cascavel,NE,False,-13.15,-41.4,False,False,cities,6238,Cascavel,09/09/2026,Quarta-feira,11:09:00,18,7,E,90,58,Sol com algumas nuvens,1023,2,17,sol-com-algumas-nuvens
6419,896,False,7,BR,Brasil,BA,Castro Alves,NE,False,-12.766,-39.428,False,False,cities,6419,Castro Alves,09/09/2026,Quarta-feira,10:24:00,22,5,ENE,76,79,Sol com algumas nuvens,1021,2,25,sol-com-algumas-nuvens
6325,6950,False,7,BR,Brasil,BA,Catingal,NE,False,-14.049,-40.564,False,False,cities,6325,Catingal,09/09/2026,Quarta-feira,11:09:00,22,7,E,90,73,Sol com muitas nuvens,1021,2r,23,sol-com-muitas-nuvens
4613,5756,False,7,BR,Brasil,BA,Catolândia,NE,False,-12.318,-44.861,False,True,cities,4613,Catolândia,09/09/2026,Quarta-feira,10:24:00,23,13,ENE,77,51,Sol,1018,1,21,sol
6420,897,False,7,BR,Brasil,BA,Catu,NE,False,-12.353,-38.379,False,False,cities,6420,Catu,09/09/2026,Quarta-feira,10:24:00,24,12,ENE,73,72,Sol,1020,1,25,sol
4009,4964,False,7,BR,Brasil,BA,Caturama,NE,False,-13.329,-42.291,False,False,cities,4009,Caturama,09/09/2026,Quarta-feira,10:24:00,22,11,E,99,58,Sol,1020,1,21,sol
4614,5757,False,7,BR,Brasil,BA,Caém,NE,False,-11.091,-40.435,False,False,cities,4614,Caém,09/09/2026,Quarta-feira,10:24:00,21,12,ENE,66,62,Sol,1021,1,19,sol
6421,898,False,7,BR,Brasil,BA,Central,NE,False,-11.136,-42.113,False,False,cities,6421,Central,09/09/2026,Quarta-feira,10:24:00,20,20,ENE,59,55,Sol,1020,1,17,sol
4615,5758,False,7,BR,Brasil,BA,Chorrochó,NE,False,-8.98,-39.096,False,False,cities,4615,Chorrochó,09/09/2026,Quarta-feira,10:24:00,22,10,ENE,63,63,Sol com muitas nuvens,1019,2r,22,sol-com-muitas-nuvens
6822,48,False,7,BR,Brasil,BA,Cipó,NE,False,-11.1,-38.514,False,False,cities,6822,Cipó,09/09/2026,Quarta-feira,11:09:00,23,5,ENE,68,72,Sol,1020,1,25,sol
3230,3463,False,7,BR,Brasil,BA,Coaraci,NE,False,-14.641,-39.551,False,False,cities,3230,Coaraci,09/09/2026,Quarta-feira,10:24:00,21,8,E,85,86,Sol com muitas nuvens,1021,2r,22,sol-com-muitas-nuvens
3998,4938,False,7,BR,Brasil,BA,Cocos,NE,False,-14.184,-44.534,False,False,cities,3998,Cocos,09/09/2026,Quarta-feira,10:24:00,23,14,E,90,56,Sol com muitas nuvens,1019,2r,21,sol-com-muitas-nuvens
4149,5147,False,7,BR,Brasil,BA,Conceição da Feira,NE,False,-12.506,-38.999,False,False,cities,4149,Conceição da Feira,09/09/2026,Quarta-feira,10:24:00,23,5,ENE,74,78,Sol,1020,1,26,sol
4150,5148,False,7,BR,Brasil,BA,Conceição do Almeida,NE,False,-12.779,-39.17,False,False,cities,4150,Conceição do Almeida,09/09/2026,Quarta-feira,10:24:00,23,4,ENE,76,80,Sol,1020,1,25,sol
3117,2659,False,7,BR,Brasil,BA,Conceição do Coité,NE,False,-11.564,-39.283,False,False,cities,3117,Conceição do Coité,09/09/2026,Quarta-feira,10:24:00,22,7,ENE,69,67,Sol,1021,1,22,sol
4151,5149,False,7,BR,Brasil,BA,Conceição do Jacuípe,NE,False,-12.317,-38.767,False,False,cities,4151,Conceição do Jacuípe,09/09/2026,Quarta-feira,11:09:00,23,7,ENE,73,75,Sol,1020,1,25,sol
7550,5759,False,7,BR,Brasil,BA,Conde,NE,True,-11.814,-37.611,False,False,cities,7550,Conde,09/09/2026,Quarta-feira,11:09:00,26,15,ENE,71,71,Sol,1020,1,27,sol
6422,899,False,7,BR,Brasil,BA,Condeúba,NE,False,-14.895,-41.969,False,False,cities,6422,Condeúba,09/09/2026,Quarta-feira,10:24:00,21,13,E,98,68,Sol com muitas nuvens,1022,2r,20,sol-com-muitas-nuvens
4215,5239,False,7,BR,Brasil,BA,Contendas do Sincorá,NE,False,-13.763,-41.041,False,False,cities,4215,Contendas do Sincorá,09/09/2026,Quarta-feira,11:09:00,22,2,E,90,72,Sol com algumas nuvens,1021,2,24,sol-com-algumas-nuvens
4428,5501,False,7,BR,Brasil,BA,Coração de Maria,NE,False,-12.233,-38.75,False,False,cities,4428,Coração de Maria,09/09/2026,Quarta-feira,10:24:00,23,8,ENE,72,74,Sol,1020,1,25,sol
4090,5050,False,7,BR,Brasil,BA,Cordeiros,NE,False,-15.039,-41.935,False,False,cities,4090,Cordeiros,09/09/2026,Quarta-feira,11:09:00,20,12,E,98,67,Sol com muitas nuvens,1022,2r,19,sol-com-muitas-nuvens
4055,5011,False,7,BR,Brasil,BA,Coribe,NE,False,-13.829,-44.454,False,False,cities,4055,Coribe,09/09/2026,Quarta-feira,10:24:00,22,12,E,90,59,Sol com muitas nuvens,1020,2r,21,sol-com-muitas-nuvens
4618,5760,False,7,BR,Brasil,BA,Coronel João Sá,NE,False,-10.284,-37.926,False,True,cities,4618,Coronel João Sá,09/09/2026,Quarta-feira,10:24:00,23,10,ENE,68,69,Sol,1020,1,23,sol
7551,900,False,7,BR,Brasil,BA,Correntina,NE,False,-13.343,-44.637,False,True,cities,7551,Correntina,09/09/2026,Quarta-feira,11:09:00,23,7,ENE,61,57,Sol com muitas nuvens,1018,2r,23,sol-com-muitas-nuvens
3969,4890,False,7,BR,Brasil,BA,Costa do Sauípe,NE,False,-12.32,-37.883,True,False,cities,3969,Costa do Sauípe,09/09/2026,Quarta-feira,10:24:00,26,17,ENE,73,73,Sol,1020,1,27,sol
4152,5150,False,7,BR,Brasil,BA,Cotegipe,NE,False,-12.028,-44.258,False,False,cities,4152,Cotegipe,09/09/2026,Quarta-feira,10:24:00,23,9,ENE,75,51,Sol,1018,1,22,sol
4429,5502,False,7,BR,Brasil,BA,Cravolândia,NE,False,-13.359,-39.815,False,False,cities,4429,Cravolândia,09/09/2026,Quarta-feira,11:09:00,19,11,E,81,71,Sol com muitas nuvens,1022,2r,18,sol-com-muitas-nuvens
4619,5761,False,7,BR,Brasil,BA,Cristópolis,NE,False,-12.234,-44.421,False,False,cities,4619,Cristópolis,09/09/2026,Quarta-feira,11:09:00,22,14,ENE,77,52,Sol,1019,1,20,sol
4153,5151,False,7,BR,Brasil,BA,Crisópolis,NE,False,-11.511,-38.15,False,False,cities,4153,Crisópolis,09/09/2026,Quarta-feira,10:24:00,23,7,ENE,70,72,Sol,1020,1,25,sol
7552,901,False,7,BR,Brasil,BA,Cruz das Almas,NE,False,-12.67,-39.102,False,False,cities,7552,Cruz das Almas,09/09/2026,Quarta-feira,11:09:00,23,5,ENE,76,79,Sol,1020,1,26,sol
6187,6761,False,7,BR,Brasil,BA,Cumuruxatiba,NE,False,-17.111,-39.21,False,False,cities,6187,Cumuruxatiba,09/09/2026,Quarta-feira,10:24:00,24,6,E,85,93,Chuvoso,1021,5,27,chuvoso
4512,5619,False,7,BR,Brasil,BA,Cândido Sales,NE,False,-15.505,-41.239,False,False,cities,4512,Cândido Sales,09/09/2026,Quarta-feira,10:24:00,21,8,E,94,70,Sol com muitas nuvens,1022,2r,22,sol-com-muitas-nuvens
6423,902,False,7,BR,Brasil,BA,Cícero Dantas,NE,False,-10.6,-38.383,False,False,cities,6423,Cícero Dantas,09/09/2026,Quarta-feira,11:09:00,21,8,ENE,68,72,Sol com algumas nuvens,1020,2,22,sol-com-algumas-nuvens
4056,5012,False,7,BR,Brasil,BA,Dias d'Ávila,NE,True,-12.612,-38.297,False,False,cities,4056,Dias d'Ávila,09/09/2026,Quarta-feira,10:24:00,25,14,ENE,75,76,Sol,1020,1,26,sol
4091,5051,False,7,BR,Brasil,BA,Dom Basílio,NE,False,-13.76,-41.771,False,False,cities,4091,Dom Basílio,09/09/2026,Quarta-feira,11:09:00,22,9,E,99,61,Sol,1021,1,22,sol
4154,5152,False,7,BR,Brasil,BA,Dom Macedo Costa,NE,False,-12.905,-39.192,False,False,cities,4154,Dom Macedo Costa,09/09/2026,Quarta-feira,11:09:00,23,5,ENE,77,81,Sol com algumas nuvens,1020,2,25,sol-com-algumas-nuvens
3999,4939,False,7,BR,Brasil,BA,Dário Meira,NE,False,-14.436,-39.908,False,False,cities,3999,Dário Meira,09/09/2026,Quarta-feira,11:09:00,20,6,E,87,82,Sol com muitas nuvens,1021,2r,22,sol-com-muitas-nuvens
7865,3069,False,7,BR,Brasil,BA,Elísio Medrado,NE,False,-12.946,-39.522,False,False,cities,7865,Elísio Medrado,09/09/2026,Quarta-feira,10:24:00,21,6,ENE,78,79,Sol com algumas nuvens,1021,2,22,sol-com-algumas-nuvens
7866,903,False,7,BR,Brasil,BA,Encruzilhada,NE,False,-15.531,-40.909,False,False,cities,7866,Encruzilhada,09/09/2026,Quarta-feira,10:24:00,20,7,E,90,73,Sol com muitas nuvens,1022,2r,21,sol-com-muitas-nuvens
6326,6951,False,7,BR,Brasil,BA,Engenheiro Pontes,NE,False,-13.124,-39.436,False,False,cities,6326,Engenheiro Pontes,09/09/2026,Quarta-feira,10:24:00,22,6,ENE,79,85,Sol com muitas nuvens,1021,2r,24,sol-com-muitas-nuvens
7867,3153,False,7,BR,Brasil,BA,Entre Rios,NE,True,-11.942,-38.084,False,False,cities,7867,Entre Rios,09/09/2026,Quarta-feira,10:24:00,24,10,ENE,71,73,Sol,1020,1,25,sol
7869,3154,False,7,BR,Brasil,BA,Esplanada,NE,True,-11.796,-37.945,False,False,cities,7869,Esplanada,09/09/2026,Quarta-feira,11:09:00,24,7,ENE,71,74,Sol,1020,1,26,sol
7553,904,False,7,BR,Brasil,BA,Euclides da Cunha,NE,False,-10.508,-39.016,False,True,cities,7553,Euclides da Cunha,09/09/2026,Quarta-feira,10:24:00,20,12,ENE,66,66,Sol,1020,1,19,sol
3223,3449,False,7,BR,Brasil,BA,Eunápolis,NE,False,-16.378,-39.58,False,False,cities,3223,Eunápolis,09/09/2026,Quarta-feira,10:24:00,22,6,E,85,93,Sol com muitas nuvens,1021,2r,24,sol-com-muitas-nuvens
4259,5296,False,7,BR,Brasil,BA,Feira da Mata,NE,False,-14.213,-44.281,False,False,cities,4259,Feira da Mata,09/09/2026,Quarta-feira,10:24:00,24,14,E,94,59,Sol com muitas nuvens,1019,2r,23,sol-com-muitas-nuvens
7554,714,False,7,BR,Brasil,BA,Feira de Santana,NE,False,-12.267,-38.967,False,True,cities,7554,Feira de Santana,09/09/2026,Quarta-feira,10:24:00,23,6,W,270,75,Sol,1020,1,25,sol
3200,3389,False,7,BR,Brasil,BA,Filadélfia,NE,False,-10.743,-40.132,False,False,cities,3200,Filadélfia,09/09/2026,Quarta-feira,11:09:00,21,12,ENE,64,67,Sol,1021,1,21,sol
3231,3464,False,7,BR,Brasil,BA,Firmino Alves,NE,False,-14.985,-39.924,False,False,cities,3231,Firmino Alves,09/09/2026,Quarta-feira,10:24:00,21,7,E,88,86,Sol com muitas nuvens,1021,2r,22,sol-com-muitas-nuvens
4092,5052,False,7,BR,Brasil,BA,Floresta Azul,NE,False,-14.86,-39.66,False,False,cities,4092,Floresta Azul,09/09/2026,Quarta-feira,10:24:00,21,8,E,86,93,Sol com muitas nuvens,1021,2r,23,sol-com-muitas-nuvens
5490,1533,False,7,BR,Brasil,BA,Formosa do Rio Preto,NE,False,-11.048,-45.193,False,False,cities,5490,Formosa do Rio Preto,09/09/2026,Quarta-feira,11:09:00,23,10,ENE,65,43,Sol,1018,1,21,sol
4010,4965,False,7,BR,Brasil,BA,Fátima,NE,False,-10.6,-38.217,False,True,cities,4010,Fátima,09/09/2026,Quarta-feira,10:24:00,21,8,ENE,68,71,Sol com algumas nuvens,1020,2,21,sol-com-algumas-nuvens
7870,3516,False,7,BR,Brasil,BA,Gandu,NE,False,-13.744,-39.487,False,False,cities,7870,Gandu,09/09/2026,Quarta-feira,10:24:00,22,2,E,81,87,Sol com muitas nuvens,1021,2r,25,sol-com-muitas-nuvens
7871,3430,False,7,BR,Brasil,BA,Gavião,NE,False,-11.471,-39.784,False,False,cities,7871,Gavião,09/09/2026,Quarta-feira,11:09:00,23,8,ENE,69,71,Sol,1021,1,24,sol
7872,5240,False,7,BR,Brasil,BA,Gentio do Ouro,NE,False,-11.429,-42.503,False,False,cities,7872,Gentio do Ouro,09/09/2026,Quarta-feira,11:09:00,18,24,ENE,62,55,Sol,1021,1,13,sol
4260,5297,False,7,BR,Brasil,BA,Glória,NE,False,-9.338,-38.255,False,False,cities,4260,Glória,09/09/2026,Quarta-feira,10:24:00,23,13,E,100,75,Sol,1019,1,24,sol
7873,3390,False,7,BR,Brasil,BA,Gongogi,NE,False,-14.322,-39.465,False,False,cities,7873,Gongogi,09/09/2026,Quarta-feira,11:09:00,22,7,E,84,93,Sol e Chuva,1021,4,25,sol-e-chuva
7874,5241,False,7,BR,Brasil,BA,Governador Mangabeira,NE,False,-12.602,-39.043,False,False,cities,7874,Governador Mangabeira,09/09/2026,Quarta-feira,10:24:00,23,5,ENE,76,79,Sol,1020,1,26,sol
4261,5298,False,7,BR,Brasil,BA,Guajeru,NE,False,-14.547,-41.94,False,False,cities,4261,Guajeru,09/09/2026,Quarta-feira,10:24:00,21,12,E,98,64,Sol com muitas nuvens,1021,2r,20,sol-com-muitas-nuvens
7555,906,False,7,BR,Brasil,BA,Guanambi,NE,False,-14.223,-42.781,False,True,cities,7555,Guanambi,09/09/2026,Quarta-feira,10:24:00,23,15,ESE,102,59,Sol com algumas nuvens,1019,2,22,sol-com-algumas-nuvens
7875,907,False,7,BR,Brasil,BA,Guaratinga,NE,False,-16.584,-39.783,False,False,cities,7875,Guaratinga,09/09/2026,Quarta-feira,10:24:00,21,5,E,87,87,Sol com muitas nuvens,1022,2r,23,sol-com-muitas-nuvens
7876,5504,False,7,BR,Brasil,BA,Heliópolis,NE,False,-10.683,-38.286,False,False,cities,7876,Heliópolis,09/09/2026,Quarta-feira,11:09:00,21,8,ENE,68,72,Sol com algumas nuvens,1020,2,22,sol-com-algumas-nuvens
3863,4746,False,7,BR,Brasil,BA,Hidrolândia,NE,False,-11.259,-42.158,False,False,cities,3863,Hidrolândia,09/09/2026,Quarta-feira,11:09:00,20,21,ENE,61,56,Sol,1021,1,16,sol
3152,8520,False,7,BR,Brasil,BA,Humildes,NE,False,-12.3567,-38.8756,False,False,cities,3152,Humildes,09/09/2026,Quarta-feira,10:24:00,23,7,ENE,73,75,Sol,1020,1,25,sol
7877,908,False,7,BR,Brasil,BA,Iaçu,NE,False,-12.767,-40.212,False,True,cities,7877,Iaçu,09/09/2026,Quarta-feira,10:24:00,22,5,ENE,78,79,Sol com muitas nuvens,1021,2r,25,sol-com-muitas-nuvens
3868,4751,False,7,BR,Brasil,BA,Ibiassucê,NE,False,-14.259,-42.257,False,False,cities,3868,Ibiassucê,09/09/2026,Quarta-feira,11:09:00,21,13,E,100,61,Sol com algumas nuvens,1021,2,20,sol-com-algumas-nuvens
7878,909,False,7,BR,Brasil,BA,Ibicaraí,NE,False,-14.865,-39.588,False,False,cities,7878,Ibicaraí,09/09/2026,Quarta-feira,10:24:00,21,9,E,86,93,Sol com muitas nuvens,1021,2r,23,sol-com-muitas-nuvens
7879,3401,False,7,BR,Brasil,BA,Ibicoara,NE,False,-13.411,-41.285,False,False,cities,7879,Ibicoara,09/09/2026,Quarta-feira,10:24:00,17,6,E,90,60,Sol com algumas nuvens,1023,2,15,sol-com-algumas-nuvens
3970,4891,False,7,BR,Brasil,BA,Ibicuí,NE,False,-14.842,-39.987,False,False,cities,3970,Ibicuí,09/09/2026,Quarta-feira,10:24:00,21,7,E,88,87,Sol com muitas nuvens,1021,2r,22,sol-com-muitas-nuvens
7880,910,False,7,BR,Brasil,BA,Ibipeba,NE,False,-11.641,-42.011,False,False,cities,7880,Ibipeba,09/09/2026,Quarta-feira,10:24:00,19,19,ENE,67,58,Sol,1021,1,16,sol
7881,911,False,7,BR,Brasil,BA,Ibipetuba,NE,False,-10.983,-44.533,False,False,cities,7881,Ibipetuba,09/09/2026,Quarta-feira,10:24:00,24,11,ENE,65,46,Sol,1018,1,22,sol
7882,4966,False,7,BR,Brasil,BA,Ibipitanga,NE,False,-12.882,-42.486,False,False,cities,7882,Ibipitanga,09/09/2026,Quarta-feira,11:09:00,23,11,E,95,51,Sol,1020,1,22,sol
3921,4840,False,7,BR,Brasil,BA,Ibiquera,NE,False,-12.651,-40.934,False,False,cities,3921,Ibiquera,09/09/2026,Quarta-feira,11:09:00,19,2,E,80,64,Sol com muitas nuvens,1021,2r,20,sol-com-muitas-nuvens
7883,6808,False,7,BR,Brasil,BA,Ibirajá,NE,False,-17.185,-40.165,False,False,cities,7883,Ibirajá,09/09/2026,Quarta-feira,11:09:00,21,6,E,90,82,Sol com muitas nuvens,1022,2r,22,sol-com-muitas-nuvens
7884,5153,False,7,BR,Brasil,BA,Ibirapitanga,NE,False,-14.164,-39.374,False,False,cities,7884,Ibirapitanga,09/09/2026,Quarta-feira,10:24:00,22,6,E,82,91,Sol e Chuva,1021,4,25,sol-e-chuva
7885,3416,False,7,BR,Brasil,BA,Ibirapuã,NE,False,-17.688,-40.109,False,False,cities,7885,Ibirapuã,09/09/2026,Quarta-feira,10:24:00,22,7,E,90,91,Nublado,1021,3,24,nublado
7886,3517,False,7,BR,Brasil,BA,Ibirataia,NE,False,-14.067,-39.641,False,False,cities,7886,Ibirataia,09/09/2026,Quarta-feira,11:09:00,22,4,E,84,89,Sol e Chuva,1021,4,25,sol-e-chuva
4620,5762,False,7,BR,Brasil,BA,Ibitiara,NE,False,-12.652,-42.218,False,False,cities,4620,Ibitiara,09/09/2026,Quarta-feira,10:24:00,18,18,E,90,50,Sol,1021,1,14,sol
6335,6969,False,7,BR,Brasil,BA,Ibitira,NE,False,-14.205,-42.114,False,False,cities,6335,Ibitira,09/09/2026,Quarta-feira,11:09:00,21,12,E,100,60,Sol,1021,1,20,sol
7887,4967,False,7,BR,Brasil,BA,Ibititá,NE,False,-11.547,-41.977,False,False,cities,7887,Ibititá,09/09/2026,Quarta-feira,10:24:00,19,21,ENE,65,57,Sol,1021,1,16,sol
6284,6902,False,7,BR,Brasil,BA,Ibitupã,NE,False,-14.519,-39.86,False,False,cities,6284,Ibitupã,09/09/2026,Quarta-feira,10:24:00,21,6,E,86,86,Sol com muitas nuvens,1021,2r,23,sol-com-muitas-nuvens
7888,3518,False,7,BR,Brasil,BA,Ibotirama,NE,False,-12.185,-43.221,False,False,cities,7888,Ibotirama,09/09/2026,Quarta-feira,11:09:00,23,5,E,83,51,Sol,1018,1,23,sol
3118,2660,False,7,BR,Brasil,BA,Ichu,NE,False,-11.749,-39.192,False,False,cities,3118,Ichu,09/09/2026,Quarta-feira,10:24:00,22,7,ENE,70,70,Sol,1021,1,23,sol
3190,3363,False,7,BR,Brasil,BA,Igaporã,NE,False,-13.773,-42.714,False,False,cities,3190,Igaporã,09/09/2026,Quarta-feira,11:09:00,21,23,E,100,56,Sol,1020,1,17,sol
4262,5299,False,7,BR,Brasil,BA,Igarité,NE,False,-11.617,-43.381,False,False,cities,4262,Igarité,09/09/2026,Quarta-feira,11:09:00,24,13,ENE,73,50,Sol,1018,1,23,sol
7889,5505,False,7,BR,Brasil,BA,Igrapiúna,NE,True,-13.826,-39.142,False,False,cities,7889,Igrapiúna,09/09/2026,Quarta-feira,10:24:00,22,5,E,81,88,Sol com muitas nuvens,1021,2r,25,sol-com-muitas-nuvens
3971,4892,False,7,BR,Brasil,BA,Iguaí,NE,False,-14.756,-40.089,False,False,cities,3971,Iguaí,09/09/2026,Quarta-feira,10:24:00,20,7,E,90,83,Sol com muitas nuvens,1022,2r,21,sol-com-muitas-nuvens
9140,5620,False,7,BR,Brasil,BA,Ilha de Comandatuba,NE,False,-15.35,-39.025,False,False,cities,9140,Ilha de Comandatuba,09/09/2026,Quarta-feira,10:24:00,22,11,E,84,95,Sol com muitas nuvens,1021,2r,24,sol-com-muitas-nuvens
7556,49,False,7,BR,Brasil,BA,Ilhéus,NE,True,-14.82,-39.049,True,False,cities,7556,Ilhéus,09/09/2026,Quarta-feira,11:09:00,23,13,ENE,70,95,Sol e Chuva,1021,4,25,sol-e-chuva
4539,5657,False,7,BR,Brasil,BA,Ipecaetá,NE,False,-12.3,-39.307,False,False,cities,4539,Ipecaetá,09/09/2026,Quarta-feira,10:24:00,23,5,ENE,73,73,Sol,1021,1,25,sol
3909,4828,False,7,BR,Brasil,BA,Irajuba,NE,False,-13.251,-40.084,False,False,cities,3909,Irajuba,09/09/2026,Quarta-feira,10:24:00,20,13,E,81,72,Sol com muitas nuvens,1022,2r,19,sol-com-muitas-nuvens
4621,5763,False,7,BR,Brasil,BA,Iraquara,NE,False,-12.249,-41.619,False,False,cities,4621,Iraquara,09/09/2026,Quarta-feira,10:24:00,18,12,ENE,78,63,Sol com muitas nuvens,1022,2r,17,sol-com-muitas-nuvens
4622,5764,False,7,BR,Brasil,BA,Irará,NE,False,-12.05,-38.767,False,True,cities,4622,Irará,09/09/2026,Quarta-feira,10:24:00,22,7,ENE,71,70,Sol,1020,1,23,sol
4000,4940,False,7,BR,Brasil,BA,Irundiara,NE,False,-14.787,-42.268,False,False,cities,4000,Irundiara,09/09/2026,Quarta-feira,10:24:00,20,14,E,99,62,Sol com muitas nuvens,1022,2r,18,sol-com-muitas-nuvens
6321,6940,False,7,BR,Brasil,BA,Itabatã,NE,False,-17.817,-40.15,False,False,cities,6321,Itabatã,09/09/2026,Quarta-feira,10:24:00,22,8,E,90,91,Nublado,1021,3,24,nublado
3245,3503,False,7,BR,Brasil,BA,Itabela,NE,False,-16.575,-39.553,False,False,cities,3245,Itabela,09/09/2026,Quarta-feira,10:24:00,22,6,E,86,95,Sol com muitas nuvens,1021,2r,26,sol-com-muitas-nuvens
7557,914,False,7,BR,Brasil,BA,Itaberaba,NE,False,-12.528,-40.307,False,False,cities,7557,Itaberaba,09/09/2026,Quarta-feira,11:09:00,22,4,ENE,76,75,Sol com muitas nuvens,1021,2r,24,sol-com-muitas-nuvens
6523,715,False,7,BR,Brasil,BA,Itabuna,NE,False,-14.786,-39.28,False,False,cities,6523,Itabuna,09/09/2026,Quarta-feira,10:24:00,22,10,E,84,93,Sol com muitas nuvens,1021,2r,24,sol-com-muitas-nuvens
6424,915,False,7,BR,Brasil,BA,Itacaré,NE,True,-14.278,-39.05,False,False,cities,6424,Itacaré,09/09/2026,Quarta-feira,10:24:00,24,10,E,82,93,Sol com muitas nuvens,1021,2r,26,sol-com-muitas-nuvens
4057,5013,False,7,BR,Brasil,BA,Itaeté,NE,False,-12.986,-40.973,False,False,cities,4057,Itaeté,09/09/2026,Quarta-feira,11:09:00,23,2,E,85,70,Sol com algumas nuvens,1021,2,24,sol-com-algumas-nuvens
4001,4941,False,7,BR,Brasil,BA,Itagi,NE,False,-14.163,-40.006,False,False,cities,4001,Itagi,09/09/2026,Quarta-feira,10:24:00,21,4,E,86,84,Sol com muitas nuvens,1021,2r,23,sol-com-muitas-nuvens
3232,3465,False,7,BR,Brasil,BA,Itagibá,NE,False,-14.284,-39.843,False,False,cities,3232,Itagibá,09/09/2026,Quarta-feira,10:24:00,21,4,E,85,86,Sol com muitas nuvens,1021,2r,23,sol-com-muitas-nuvens
3972,4893,False,7,BR,Brasil,BA,Itagimirim,NE,False,-16.087,-39.614,False,False,cities,3972,Itagimirim,09/09/2026,Quarta-feira,10:24:00,21,6,E,85,90,Sol com muitas nuvens,1021,2r,24,sol-com-muitas-nuvens
4157,5155,False,7,BR,Brasil,BA,Itaguaçu da Bahia,NE,False,-11.012,-42.399,False,False,cities,4157,Itaguaçu da Bahia,09/09/2026,Quarta-feira,10:24:00,21,27,ENE,58,58,Sol,1020,1,17,sol
3224,3451,False,7,BR,Brasil,BA,Itaju do Colônia,NE,False,-15.143,-39.724,False,False,cities,3224,Itaju do Colônia,09/09/2026,Quarta-feira,10:24:00,22,8,E,87,92,Sol com muitas nuvens,1021,2r,24,sol-com-muitas-nuvens
5395,2095,False,7,BR,Brasil,BA,Itamaraju,NE,False,-17.039,-39.531,False,False,cities,5395,Itamaraju,09/09/2026,Quarta-feira,10:24:00,22,6,E,87,94,Chuvoso,1021,5,25,chuvoso
4158,5156,False,7,BR,Brasil,BA,Itamari,NE,False,-13.778,-39.684,False,False,cities,4158,Itamari,09/09/2026,Quarta-feira,11:09:00,21,4,E,82,86,Sol com algumas nuvens,1021,2,23,sol-com-algumas-nuvens
3973,4894,False,7,BR,Brasil,BA,Itambé,NE,False,-15.245,-40.624,False,False,cities,3973,Itambé,09/09/2026,Quarta-feira,11:09:00,21,7,E,90,86,Sol com muitas nuvens,1022,2r,22,sol-com-muitas-nuvens
4430,5507,False,7,BR,Brasil,BA,Itamotinga,NE,False,-9.094,-40.099,False,False,cities,4430,Itamotinga,09/09/2026,Quarta-feira,11:09:00,22,14,ENE,58,63,Sol,1020,1,21,sol
4093,5053,False,7,BR,Brasil,BA,Itanagra,NE,False,-12.263,-38.042,False,False,cities,4093,Itanagra,09/09/2026,Quarta-feira,10:24:00,25,13,ENE,72,72,Sol,1020,1,26,sol
3974,4895,False,7,BR,Brasil,BA,Itanhém,NE,False,-17.166,-40.33,False,False,cities,3974,Itanhém,09/09/2026,Quarta-feira,10:24:00,22,6,E,90,87,Sol com muitas nuvens,1022,2r,24,sol-com-muitas-nuvens
6524,716,False,7,BR,Brasil,BA,Itaparica,NE,True,-12.9,-38.68,True,False,cities,6524,Itaparica,09/09/2026,Quarta-feira,10:24:00,25,11,ENE,77,82,Sol com muitas nuvens,1020,2r,28,sol-com-muitas-nuvens
4159,5157,False,7,BR,Brasil,BA,Itapebi,NE,False,-15.951,-39.534,False,False,cities,4159,Itapebi,09/09/2026,Quarta-feira,10:24:00,21,6,E,86,88,Sol com muitas nuvens,1021,2r,23,sol-com-muitas-nuvens
6425,918,False,7,BR,Brasil,BA,Itapetinga,NE,False,-15.249,-40.248,False,False,cities,6425,Itapetinga,09/09/2026,Quarta-feira,11:09:00,21,7,E,90,86,Sol com muitas nuvens,1021,2r,23,sol-com-muitas-nuvens
5365,2031,False,7,BR,Brasil,BA,Itapitanga,NE,False,-14.423,-39.565,False,False,cities,5365,Itapitanga,09/09/2026,Quarta-feira,11:09:00,22,6,E,84,91,Sol e Chuva,1021,4,24,sol-e-chuva
4540,5658,False,7,BR,Brasil,BA,Itaquara,NE,False,-13.451,-39.941,False,False,cities,4540,Itaquara,09/09/2026,Quarta-feira,11:09:00,18,12,E,82,68,Sol com muitas nuvens,1022,2r,17,sol-com-muitas-nuvens
3859,4742,False,7,BR,Brasil,BA,Itarantim,NE,False,-15.66,-40.066,False,False,cities,3859,Itarantim,09/09/2026,Quarta-feira,11:09:00,22,6,E,90,85,Sol com muitas nuvens,1021,2r,24,sol-com-muitas-nuvens
3201,3391,False,7,BR,Brasil,BA,Itatim,NE,False,-12.712,-39.698,False,False,cities,3201,Itatim,09/09/2026,Quarta-feira,10:24:00,21,5,ENE,77,73,Sol,1021,1,22,sol
7558,919,False,7,BR,Brasil,BA,Itiruçu,NE,False,-13.532,-40.15,False,False,cities,7558,Itiruçu,09/09/2026,Quarta-feira,10:24:00,18,11,E,84,65,Sol com muitas nuvens,1022,2r,17,sol-com-muitas-nuvens
6426,920,False,7,BR,Brasil,BA,Itiúba,NE,False,-10.692,-39.854,False,False,cities,6426,Itiúba,09/09/2026,Quarta-feira,10:24:00,20,11,ENE,65,61,Sol,1021,1,18,sol
3883,4780,False,7,BR,Brasil,BA,Ituaçu,NE,False,-13.813,-41.297,False,False,cities,3883,Ituaçu,09/09/2026,Quarta-feira,11:09:00,21,7,E,95,66,Sol,1022,1,21,sol
4160,5158,False,7,BR,Brasil,BA,Ituberá,NE,True,-13.732,-39.149,False,False,cities,4160,Ituberá,09/09/2026,Quarta-feira,10:24:00,23,1,E,80,89,Sol com muitas nuvens,1021,2r,27,sol-com-muitas-nuvens
3132,2716,False,7,BR,Brasil,BA,Jaborandi,NE,False,-13.619,-44.433,False,True,cities,3132,Jaborandi,09/09/2026,Quarta-feira,10:24:00,23,9,E,90,58,Sol com muitas nuvens,1019,2r,22,sol-com-muitas-nuvens
4013,4968,False,7,BR,Brasil,BA,Jaguaquara,NE,False,-13.531,-39.971,False,False,cities,4013,Jaguaquara,09/09/2026,Quarta-feira,10:24:00,18,12,E,82,68,Sol com muitas nuvens,1022,2r,17,sol-com-muitas-nuvens
6427,921,False,7,BR,Brasil,BA,Jaguarari,NE,False,-10.264,-40.196,False,False,cities,6427,Jaguarari,09/09/2026,Quarta-feira,11:09:00,18,16,ENE,61,61,Sol,1021,1,16,sol
4431,5508,False,7,BR,Brasil,BA,Jaguaripe,NE,True,-13.113,-38.896,False,False,cities,4431,Jaguaripe,09/09/2026,Quarta-feira,10:24:00,24,10,ENE,78,80,Sol com algumas nuvens,1020,2,27,sol-com-algumas-nuvens
4311,5348,False,7,BR,Brasil,BA,Jandaíra,NE,True,-11.564,-37.784,False,False,cities,4311,Jandaíra,09/09/2026,Quarta-feira,10:24:00,24,7,ENE,71,72,Sol,1020,1,26,sol
6428,922,False,7,BR,Brasil,BA,Jequié,NE,False,-13.857,-40.084,False,True,cities,6428,Jequié,09/09/2026,Quarta-feira,10:24:00,21,5,E,85,87,Sol com muitas nuvens,1021,2r,23,sol-com-muitas-nuvens
4014,4969,False,7,BR,Brasil,BA,Jeremoabo,NE,False,-10.075,-38.481,False,True,cities,4014,Jeremoabo,09/09/2026,Quarta-feira,11:09:00,21,14,ENE,67,74,Sol,1020,1,20,sol
4623,5765,False,7,BR,Brasil,BA,Jiquiriça,NE,False,-13.257,-39.572,False,False,cities,4623,Jiquiriça,09/09/2026,Quarta-feira,11:09:00,21,7,E,79,85,Sol com algumas nuvens,1021,2,23,sol-com-algumas-nuvens
4216,5242,False,7,BR,Brasil,BA,Jitaúna,NE,False,-14.019,-39.889,False,False,cities,4216,Jitaúna,09/09/2026,Quarta-feira,10:24:00,21,4,E,85,88,Sol com muitas nuvens,1021,2r,23,sol-com-muitas-nuvens
6429,923,False,7,BR,Brasil,BA,Juazeiro,NE,False,-9.412,-40.499,False,False,cities,6429,Juazeiro,09/09/2026,Quarta-feira,10:24:00,23,15,ENE,57,64,Sol,1020,1,22,sol
4263,5300,False,7,BR,Brasil,BA,Jucuruçu,NE,False,-16.843,-40.159,False,False,cities,4263,Jucuruçu,09/09/2026,Quarta-feira,10:24:00,21,5,E,90,86,Sol com muitas nuvens,1022,2r,23,sol-com-muitas-nuvens
6327,6952,False,7,BR,Brasil,BA,Juraci,NE,False,-13.227,-40.874,False,False,cities,6327,Juraci,09/09/2026,Quarta-feira,11:09:00,23,3,E,87,65,Sol,1021,1,24,sol
4094,5054,False,7,BR,Brasil,BA,Jussara,NE,False,-11.047,-41.969,False,False,cities,4094,Jussara,09/09/2026,Quarta-feira,11:09:00,21,20,ENE,58,55,Sol,1020,1,18,sol
4624,5766,False,7,BR,Brasil,BA,Jussari,NE,False,-15.191,-39.495,False,False,cities,4624,Jussari,09/09/2026,Quarta-feira,11:09:00,21,9,E,86,92,Sol com muitas nuvens,1021,2r,23,sol-com-muitas-nuvens
4217,5243,False,7,BR,Brasil,BA,Lafaiete Coutinho,NE,False,-13.656,-40.213,False,False,cities,4217,Lafaiete Coutinho,09/09/2026,Quarta-feira,10:24:00,19,8,E,84,68,Sol com muitas nuvens,1022,2r,18,sol-com-muitas-nuvens
4264,5301,False,7,BR,Brasil,BA,Lagoa Real,NE,False,-14.035,-42.142,False,False,cities,4264,Lagoa Real,09/09/2026,Quarta-feira,11:09:00,22,14,E,101,63,Sol,1021,1,20,sol
4625,5767,False,7,BR,Brasil,BA,Laje,NE,False,-13.182,-39.425,False,False,cities,4625,Laje,09/09/2026,Quarta-feira,11:09:00,22,6,ENE,79,85,Sol com algumas nuvens,1021,2,24,sol-com-algumas-nuvens
4058,5014,False,7,BR,Brasil,BA,Lajedinho,NE,False,-12.356,-40.906,False,False,cities,4058,Lajedinho,09/09/2026,Quarta-feira,11:09:00,20,4,ENE,77,69,Sol com muitas nuvens,1022,2r,20,sol-com-muitas-nuvens
4265,5302,False,7,BR,Brasil,BA,Lajedão,NE,False,-17.614,-40.345,False,False,cities,4265,Lajedão,09/09/2026,Quarta-feira,10:24:00,21,8,E,93,86,Sol com muitas nuvens,1021,2r,22,sol-com-muitas-nuvens
4626,5768,False,7,BR,Brasil,BA,Lamarão,NE,False,-11.783,-38.9,False,False,cities,4626,Lamarão,09/09/2026,Quarta-feira,10:24:00,22,7,ENE,70,72,Sol,1021,1,23,sol
3202,3392,False,7,BR,Brasil,BA,Lauro de Freitas,NE,True,-12.894,-38.327,False,False,cities,3202,Lauro de Freitas,09/09/2026,Quarta-feira,10:24:00,26,17,E,80,79,Sol com algumas nuvens,1020,2,27,sol-com-algumas-nuvens
7560,924,False,7,BR,Brasil,BA,Lençóis,NE,False,-12.563,-41.39,False,False,cities,7560,Lençóis,09/09/2026,Quarta-feira,10:24:00,19,7,E,84,68,Sol com muitas nuvens,1022,2r,19,sol-com-muitas-nuvens
3175,3151,False,7,BR,Brasil,BA,Licínio de Almeida,NE,False,-14.682,-42.508,False,False,cities,3175,Licínio de Almeida,09/09/2026,Quarta-feira,10:24:00,21,18,E,100,60,Sol com muitas nuvens,1021,2r,18,sol-com-muitas-nuvens
3185,3347,False,7,BR,Brasil,BA,Livramento de Nossa Senhora,NE,False,-13.633,-41.833,False,False,cities,3185,Livramento de Nossa Senhora,09/09/2026,Quarta-feira,11:09:00,20,9,E,98,59,Sol,1021,1,19,sol
6430,925,False,7,BR,Brasil,BA,Luís Eduardo Magalhães,NE,False,-12.08,-45.78,False,True,cities,6430,Luís Eduardo Magalhães,09/09/2026,Quarta-feira,11:09:00,22,12,SE,140,42,Sol,1019,1,19,sol
6431,926,False,7,BR,Brasil,BA,Macaúbas,NE,False,-13.019,-42.699,False,True,cities,6431,Macaúbas,09/09/2026,Quarta-feira,11:09:00,22,18,E,96,51,Sol,1020,1,19,sol
4627,5770,False,7,BR,Brasil,BA,Macururé,NE,False,-9.167,-39.057,False,False,cities,4627,Macururé,09/09/2026,Quarta-feira,10:24:00,22,12,ENE,63,63,Sol com muitas nuvens,1020,2r,22,sol-com-muitas-nuvens
4161,5160,False,7,BR,Brasil,BA,Maetinga,NE,False,-14.663,-41.492,False,False,cities,4161,Maetinga,09/09/2026,Quarta-feira,10:24:00,21,11,E,96,60,Sol com muitas nuvens,1022,2r,19,sol-com-muitas-nuvens
4213,5234,False,7,BR,Brasil,BA,Maiquinique,NE,False,-15.621,-40.266,False,False,cities,4213,Maiquinique,09/09/2026,Quarta-feira,10:24:00,22,5,E,90,83,Sol com muitas nuvens,1021,2r,24,sol-com-muitas-nuvens
6432,927,False,7,BR,Brasil,BA,Mairi,NE,False,-11.711,-40.149,False,False,cities,6432,Mairi,09/09/2026,Quarta-feira,11:09:00,21,7,ENE,70,64,Sol,1021,1,21,sol
4628,5771,False,7,BR,Brasil,BA,Mansidão,NE,False,-10.716,-44.034,False,False,cities,4628,Mansidão,09/09/2026,Quarta-feira,11:09:00,23,16,ENE,61,49,Sol,1018,1,20,sol
4162,5162,False,7,BR,Brasil,BA,Manuel Vitorino,NE,False,-14.145,-40.242,False,False,cities,4162,Manuel Vitorino,09/09/2026,Quarta-feira,10:24:00,20,7,E,87,76,Sol com muitas nuvens,1022,2r,21,sol-com-muitas-nuvens
6433,928,False,7,BR,Brasil,BA,Maracás,NE,False,-13.441,-40.431,False,False,cities,6433,Maracás,09/09/2026,Quarta-feira,11:09:00,18,9,E,85,59,Sol com muitas nuvens,1022,2r,16,sol-com-muitas-nuvens
5194,2145,False,7,BR,Brasil,BA,Maragogipe,NE,False,-12.778,-38.93,False,False,cities,5194,Maragogipe,09/09/2026,Quarta-feira,11:09:00,24,6,ENE,76,81,Sol,1020,1,27,sol
7562,4144,False,7,BR,Brasil,BA,Maraú,NE,True,-14.103,-39.015,False,False,cities,7562,Maraú,09/09/2026,Quarta-feira,10:24:00,24,10,E,81,89,Sol com muitas nuvens,1020,2r,27,sol-com-muitas-nuvens
4629,5772,False,7,BR,Brasil,BA,Mascote,NE,False,-15.563,-39.302,False,False,cities,4629,Mascote,09/09/2026,Quarta-feira,10:24:00,21,8,E,85,95,Sol com algumas nuvens,1021,2,24,sol-com-algumas-nuvens
4015,4970,False,7,BR,Brasil,BA,Matina,NE,False,-13.909,-42.849,False,False,cities,4015,Matina,09/09/2026,Quarta-feira,11:09:00,22,20,E,100,55,Sol com algumas nuvens,1020,2,19,sol-com-algumas-nuvens
6194,6769,False,7,BR,Brasil,BA,Monte Gordo,NE,False,-12.6,-38.093,False,False,cities,6194,Monte Gordo,09/09/2026,Quarta-feira,11:09:00,26,17,ENE,74,76,Sol,1020,1,27,sol
3173,3140,False,7,BR,Brasil,BA,Morro de São Paulo,NE,False,-13.42,-38.95,True,False,cities,3173,Morro de São Paulo,09/09/2026,Quarta-feira,10:24:00,25,11,ENE,78,82,Sol com muitas nuvens,1020,2r,27,sol-com-muitas-nuvens
6825,52,False,7,BR,Brasil,BA,Morro do Chapéu,NE,False,-11.55,-41.156,False,False,cities,6825,Morro do Chapéu,09/09/2026,Quarta-feira,10:24:00,17,15,ENE,66,54,Sol,1022,1,13,sol
2601,2627,False,7,BR,Brasil,BA,Mortugaba,NE,False,-15.023,-42.368,False,False,cities,2601,Mortugaba,09/09/2026,Quarta-feira,10:24:00,20,13,E,99,66,Sol com muitas nuvens,1022,2r,18,sol-com-muitas-nuvens
3204,3402,False,7,BR,Brasil,BA,Mucugê,NE,False,-13.005,-41.371,False,False,cities,3204,Mucugê,09/09/2026,Quarta-feira,10:24:00,18,5,E,90,60,Sol com muitas nuvens,1022,2r,17,sol-com-muitas-nuvens
4630,5773,False,7,BR,Brasil,BA,Mulungu do Morro,NE,False,-11.966,-41.639,False,False,cities,4630,Mulungu do Morro,09/09/2026,Quarta-feira,11:09:00,18,15,ENE,74,61,Sol com muitas nuvens,1022,2r,16,sol-com-muitas-nuvens
3127,2702,False,7,BR,Brasil,BA,Mundo Novo,NE,False,-11.859,-40.473,False,False,cities,3127,Mundo Novo,09/09/2026,Quarta-feira,11:09:00,20,7,ENE,71,66,Sol com algumas nuvens,1022,2,19,sol-com-algumas-nuvens
4631,5774,False,7,BR,Brasil,BA,Muniz Ferreira,NE,False,-13.003,-39.11,False,False,cities,4631,Muniz Ferreira,09/09/2026,Quarta-feira,10:24:00,23,7,ENE,77,81,Sol com algumas nuvens,1020,2,26,sol-com-algumas-nuvens
6180,6753,False,7,BR,Brasil,BA,Muquem do São Francisco,NE,False,-12.199,-43.833,False,False,cities,6180,Muquem do São Francisco,09/09/2026,Quarta-feira,11:09:00,22,11,E,81,50,Sol,1019,1,20,sol
6434,932,False,7,BR,Brasil,BA,Muritiba,NE,False,-12.626,-38.99,False,False,cities,6434,Muritiba,09/09/2026,Quarta-feira,10:24:00,23,6,ENE,75,78,Sol,1020,1,26,sol
4314,5351,False,7,BR,Brasil,BA,Mutuípe,NE,False,-13.229,-39.505,False,False,cities,4314,Mutuípe,09/09/2026,Quarta-feira,11:09:00,21,7,E,79,83,Sol com algumas nuvens,1021,2,23,sol-com-algumas-nuvens
4165,5165,False,7,BR,Brasil,BA,Nazaré,NE,False,-13.03,-39.0,False,False,cities,4165,Nazaré,09/09/2026,Quarta-feira,10:24:00,23,7,ENE,77,81,Sol com algumas nuvens,1020,2,26,sol-com-algumas-nuvens
4166,5166,False,7,BR,Brasil,BA,Nilo Peçanha,NE,True,-13.599,-39.107,False,False,cities,4166,Nilo Peçanha,09/09/2026,Quarta-feira,11:09:00,24,8,E,79,85,Sol com muitas nuvens,1020,2r,27,sol-com-muitas-nuvens
4432,5509,False,7,BR,Brasil,BA,Nordestina,NE,False,-10.822,-39.427,False,False,cities,4432,Nordestina,09/09/2026,Quarta-feira,10:24:00,22,9,ENE,66,68,Sol,1021,1,22,sol
4167,5167,False,7,BR,Brasil,BA,Nova Canaã,NE,False,-14.794,-40.142,False,False,cities,4167,Nova Canaã,09/09/2026,Quarta-feira,10:24:00,20,7,E,90,81,Sol com muitas nuvens,1022,2r,21,sol-com-muitas-nuvens
3219,3431,False,7,BR,Brasil,BA,Nova Fátima,NE,False,-11.607,-39.632,False,False,cities,3219,Nova Fátima,09/09/2026,Quarta-feira,10:24:00,22,7,ENE,69,66,Sol,1021,1,22,sol
4059,5016,False,7,BR,Brasil,BA,Nova Ibiá,NE,False,-13.81,-39.626,False,False,cities,4059,Nova Ibiá,09/09/2026,Quarta-feira,10:24:00,21,2,E,82,86,Sol com muitas nuvens,1021,2r,24,sol-com-muitas-nuvens
4632,5775,False,7,BR,Brasil,BA,Nova Itarana,NE,False,-13.027,-40.069,False,False,cities,4632,Nova Itarana,09/09/2026,Quarta-feira,11:09:00,20,12,E,80,66,Sol com muitas nuvens,1021,2r,19,sol-com-muitas-nuvens
4060,5017,False,7,BR,Brasil,BA,Nova Redenção,NE,False,-12.819,-41.071,False,False,cities,4060,Nova Redenção,09/09/2026,Quarta-feira,11:09:00,22,3,E,84,67,Sol com algumas nuvens,1021,2,24,sol-com-algumas-nuvens
6435,933,False,7,BR,Brasil,BA,Nova Sento Sé,NE,False,-9.717,-41.267,False,False,cities,6435,Nova Sento Sé,09/09/2026,Quarta-feira,11:09:00,21,19,NE,51,58,Sol,1020,1,18,sol
4168,5168,False,7,BR,Brasil,BA,Nova Soure,NE,False,-11.233,-38.483,False,False,cities,4168,Nova Soure,09/09/2026,Quarta-feira,10:24:00,23,6,ENE,69,71,Sol,1020,1,24,sol
3220,3432,False,7,BR,Brasil,BA,Nova Viçosa,NE,True,-17.892,-39.4,False,False,cities,3220,Nova Viçosa,09/09/2026,Quarta-feira,10:24:00,23,6,E,90,95,Nublado,1021,3,26,nublado
4267,5304,False,7,BR,Brasil,BA,Novo Horizonte,NE,False,-12.808,-42.168,False,False,cities,4267,Novo Horizonte,09/09/2026,Quarta-feira,11:09:00,20,15,E,90,51,Sol,1021,1,16,sol
4433,5510,False,7,BR,Brasil,BA,Novo Triunfo,NE,False,-10.322,-38.408,False,False,cities,4433,Novo Triunfo,09/09/2026,Quarta-feira,10:24:00,20,12,ENE,67,66,Sol,1021,1,19,sol
4016,4971,False,7,BR,Brasil,BA,Olindina,NE,False,-11.367,-38.333,False,False,cities,4016,Olindina,09/09/2026,Quarta-feira,10:24:00,23,7,ENE,69,72,Sol,1020,1,24,sol
3926,4846,False,7,BR,Brasil,BA,Oliveira dos Brejinhos,NE,False,-12.317,-42.896,False,False,cities,3926,Oliveira dos Brejinhos,09/09/2026,Quarta-feira,10:24:00,20,21,E,90,44,Sol,1019,1,15,sol
6207,6784,False,7,BR,Brasil,BA,Olivença,NE,False,-14.948,-39.05,False,False,cities,6207,Olivença,09/09/2026,Quarta-feira,11:09:00,23,13,E,84,95,Sol e Chuva,1021,4,25,sol-e-chuva
4169,5169,False,7,BR,Brasil,BA,Ouriçangas,NE,False,-12.017,-38.617,False,False,cities,4169,Ouriçangas,09/09/2026,Quarta-feira,11:09:00,22,8,ENE,71,70,Sol,1020,1,23,sol
4541,5660,False,7,BR,Brasil,BA,Ourolândia,NE,False,-10.97,-41.083,False,False,cities,4541,Ourolândia,09/09/2026,Quarta-feira,11:09:00,21,15,ENE,62,60,Sol,1021,1,18,sol
3870,4754,False,7,BR,Brasil,BA,Palmas de Monte Alto,NE,False,-14.267,-43.162,False,True,cities,3870,Palmas de Monte Alto,09/09/2026,Quarta-feira,10:24:00,23,15,E,100,58,Sol,1019,1,22,sol
2470,2620,False,7,BR,Brasil,BA,Palmeiras,NE,False,-12.529,-41.559,False,False,cities,2470,Palmeiras,09/09/2026,Quarta-feira,10:24:00,19,10,E,83,64,Sol com muitas nuvens,1022,2r,17,sol-com-muitas-nuvens
4434,5511,False,7,BR,Brasil,BA,Paramirim,NE,False,-13.443,-42.239,False,False,cities,4434,Paramirim,09/09/2026,Quarta-feira,10:24:00,22,14,E,100,59,Sol,1021,1,20,sol
6436,934,False,7,BR,Brasil,BA,Paratinga,NE,False,-12.691,-43.184,False,False,cities,6436,Paratinga,09/09/2026,Quarta-feira,10:24:00,25,13,E,90,52,Sol,1019,1,24,sol
5218,2174,False,7,BR,Brasil,BA,Paripiranga,NE,False,-10.688,-37.862,False,True,cities,5218,Paripiranga,09/09/2026,Quarta-feira,10:24:00,23,10,ENE,69,68,Sol,1020,1,24,sol
4268,5305,False,7,BR,Brasil,BA,Pau Brasil,NE,False,-15.464,-39.651,False,False,cities,4268,Pau Brasil,09/09/2026,Quarta-feira,10:24:00,22,6,E,87,92,Sol com muitas nuvens,1021,2r,24,sol-com-muitas-nuvens
6826,53,False,7,BR,Brasil,BA,Paulo Afonso,NE,False,-9.406,-38.215,False,False,cities,6826,Paulo Afonso,09/09/2026,Quarta-feira,10:24:00,23,13,E,100,75,Sol,1019,1,24,sol
4633,5776,False,7,BR,Brasil,BA,Pedro Alexandre,NE,False,-10.014,-37.894,False,False,cities,4633,Pedro Alexandre,09/09/2026,Quarta-feira,10:24:00,22,12,ENE,68,69,Sol,1020,1,22,sol
4435,5512,False,7,BR,Brasil,BA,Pedrão,NE,False,-12.15,-38.65,False,False,cities,4435,Pedrão,09/09/2026,Quarta-feira,11:09:00,22,7,ENE,71,70,Sol,1020,1,23,sol
3191,3364,False,7,BR,Brasil,BA,Piatã,NE,False,-13.152,-41.773,False,False,cities,3191,Piatã,09/09/2026,Quarta-feira,11:09:00,17,12,E,90,56,Sol com algumas nuvens,1023,2,14,sol-com-algumas-nuvens
6437,935,False,7,BR,Brasil,BA,Pilão Arcado,NE,False,-10.003,-42.504,False,False,cities,6437,Pilão Arcado,09/09/2026,Quarta-feira,11:09:00,23,19,NE,53,54,Sol,1019,1,20,sol
4170,5170,False,7,BR,Brasil,BA,Pindaí,NE,False,-14.492,-42.687,False,False,cities,4170,Pindaí,09/09/2026,Quarta-feira,10:24:00,23,18,ESE,102,61,Sol com algumas nuvens,1020,2,21,sol-com-algumas-nuvens
6438,936,False,7,BR,Brasil,BA,Pindobaçu,NE,False,-10.742,-40.361,False,False,cities,6438,Pindobaçu,09/09/2026,Quarta-feira,10:24:00,20,13,ENE,64,71,Sol,1021,1,19,sol
3910,4829,False,7,BR,Brasil,BA,Pintadas,NE,False,-11.812,-39.909,False,False,cities,3910,Pintadas,09/09/2026,Quarta-feira,11:09:00,22,6,ENE,70,71,Sol,1021,1,23,sol
4269,5306,False,7,BR,Brasil,BA,Piripá,NE,False,-14.94,-41.72,False,False,cities,4269,Piripá,09/09/2026,Quarta-feira,11:09:00,20,11,E,97,64,Sol com muitas nuvens,1022,2r,19,sol-com-muitas-nuvens
2836,2634,False,7,BR,Brasil,BA,Piritiba,NE,False,-11.73,-40.555,False,True,cities,2836,Piritiba,09/09/2026,Quarta-feira,11:09:00,20,9,ENE,70,66,Sol,1022,1,20,sol
3927,4847,False,7,BR,Brasil,BA,Planaltino,NE,False,-13.259,-40.369,False,False,cities,3927,Planaltino,09/09/2026,Quarta-feira,10:24:00,20,10,E,83,71,Sol com muitas nuvens,1022,2r,20,sol-com-muitas-nuvens
3355,4106,False,7,BR,Brasil,BA,Planalto,NE,False,-14.67,-40.471,False,False,cities,3355,Planalto,09/09/2026,Quarta-feira,10:24:00,18,8,E,90,67,Sol com muitas nuvens,1022,2r,17,sol-com-muitas-nuvens
3172,3135,False,7,BR,Brasil,BA,Pojuca,NE,False,-12.431,-38.328,False,False,cities,3172,Pojuca,09/09/2026,Quarta-feira,11:09:00,24,12,ENE,73,72,Sol,1020,1,25,sol
3975,4900,False,7,BR,Brasil,BA,Ponto Novo,NE,False,-10.863,-40.134,False,False,cities,3975,Ponto Novo,09/09/2026,Quarta-feira,10:24:00,22,12,ENE,65,67,Sol,1021,1,21,sol
3174,3141,False,7,BR,Brasil,BA,Porto Sauípe,NE,False,-12.32,-37.883,False,False,cities,3174,Porto Sauípe,09/09/2026,Quarta-feira,10:24:00,26,17,ENE,73,73,Sol,1020,1,27,sol
6827,54,False,7,BR,Brasil,BA,Porto Seguro,NE,True,-16.42,-39.065,True,False,cities,6827,Porto Seguro,09/09/2026,Quarta-feira,10:24:00,23,7,SE,140,95,Sol com muitas nuvens,1021,2r,26,sol-com-muitas-nuvens
4270,5307,False,7,BR,Brasil,BA,Potiraguá,NE,False,-15.595,-39.877,False,False,cities,4270,Potiraguá,09/09/2026,Quarta-feira,10:24:00,22,6,E,87,90,Sol com muitas nuvens,1021,2r,24,sol-com-muitas-nuvens
6439,937,False,7,BR,Brasil,BA,Poções,NE,False,-14.53,-40.365,False,False,cities,6439,Poções,09/09/2026,Quarta-feira,11:09:00,18,7,E,90,68,Sol com muitas nuvens,1022,2r,18,sol-com-muitas-nuvens
3164,3033,False,7,BR,Brasil,BA,Prado,NE,True,-17.341,-39.221,False,False,cities,3164,Prado,09/09/2026,Quarta-feira,10:24:00,23,6,E,85,95,Chuvoso,1021,5,27,chuvoso
6328,6953,False,7,BR,Brasil,BA,Praia do Forte,NE,False,-12.5,-37.983,False,False,cities,6328,Praia do Forte,09/09/2026,Quarta-feira,10:24:00,26,17,ENE,73,74,Sol,1020,1,26,sol
4017,4972,False,7,BR,Brasil,BA,Presidente Dutra,NE,False,-11.296,-41.987,False,False,cities,4017,Presidente Dutra,09/09/2026,Quarta-feira,10:24:00,20,22,ENE,60,57,Sol,1021,1,16,sol
3205,3403,False,7,BR,Brasil,BA,Pé de Serra,NE,False,-11.834,-39.613,False,False,cities,3205,Pé de Serra,09/09/2026,Quarta-feira,10:24:00,22,6,ENE,71,68,Sol,1021,1,23,sol
6440,938,False,7,BR,Brasil,BA,Queimadas,NE,False,-10.978,-39.626,False,False,cities,6440,Queimadas,09/09/2026,Quarta-feira,10:24:00,22,9,ENE,66,67,Sol,1021,1,23,sol
4095,5055,False,7,BR,Brasil,BA,Rafael Jambeiro,NE,False,-12.408,-39.501,False,False,cities,4095,Rafael Jambeiro,09/09/2026,Quarta-feira,10:24:00,23,4,ENE,74,74,Sol,1021,1,25,sol
7563,55,False,7,BR,Brasil,BA,Remanso,NE,False,-9.6,-42.081,False,True,cities,7563,Remanso,09/09/2026,Quarta-feira,11:09:00,23,24,NE,49,57,Sol,1019,1,20,sol
6441,939,False,7,BR,Brasil,BA,Riacho de Santana,NE,False,-13.609,-42.939,False,True,cities,6441,Riacho de Santana,09/09/2026,Quarta-feira,11:09:00,23,12,E,99,55,Sol,1020,1,21,sol
3206,3404,False,7,BR,Brasil,BA,Riachão do Jacuípe,NE,False,-11.807,-39.386,False,False,cities,3206,Riachão do Jacuípe,09/09/2026,Quarta-feira,11:09:00,23,7,ENE,70,70,Sol,1021,1,24,sol
4634,5777,False,7,BR,Brasil,BA,Ribeira do Amparo,NE,False,-11.047,-38.433,False,False,cities,4634,Ribeira do Amparo,09/09/2026,Quarta-feira,10:24:00,23,5,ENE,68,74,Sol com algumas nuvens,1020,2,25,sol-com-algumas-nuvens
6442,940,False,7,BR,Brasil,BA,Ribeira do Pombal,NE,False,-10.834,-38.536,False,False,cities,6442,Ribeira do Pombal,09/09/2026,Quarta-feira,10:24:00,22,6,ENE,68,73,Sol,1020,1,24,sol
4172,5172,False,7,BR,Brasil,BA,Ribeirão do Largo,NE,False,-15.459,-40.741,False,False,cities,4172,Ribeirão do Largo,09/09/2026,Quarta-feira,10:24:00,19,7,E,90,75,Sol com muitas nuvens,1022,2r,19,sol-com-muitas-nuvens
3976,4901,False,7,BR,Brasil,BA,Rio Antônio,NE,False,-14.383,-42.083,False,False,cities,3976,Rio Antônio,09/09/2026,Quarta-feira,11:09:00,21,12,E,99,64,Sol com algumas nuvens,1021,2,20,sol-com-algumas-nuvens
3207,3405,False,7,BR,Brasil,BA,Rio Real,NE,False,-11.485,-37.933,False,False,cities,3207,Rio Real,09/09/2026,Quarta-feira,11:09:00,23,5,ENE,70,70,Sol,1020,1,25,sol
3977,4902,False,7,BR,Brasil,BA,Rio do Pires,NE,False,-13.128,-42.292,False,False,cities,3977,Rio do Pires,09/09/2026,Quarta-feira,10:24:00,23,11,E,97,52,Sol,1020,1,22,sol
6285,6903,False,7,BR,Brasil,BA,Roda Velha,NE,False,-12.683,-45.817,False,False,cities,6285,Roda Velha,09/09/2026,Quarta-feira,11:09:00,21,12,E,80,48,Sol,1019,1,19,sol
4635,5778,False,7,BR,Brasil,BA,Salinas da Margarida,NE,False,-12.88,-38.764,False,False,cities,4635,Salinas da Margarida,09/09/2026,Quarta-feira,11:09:00,24,9,ENE,77,81,Sol com algumas nuvens,1020,2,27,sol-com-algumas-nuvens
7564,56,True,7,BR,Brasil,BA,Salvador,NE,True,-13.006,-38.506,True,False,cities,7564,Salvador,09/09/2026,Quarta-feira,10:24:00,26,16,ENE,77,81,Sol com muitas nuvens,1020,2r,28,sol-com-muitas-nuvens
4636,5779,False,7,BR,Brasil,BA,Santa Brígida,NE,False,-9.736,-38.128,False,True,cities,4636,Santa Brígida,09/09/2026,Quarta-feira,10:24:00,23,13,ENE,67,73,Sol,1020,1,23,sol
4637,5780,False,7,BR,Brasil,BA,Santa Bárbara,NE,False,-11.958,-38.975,False,False,cities,4637,Santa Bárbara,09/09/2026,Quarta-feira,10:24:00,23,6,ENE,71,72,Sol,1020,1,24,sol
6525,717,False,7,BR,Brasil,BA,Santa Cruz Cabrália,NE,True,-16.278,-39.025,False,False,cities,6525,Santa Cruz Cabrália,09/09/2026,Quarta-feira,10:24:00,23,8,E,83,95,Sol com muitas nuvens,1021,2r,26,sol-com-muitas-nuvens
3246,3504,False,7,BR,Brasil,BA,Santa Inês,NE,False,-13.292,-39.819,False,False,cities,3246,Santa Inês,09/09/2026,Quarta-feira,11:09:00,20,10,E,80,76,Sol com muitas nuvens,1022,2r,20,sol-com-muitas-nuvens
7565,1535,False,7,BR,Brasil,BA,Santa Rita de Cássia,NE,False,-11.009,-44.519,False,False,cities,7565,Santa Rita de Cássia,09/09/2026,Quarta-feira,11:09:00,24,11,ENE,65,46,Sol,1018,1,22,sol
3192,3365,False,7,BR,Brasil,BA,Santaluz,NE,False,-11.256,-39.375,False,False,cities,3192,Santaluz,09/09/2026,Quarta-feira,11:09:00,23,10,ENE,67,69,Sol,1021,1,23,sol
4638,5781,False,7,BR,Brasil,BA,Santanópolis,NE,False,-12.017,-38.867,False,False,cities,4638,Santanópolis,09/09/2026,Quarta-feira,11:09:00,22,7,ENE,71,70,Sol,1020,1,23,sol
3165,3034,False,7,BR,Brasil,BA,Santo Estevão,NE,False,-12.43,-39.251,False,False,cities,3165,Santo Estevão,09/09/2026,Quarta-feira,11:09:00,23,4,ENE,74,77,Sol,1020,1,26,sol
7950,5782,False,7,BR,Brasil,BA,Saubara,NE,False,-12.737,-38.769,False,False,cities,7950,Saubara,09/09/2026,Quarta-feira,10:24:00,24,8,ENE,76,80,Sol com algumas nuvens,1020,2,27,sol-com-algumas-nuvens
7951,5309,False,7,BR,Brasil,BA,Saúde,NE,False,-10.941,-40.419,False,False,cities,7951,Saúde,09/09/2026,Quarta-feira,10:24:00,19,13,ENE,66,58,Sol,1021,1,17,sol
2504,2621,False,7,BR,Brasil,BA,Seabra,NE,False,-12.419,-41.77,False,False,cities,2504,Seabra,09/09/2026,Quarta-feira,11:09:00,17,15,E,83,59,Sol com muitas nuvens,1022,2r,14,sol-com-muitas-nuvens
4514,5622,False,7,BR,Brasil,BA,Sebastião Laranjeiras,NE,False,-14.573,-42.94,False,False,cities,4514,Sebastião Laranjeiras,09/09/2026,Quarta-feira,11:09:00,23,18,ESE,101,59,Sol,1019,1,21,sol
7566,57,False,7,BR,Brasil,BA,Senhor do Bonfim,NE,False,-10.461,-40.189,False,False,cities,7566,Senhor do Bonfim,09/09/2026,Quarta-feira,11:09:00,20,13,ENE,63,68,Sol,1021,1,18,sol
7952,5244,False,7,BR,Brasil,BA,Sento Sé,NE,False,-9.81,-41.885,False,False,cities,7952,Sento Sé,09/09/2026,Quarta-feira,11:09:00,23,25,NE,49,59,Sol,1019,1,19,sol
7954,5517,False,7,BR,Brasil,BA,Serra Dourada,NE,False,-12.761,-43.95,False,False,cities,7954,Serra Dourada,09/09/2026,Quarta-feira,11:09:00,24,10,E,86,53,Sol,1019,1,23,sol
7955,4848,False,7,BR,Brasil,BA,Serra Preta,NE,False,-12.16,-39.332,False,False,cities,7955,Serra Preta,09/09/2026,Quarta-feira,11:09:00,23,5,ENE,72,71,Sol,1021,1,25,sol
7953,4974,False,7,BR,Brasil,BA,Serra do Ramalho,NE,False,-13.562,-43.597,False,False,cities,7953,Serra do Ramalho,09/09/2026,Quarta-feira,11:09:00,25,12,E,90,57,Sol,1019,1,24,sol
7956,2662,False,7,BR,Brasil,BA,Serrinha,NE,False,-11.664,-39.008,False,False,cities,7956,Serrinha,09/09/2026,Quarta-feira,10:24:00,22,7,ENE,69,72,Sol,1021,1,23,sol
7957,5174,False,7,BR,Brasil,BA,Serrolândia,NE,False,-11.416,-40.302,False,False,cities,7957,Serrolândia,09/09/2026,Quarta-feira,10:24:00,21,11,ENE,68,61,Sol,1021,1,19,sol
7958,5245,False,7,BR,Brasil,BA,Simões Filho,NE,False,-12.784,-38.404,False,False,cities,7958,Simões Filho,09/09/2026,Quarta-feira,11:09:00,25,14,ENE,76,79,Sol,1020,1,27,sol
7961,3433,False,7,BR,Brasil,BA,Sobradinho,NE,False,-9.455,-40.823,False,False,cities,7961,Sobradinho,09/09/2026,Quarta-feira,10:24:00,22,16,NE,55,61,Sol,1020,1,20,sol
7962,5661,False,7,BR,Brasil,BA,Souto Soares,NE,False,-12.089,-41.638,False,False,cities,7962,Souto Soares,09/09/2026,Quarta-feira,11:09:00,18,15,ENE,77,63,Sol com muitas nuvens,1022,2r,16,sol-com-muitas-nuvens
3978,4903,False,7,BR,Brasil,BA,São Domingos,NE,False,-11.466,-39.526,False,False,cities,3978,São Domingos,09/09/2026,Quarta-feira,10:24:00,23,8,ENE,69,68,Sol,1021,1,23,sol
3913,4832,False,7,BR,Brasil,BA,São Francisco do Conde,NE,False,-12.6,-38.68,False,False,cities,3913,São Francisco do Conde,09/09/2026,Quarta-feira,10:24:00,25,9,ENE,75,80,Sol,1020,1,27,sol
4640,5783,False,7,BR,Brasil,BA,São Félix,NE,False,-12.605,-38.972,False,False,cities,4640,São Félix,09/09/2026,Quarta-feira,10:24:00,23,6,ENE,75,78,Sol,1020,1,26,sol
3929,4849,False,7,BR,Brasil,BA,São Félix do Coribe,NE,False,-13.41,-44.19,False,False,cities,3929,São Félix do Coribe,09/09/2026,Quarta-feira,10:24:00,24,9,E,90,59,Sol com algumas nuvens,1019,2,24,sol-com-algumas-nuvens
3930,4850,False,7,BR,Brasil,BA,São Gonçalo dos Campos,NE,False,-12.433,-38.967,False,False,cities,3930,São Gonçalo dos Campos,09/09/2026,Quarta-feira,10:24:00,23,5,ENE,74,76,Sol,1020,1,25,sol
7959,5058,False,7,BR,Brasil,BA,Sítio do Mato,NE,False,-13.085,-43.465,False,False,cities,7959,Sítio do Mato,09/09/2026,Quarta-feira,11:09:00,25,10,E,90,56,Sol,1019,1,25,sol
7960,5518,False,7,BR,Brasil,BA,Sítio do Quinto,NE,False,-10.35,-38.217,False,True,cities,7960,Sítio do Quinto,09/09/2026,Quarta-feira,10:24:00,22,9,ENE,67,72,Sol,1020,1,22,sol
7963,5786,False,7,BR,Brasil,BA,Tabocas do Brejo Velho,NE,False,-12.706,-44.007,False,False,cities,7963,Tabocas do Brejo Velho,09/09/2026,Quarta-feira,11:09:00,24,10,E,86,53,Sol,1019,1,23,sol
7964,4851,False,7,BR,Brasil,BA,Tanhaçu,NE,False,-14.021,-41.248,False,False,cities,7964,Tanhaçu,09/09/2026,Quarta-feira,10:24:00,23,9,E,94,69,Sol com algumas nuvens,1021,2,23,sol-com-algumas-nuvens
7965,4904,False,7,BR,Brasil,BA,Tanque Novo,NE,False,-13.546,-42.491,False,False,cities,7965,Tanque Novo,09/09/2026,Quarta-feira,10:24:00,21,15,E,100,58,Sol,1021,1,19,sol
7966,3434,False,7,BR,Brasil,BA,Tanquinho,NE,False,-11.979,-39.104,False,False,cities,7966,Tanquinho,09/09/2026,Quarta-feira,10:24:00,23,6,ENE,71,73,Sol,1020,1,24,sol
7967,5787,False,7,BR,Brasil,BA,Taperoá,NE,False,-13.538,-39.099,False,False,cities,7967,Taperoá,09/09/2026,Quarta-feira,10:24:00,24,9,E,79,87,Sol com muitas nuvens,1020,2r,27,sol-com-muitas-nuvens
3860,4743,False,7,BR,Brasil,BA,Tapiramutá,NE,False,-11.847,-40.791,False,True,cities,3860,Tapiramutá,09/09/2026,Quarta-feira,11:09:00,19,9,ENE,71,68,Sol com muitas nuvens,1022,2r,18,sol-com-muitas-nuvens
7968,5353,False,7,BR,Brasil,BA,Taquarinha,NE,False,-17.942,-40.24,False,False,cities,7968,Taquarinha,09/09/2026,Quarta-feira,10:24:00,22,7,E,90,93,Sol com muitas nuvens,1021,2r,24,sol-com-muitas-nuvens
7969,2597,False,7,BR,Brasil,BA,Teixeira de Freitas,NE,False,-17.535,-39.742,False,False,cities,7969,Teixeira de Freitas,09/09/2026,Quarta-feira,10:24:00,22,6,NE,50,94,Chuvoso,1021,5,25,chuvoso
7970,5788,False,7,BR,Brasil,BA,Teodoro Sampaio,NE,False,-12.293,-38.628,False,False,cities,7970,Teodoro Sampaio,09/09/2026,Quarta-feira,11:09:00,23,9,ENE,72,74,Sol,1020,1,25,sol
7971,5789,False,7,BR,Brasil,BA,Teofilândia,NE,False,-11.489,-38.998,False,False,cities,7971,Teofilândia,09/09/2026,Quarta-feira,11:09:00,22,7,ENE,69,71,Sol,1021,1,23,sol
7972,5310,False,7,BR,Brasil,BA,Teolândia,NE,False,-13.602,-39.491,False,False,cities,7972,Teolândia,09/09/2026,Quarta-feira,11:09:00,22,4,E,81,88,Sol com muitas nuvens,1021,2r,24,sol-com-muitas-nuvens
7973,2663,False,7,BR,Brasil,BA,Terra Nova,NE,False,-12.392,-38.625,False,False,cities,7973,Terra Nova,09/09/2026,Quarta-feira,10:24:00,24,9,ENE,73,75,Sol,1020,1,25,sol
6831,58,False,7,BR,Brasil,BA,Trancoso,NE,False,-16.583,-39.15,True,False,cities,6831,Trancoso,09/09/2026,Quarta-feira,10:24:00,23,7,E,84,95,Sol com muitas nuvens,1021,2r,26,sol-com-muitas-nuvens
7974,2146,False,7,BR,Brasil,BA,Tremedal,NE,False,-14.976,-41.411,False,False,cities,7974,Tremedal,09/09/2026,Quarta-feira,10:24:00,21,10,E,96,65,Sol com muitas nuvens,1022,2r,20,sol-com-muitas-nuvens
6296,3505,False,7,BR,Brasil,BA,Tucano,NE,False,-10.963,-38.787,False,True,cities,6296,Tucano,09/09/2026,Quarta-feira,11:09:00,22,4,ENE,67,72,Sol,1020,1,24,sol
7567,4755,False,7,BR,Brasil,BA,Uauá,NE,False,-9.841,-39.482,False,False,cities,7567,Uauá,09/09/2026,Quarta-feira,11:09:00,21,18,ENE,63,63,Sol com algumas nuvens,1020,2,19,sol-com-algumas-nuvens
7976,4975,False,7,BR,Brasil,BA,Ubaitaba,NE,False,-14.312,-39.323,False,False,cities,7976,Ubaitaba,09/09/2026,Quarta-feira,10:24:00,22,7,E,83,94,Sol e Chuva,1021,4,25,sol-e-chuva
7977,3393,False,7,BR,Brasil,BA,Ubatã,NE,False,-14.214,-39.523,False,False,cities,7977,Ubatã,09/09/2026,Quarta-feira,11:09:00,22,5,E,84,91,Sol e Chuva,1021,4,25,sol-e-chuva
7975,5790,False,7,BR,Brasil,BA,Ubaíra,NE,False,-13.268,-39.663,False,False,cities,7975,Ubaíra,09/09/2026,Quarta-feira,11:09:00,21,9,E,80,83,Sol com muitas nuvens,1022,2r,22,sol-com-muitas-nuvens
7978,951,False,7,BR,Brasil,BA,Uibaí,NE,False,-11.337,-42.133,False,False,cities,7978,Uibaí,09/09/2026,Quarta-feira,11:09:00,20,21,ENE,63,60,Sol,1021,1,17,sol
7979,5791,False,7,BR,Brasil,BA,Umburanas,NE,False,-10.733,-41.326,False,False,cities,7979,Umburanas,09/09/2026,Quarta-feira,11:09:00,19,16,ENE,58,59,Sol,1021,1,16,sol
7980,952,False,7,BR,Brasil,BA,Una,NE,True,-15.293,-39.075,False,False,cities,7980,Una,09/09/2026,Quarta-feira,10:24:00,22,11,E,84,95,Sol com muitas nuvens,1021,2r,25,sol-com-muitas-nuvens
7981,5177,False,7,BR,Brasil,BA,Urandi,NE,False,-14.771,-42.655,False,False,cities,7981,Urandi,09/09/2026,Quarta-feira,10:24:00,23,14,E,100,61,Sol com muitas nuvens,1020,2r,22,sol-com-muitas-nuvens
7982,953,False,7,BR,Brasil,BA,Uruçuca,NE,True,-14.593,-39.284,False,False,cities,7982,Uruçuca,09/09/2026,Quarta-feira,10:24:00,22,10,E,84,92,Sol com muitas nuvens,1021,2r,24,sol-com-muitas-nuvens
7983,3467,False,7,BR,Brasil,BA,Utinga,NE,False,-12.082,-41.094,False,False,cities,7983,Utinga,09/09/2026,Quarta-feira,11:09:00,19,7,ENE,74,67,Sol com muitas nuvens,1022,2r,18,sol-com-muitas-nuvens
7985,4852,False,7,BR,Brasil,BA,Valente,NE,False,-11.412,-39.462,False,False,cities,7985,Valente,09/09/2026,Quarta-feira,10:24:00,22,9,ENE,68,63,Sol,1021,1,21,sol
7984,954,False,7,BR,Brasil,BA,Valença,NE,True,-13.37,-39.073,True,False,cities,7984,Valença,09/09/2026,Quarta-feira,11:09:00,24,9,ENE,79,87,Sol com muitas nuvens,1020,2r,26,sol-com-muitas-nuvens
7989,5792,False,7,BR,Brasil,BA,Varzedo,NE,False,-12.972,-39.394,False,False,cities,7989,Varzedo,09/09/2026,Quarta-feira,10:24:00,22,6,ENE,78,80,Sol com algumas nuvens,1021,2,23,sol-com-algumas-nuvens
7990,4942,False,7,BR,Brasil,BA,Vera Cruz,NE,True,-12.97,-38.609,False,False,cities,7990,Vera Cruz,09/09/2026,Quarta-feira,11:09:00,26,14,ENE,77,82,Sol com algumas nuvens,1020,2,28,sol-com-algumas-nuvens
7991,5519,False,7,BR,Brasil,BA,Vereda,NE,False,-17.222,-40.085,False,False,cities,7991,Vereda,09/09/2026,Quarta-feira,11:09:00,21,6,E,90,87,Sol com muitas nuvens,1022,2r,23,sol-com-muitas-nuvens
7568,59,False,7,BR,Brasil,BA,Vitória da Conquista,NE,False,-14.866,-40.839,False,False,cities,7568,Vitória da Conquista,09/09/2026,Quarta-feira,10:24:00,18,10,E,90,63,Sol com muitas nuvens,1022,2r,16,sol-com-muitas-nuvens
7988,5059,False,7,BR,Brasil,BA,Várzea Nova,NE,False,-11.259,-40.942,False,False,cities,7988,Várzea Nova,09/09/2026,Quarta-feira,11:09:00,19,14,ENE,65,60,Sol,1022,1,16,sol
7986,5060,False,7,BR,Brasil,BA,Várzea da Roça,NE,False,-11.607,-40.137,False,False,cities,7986,Várzea da Roça,09/09/2026,Quarta-feira,11:09:00,21,8,ENE,70,64,Sol,1021,1,21,sol
7987,4853,False,7,BR,Brasil,BA,Várzea do Poço,NE,False,-11.529,-40.32,False,False,cities,7987,Várzea do Poço,09/09/2026,Quarta-feira,11:09:00,22,10,ENE,69,67,Sol,1021,1,22,sol
7992,3468,False,7,BR,Brasil,BA,Wagner,NE,False,-12.287,-41.168,False,False,cities,7992,Wagner,09/09/2026,Quarta-feira,10:24:00,20,7,ENE,77,71,Sol com muitas nuvens,1022,2r,20,sol-com-muitas-nuvens
7993,2005,False,7,BR,Brasil,BA,Wanderley,NE,False,-12.12,-43.888,False,False,cities,7993,Wanderley,09/09/2026,Quarta-feira,11:09:00,22,12,ENE,78,53,Sol,1019,1,21,sol
7994,5354,False,7,BR,Brasil,BA,Wenceslau Guimarães,NE,False,-13.687,-39.479,False,False,cities,7994,Wenceslau Guimarães,09/09/2026,Quarta-feira,11:09:00,22,4,E,81,88,Sol com muitas nuvens,1021,2r,24,sol-com-muitas-nuvens
7995,956,False,7,BR,Brasil,BA,Xique-Xique,NE,False,-10.822,-42.69,False,False,cities,7995,Xique-Xique,09/09/2026,Quarta-feira,11:09:00,22,23,ENE,59,57,Sol,1019,1,19,sol
4649,5793,False,7,BR,Brasil,BA,Água Fria,NE,False,-11.867,-38.767,False,False,cities,4649,Água Fria,09/09/2026,Quarta-feira,11:09:00,22,7,ENE,70,69,Sol,1021,1,23,sol
7868,5520,False,7,BR,Brasil,BA,Érico Cardoso,NE,False,-13.418,-42.14,False,False,cities,7868,Érico Cardoso,09/09/2026,Quarta-feira,11:09:00,21,10,E,99,50,Sol,1021,1,19,sol
7997,5795,False,7,BR,Brasil,CE,Acarape,NE,False,-4.224,-38.708,False,False,cities,7997,Acarape,09/09/2026,Quarta-feira,10:24:00,25,13,E,90,63,Sol,1017,1,25,sol
7998,957,False,7,BR,Brasil,CE,Acaraú,NE,True,-2.886,-40.12,False,False,cities,7998,Acaraú,09/09/2026,Quarta-feira,11:09:00,27,22,E,96,76,Sol com muitas nuvens,1015,2r,27,sol-com-muitas-nuvens
7999,958,False,7,BR,Brasil,CE,Acopiara,NE,False,-6.095,-39.453,False,False,cities,7999,Acopiara,09/09/2026,Quarta-feira,10:24:00,26,14,ENE,75,52,Sol,1017,1,24,sol
8000,5796,False,7,BR,Brasil,CE,Aiuaba,NE,False,-6.574,-40.124,False,False,cities,8000,Aiuaba,09/09/2026,Quarta-feira,11:09:00,24,16,ENE,67,45,Sol,1018,1,21,sol
8001,5797,False,7,BR,Brasil,CE,Alcântaras,NE,False,-3.589,-40.546,False,False,cities,8001,Alcântaras,09/09/2026,Quarta-feira,10:24:00,23,17,E,90,57,Sol,1016,1,21,sol
8002,5798,False,7,BR,Brasil,CE,Altaneira,NE,False,-7.002,-39.741,False,False,cities,8002,Altaneira,09/09/2026,Quarta-feira,10:24:00,23,16,ENE,67,50,Sol,1018,1,20,sol
8003,5623,False,7,BR,Brasil,CE,Alto Santo,NE,False,-5.521,-38.272,False,False,cities,8003,Alto Santo,09/09/2026,Quarta-feira,10:24:00,27,12,E,83,60,Sol,1017,1,27,sol
8004,5799,False,7,BR,Brasil,CE,Amontada,NE,True,-3.37,-39.83,False,False,cities,8004,Amontada,09/09/2026,Quarta-feira,10:24:00,27,12,E,94,69,Sol,1016,1,28,sol
8005,5800,False,7,BR,Brasil,CE,Antonina do Norte,NE,False,-6.775,-39.989,False,False,cities,8005,Antonina do Norte,09/09/2026,Quarta-feira,10:24:00,24,16,ENE,67,47,Sol,1018,1,21,sol
8006,959,False,7,BR,Brasil,CE,Antônio Bezerra,NE,False,-3.729,-38.594,False,False,cities,8006,Antônio Bezerra,09/09/2026,Quarta-feira,10:24:00,26,18,SSE,150,68,Sol com algumas nuvens,1016,2,26,sol-com-algumas-nuvens
8007,5247,False,7,BR,Brasil,CE,Apuiarés,NE,False,-3.949,-39.432,False,False,cities,8007,Apuiarés,09/09/2026,Quarta-feira,10:24:00,26,10,E,90,60,Sol,1016,1,27,sol
8008,960,False,7,BR,Brasil,CE,Aquiraz,NE,True,-3.901,-38.391,False,False,cities,8008,Aquiraz,09/09/2026,Quarta-feira,10:24:00,26,16,E,93,68,Sol com algumas nuvens,1016,2,26,sol-com-algumas-nuvens
8009,4833,False,7,BR,Brasil,CE,Aracati,NE,True,-4.562,-37.77,False,False,cities,8009,Aracati,09/09/2026,Quarta-feira,11:09:00,26,12,E,90,67,Sol com algumas nuvens,1016,2,27,sol-com-algumas-nuvens
8010,5801,False,7,BR,Brasil,CE,Aracoiaba,NE,False,-4.371,-38.814,False,False,cities,8010,Aracoiaba,09/09/2026,Quarta-feira,10:24:00,25,12,E,90,68,Sol,1017,1,25,sol
8011,5355,False,7,BR,Brasil,CE,Ararendá,NE,False,-4.753,-40.833,False,False,cities,8011,Ararendá,09/09/2026,Quarta-feira,11:09:00,24,8,E,80,68,Sol,1017,1,25,sol
8012,5061,False,7,BR,Brasil,CE,Araripe,NE,False,-7.213,-40.046,False,False,cities,8012,Araripe,09/09/2026,Quarta-feira,11:09:00,20,18,ENE,63,55,Sol,1019,1,17,sol
8013,5624,False,7,BR,Brasil,CE,Aratuba,NE,False,-4.418,-39.045,False,False,cities,8013,Aratuba,09/09/2026,Quarta-feira,10:24:00,23,12,E,90,56,Sol,1017,1,21,sol
8014,5802,False,7,BR,Brasil,CE,Arneiroz,NE,False,-6.324,-40.161,False,False,cities,8014,Arneiroz,09/09/2026,Quarta-feira,11:09:00,25,15,ENE,69,51,Sol,1017,1,24,sol
8015,961,False,7,BR,Brasil,CE,Assaré,NE,False,-6.874,-39.875,False,False,cities,8015,Assaré,09/09/2026,Quarta-feira,10:24:00,23,16,ENE,67,47,Sol,1018,1,20,sol
8016,962,False,7,BR,Brasil,CE,Aurora,NE,False,-6.942,-38.968,False,False,cities,8016,Aurora,09/09/2026,Quarta-feira,11:09:00,25,12,ENE,72,58,Sol,1018,1,25,sol
8017,5662,False,7,BR,Brasil,CE,Baixio,NE,False,-6.73,-38.717,False,False,cities,8017,Baixio,09/09/2026,Quarta-feira,11:09:00,25,12,ENE,75,56,Sol,1018,1,24,sol
8018,5803,False,7,BR,Brasil,CE,Banabuiú,NE,False,-5.31,-38.921,False,False,cities,8018,Banabuiú,09/09/2026,Quarta-feira,10:24:00,27,11,E,84,59,Sol,1017,1,28,sol
8019,3035,False,7,BR,Brasil,CE,Barbalha,NE,False,-7.311,-39.304,False,False,cities,8019,Barbalha,09/09/2026,Quarta-feira,10:24:00,23,14,WNW,300,52,Sol,1019,1,21,sol
8020,5625,False,7,BR,Brasil,CE,Barreira,NE,False,-4.287,-38.643,False,False,cities,8020,Barreira,09/09/2026,Quarta-feira,11:09:00,25,13,E,90,63,Sol,1017,1,25,sol
8021,5626,False,7,BR,Brasil,CE,Barro,NE,False,-7.177,-38.782,False,False,cities,8021,Barro,09/09/2026,Quarta-feira,11:09:00,24,11,ENE,72,55,Sol,1018,1,23,sol
8022,5804,False,7,BR,Brasil,CE,Barroquinha,NE,True,-3.019,-41.136,False,False,cities,8022,Barroquinha,09/09/2026,Quarta-feira,10:24:00,27,27,E,90,73,Sol,1015,1,26,sol
6443,963,False,7,BR,Brasil,CE,Baturité,NE,False,-4.329,-38.885,False,False,cities,6443,Baturité,09/09/2026,Quarta-feira,10:24:00,25,12,E,90,68,Sol,1017,1,25,sol
6444,964,False,7,BR,Brasil,CE,Beberibe,NE,True,-4.18,-38.131,False,False,cities,6444,Beberibe,09/09/2026,Quarta-feira,10:24:00,26,14,E,92,67,Sol com algumas nuvens,1016,2,26,sol-com-algumas-nuvens
8023,5805,False,7,BR,Brasil,CE,Bela Cruz,NE,False,-3.051,-40.168,False,False,cities,8023,Bela Cruz,09/09/2026,Quarta-feira,10:24:00,27,15,E,95,73,Sol com algumas nuvens,1016,2,28,sol-com-algumas-nuvens
6445,965,False,7,BR,Brasil,CE,Boa Viagem,NE,False,-5.127,-39.732,False,False,cities,6445,Boa Viagem,09/09/2026,Quarta-feira,10:24:00,26,16,E,80,59,Sol,1017,1,25,sol
8024,3435,False,7,BR,Brasil,CE,Brejo Santo,NE,False,-7.493,-38.987,False,False,cities,8024,Brejo Santo,09/09/2026,Quarta-feira,11:09:00,23,10,ENE,69,60,Sol,1019,1,22,sol
8025,966,False,7,BR,Brasil,CE,Camocim,NE,True,-2.902,-40.841,False,False,cities,8025,Camocim,09/09/2026,Quarta-feira,11:09:00,27,28,E,90,75,Sol,1015,1,26,sol
7571,3366,False,7,BR,Brasil,CE,Campos Sales,NE,False,-7.074,-40.376,False,False,cities,7571,Campos Sales,09/09/2026,Quarta-feira,10:24:00,21,18,ENE,62,54,Sol,1019,1,18,sol
8026,967,False,7,BR,Brasil,CE,Canindé,NE,False,-4.359,-39.312,False,False,cities,8026,Canindé,09/09/2026,Quarta-feira,10:24:00,26,13,E,87,63,Sol,1017,1,26,sol
8027,5806,False,7,BR,Brasil,CE,Capistrano,NE,False,-4.47,-38.901,False,False,cities,8027,Capistrano,09/09/2026,Quarta-feira,10:24:00,23,11,E,87,60,Sol,1017,1,22,sol
6336,6971,False,7,BR,Brasil,CE,Caponga,NE,True,-4.041,-38.23,False,False,cities,6336,Caponga,09/09/2026,Quarta-feira,10:24:00,26,15,E,92,68,Sol com algumas nuvens,1016,2,26,sol-com-algumas-nuvens
8028,5807,False,7,BR,Brasil,CE,Caridade,NE,False,-4.232,-39.192,False,False,cities,8028,Caridade,09/09/2026,Quarta-feira,10:24:00,26,13,E,90,61,Sol,1017,1,27,sol
8030,5062,False,7,BR,Brasil,CE,Caririaçu,NE,False,-7.042,-39.284,False,False,cities,8030,Caririaçu,09/09/2026,Quarta-feira,10:24:00,23,14,ENE,70,51,Sol,1018,1,21,sol
8029,5627,False,7,BR,Brasil,CE,Cariré,NE,False,-3.951,-40.473,False,False,cities,8029,Cariré,09/09/2026,Quarta-feira,10:24:00,26,14,E,90,69,Sol,1016,1,27,sol
8031,5808,False,7,BR,Brasil,CE,Cariús,NE,False,-6.537,-39.497,False,False,cities,8031,Cariús,09/09/2026,Quarta-feira,10:24:00,25,14,ENE,72,53,Sol,1018,1,24,sol
8032,5063,False,7,BR,Brasil,CE,Carnaubal,NE,False,-4.167,-40.943,False,False,cities,8032,Carnaubal,09/09/2026,Quarta-feira,10:24:00,22,14,E,85,57,Sol,1016,1,21,sol
8033,968,False,7,BR,Brasil,CE,Cascavel,NE,True,-4.133,-38.242,False,False,cities,8033,Cascavel,09/09/2026,Quarta-feira,10:24:00,26,14,E,92,67,Sol com algumas nuvens,1016,2,26,sol-com-algumas-nuvens
8034,5628,False,7,BR,Brasil,CE,Catarina,NE,False,-6.131,-39.877,False,False,cities,8034,Catarina,09/09/2026,Quarta-feira,11:09:00,24,14,ENE,73,47,Sol,1017,1,22,sol
8035,5809,False,7,BR,Brasil,CE,Catunda,NE,False,-4.648,-40.201,False,False,cities,8035,Catunda,09/09/2026,Quarta-feira,10:24:00,25,13,E,83,64,Sol,1016,1,25,sol
8036,969,False,7,BR,Brasil,CE,Caucaia,NE,True,-3.736,-38.653,False,False,cities,8036,Caucaia,09/09/2026,Quarta-feira,10:24:00,26,18,E,93,67,Sol,1016,1,26,sol
8037,4781,False,7,BR,Brasil,CE,Cedro,NE,False,-6.607,-39.062,False,False,cities,8037,Cedro,09/09/2026,Quarta-feira,10:24:00,25,13,ENE,74,54,Sol,1018,1,24,sol
8038,5178,False,7,BR,Brasil,CE,Chaval,NE,False,-3.034,-41.244,False,False,cities,8038,Chaval,09/09/2026,Quarta-feira,10:24:00,27,28,E,90,74,Sol,1015,1,26,sol
8040,5356,False,7,BR,Brasil,CE,Chorozinho,NE,False,-4.3,-38.498,False,False,cities,8040,Chorozinho,09/09/2026,Quarta-feira,10:24:00,26,13,E,90,65,Sol,1017,1,27,sol
8041,5248,False,7,BR,Brasil,CE,Coreaú,NE,False,-3.533,-40.657,False,False,cities,8041,Coreaú,09/09/2026,Quarta-feira,10:24:00,27,19,E,90,70,Sol,1016,1,27,sol
8042,970,False,7,BR,Brasil,CE,Crateús,NE,False,-5.178,-40.677,False,False,cities,8042,Crateús,09/09/2026,Quarta-feira,10:24:00,26,12,ENE,76,64,Sol,1017,1,26,sol
5617,971,False,7,BR,Brasil,CE,Crato,NE,False,-7.234,-39.409,False,False,cities,5617,Crato,09/09/2026,Quarta-feira,10:24:00,22,14,ENE,68,50,Sol,1019,1,19,sol
8043,5811,False,7,BR,Brasil,CE,Croatá,NE,False,-4.4,-40.911,False,False,cities,8043,Croatá,09/09/2026,Quarta-feira,10:24:00,23,11,E,83,67,Sol,1017,1,23,sol
8044,5179,False,7,BR,Brasil,CE,Cruz,NE,True,-2.92,-40.17,False,False,cities,8044,Cruz,09/09/2026,Quarta-feira,10:24:00,27,20,E,95,75,Sol com algumas nuvens,1015,2,27,sol-com-algumas-nuvens
8045,6835,False,7,BR,Brasil,CE,Deputado Irapuan Pinheiro,NE,False,-5.9148,-39.257,False,False,cities,8045,Deputado Irapuan Pinheiro,09/09/2026,Quarta-feira,11:09:00,27,14,ENE,78,53,Sol,1017,1,26,sol
8046,5812,False,7,BR,Brasil,CE,Ererê,NE,False,-6.032,-38.349,False,False,cities,8046,Ererê,09/09/2026,Quarta-feira,11:09:00,25,15,E,80,62,Sol,1017,1,25,sol
8047,5813,False,7,BR,Brasil,CE,Eusébio,NE,False,-3.89,-38.451,False,False,cities,8047,Eusébio,09/09/2026,Quarta-feira,11:09:00,26,16,E,93,68,Sol com algumas nuvens,1016,2,26,sol-com-algumas-nuvens
8048,5521,False,7,BR,Brasil,CE,Farias Brito,NE,False,-6.931,-39.566,False,False,cities,8048,Farias Brito,09/09/2026,Quarta-feira,10:24:00,24,15,ENE,69,52,Sol,1018,1,22,sol
8049,5814,False,7,BR,Brasil,CE,Forquilha,NE,False,-3.798,-40.261,False,False,cities,8049,Forquilha,09/09/2026,Quarta-feira,11:09:00,26,13,E,90,66,Sol,1016,1,27,sol
8050,60,True,7,BR,Brasil,CE,Fortaleza,NE,True,-3.815,-38.538,True,False,cities,8050,Fortaleza,09/09/2026,Quarta-feira,11:09:00,26,16,E,93,66,Sol com algumas nuvens,1016,2,26,sol-com-algumas-nuvens
8051,5815,False,7,BR,Brasil,CE,Fortim,NE,True,-4.452,-37.797,False,False,cities,8051,Fortim,09/09/2026,Quarta-feira,10:24:00,26,12,E,90,67,Sol com muitas nuvens,1016,2r,27,sol-com-muitas-nuvens
8052,5816,False,7,BR,Brasil,CE,Frecheirinha,NE,False,-3.76,-40.816,False,False,cities,8052,Frecheirinha,09/09/2026,Quarta-feira,10:24:00,25,19,E,87,70,Sol,1016,1,25,sol
8053,5817,False,7,BR,Brasil,CE,General Sampaio,NE,False,-4.053,-39.454,False,False,cities,8053,General Sampaio,09/09/2026,Quarta-feira,11:09:00,26,10,E,90,60,Sol,1016,1,27,sol
8055,5818,False,7,BR,Brasil,CE,Granja,NE,False,-3.12,-40.826,False,False,cities,8055,Granja,09/09/2026,Quarta-feira,10:24:00,27,23,E,90,72,Sol,1015,1,29,sol
8056,5819,False,7,BR,Brasil,CE,Granjeiro,NE,False,-6.888,-39.218,False,False,cities,8056,Granjeiro,09/09/2026,Quarta-feira,10:24:00,24,14,ENE,71,53,Sol,1018,1,23,sol
8054,5820,False,7,BR,Brasil,CE,Graça,NE,False,-4.046,-40.753,False,False,cities,8054,Graça,09/09/2026,Quarta-feira,10:24:00,25,16,E,87,70,Sol,1016,1,25,sol
8057,5821,False,7,BR,Brasil,CE,Groaíras,NE,False,-3.913,-40.383,False,False,cities,8057,Groaíras,09/09/2026,Quarta-feira,11:09:00,26,14,E,90,71,Sol,1016,1,28,sol
8058,5822,False,7,BR,Brasil,CE,Guaiúba,NE,False,-4.04,-38.637,False,False,cities,8058,Guaiúba,09/09/2026,Quarta-feira,11:09:00,26,15,E,90,65,Sol,1016,1,26,sol
8059,5522,False,7,BR,Brasil,CE,Guaraciaba do Norte,NE,False,-4.167,-40.748,False,False,cities,8059,Guaraciaba do Norte,09/09/2026,Quarta-feira,10:24:00,23,14,E,86,64,Sol,1017,1,22,sol
7572,3142,False,7,BR,Brasil,CE,Guaramiranga,NE,False,-4.263,-38.933,False,False,cities,7572,Guaramiranga,09/09/2026,Quarta-feira,11:09:00,21,13,E,90,49,Sol,1017,1,18,sol
8060,4747,False,7,BR,Brasil,CE,Hidrolândia,NE,False,-4.408,-40.438,False,False,cities,8060,Hidrolândia,09/09/2026,Quarta-feira,11:09:00,26,11,E,85,66,Sol,1016,1,27,sol
8061,5823,False,7,BR,Brasil,CE,Horizonte,NE,False,-4.11,-38.48,False,False,cities,8061,Horizonte,09/09/2026,Quarta-feira,10:24:00,26,14,E,90,65,Sol,1017,1,26,sol
8062,5824,False,7,BR,Brasil,CE,Ibaretama,NE,False,-4.804,-38.753,False,False,cities,8062,Ibaretama,09/09/2026,Quarta-feira,11:09:00,26,10,E,87,64,Sol,1017,1,27,sol
8063,5825,False,7,BR,Brasil,CE,Ibiapina,NE,False,-3.923,-40.889,False,False,cities,8063,Ibiapina,09/09/2026,Quarta-feira,11:09:00,22,18,E,85,55,Sol,1016,1,19,sol
8064,5826,False,7,BR,Brasil,CE,Ibicuitinga,NE,False,-4.974,-38.639,False,False,cities,8064,Ibicuitinga,09/09/2026,Quarta-feira,10:24:00,26,10,E,86,60,Sol,1017,1,27,sol
8065,5827,False,7,BR,Brasil,CE,Icapuí,NE,True,-4.713,-37.355,False,False,cities,8065,Icapuí,09/09/2026,Quarta-feira,10:24:00,27,12,E,90,67,Sol,1017,1,28,sol
5618,972,False,7,BR,Brasil,CE,Icó,NE,False,-6.401,-38.862,False,False,cities,5618,Icó,09/09/2026,Quarta-feira,10:24:00,27,13,ENE,77,59,Sol,1017,1,27,sol
8066,6972,False,7,BR,Brasil,CE,Iguape,NE,True,-3.9,-38.367,False,False,cities,8066,Iguape,09/09/2026,Quarta-feira,10:24:00,26,16,E,93,68,Sol com muitas nuvens,1016,2r,26,sol-com-muitas-nuvens
5619,973,False,7,BR,Brasil,CE,Iguatu,NE,False,-6.359,-39.299,False,False,cities,5619,Iguatu,09/09/2026,Quarta-feira,11:09:00,26,14,ENE,74,54,Sol,1017,1,25,sol
8067,3406,False,7,BR,Brasil,CE,Independência,NE,False,-5.396,-40.309,False,False,cities,8067,Independência,09/09/2026,Quarta-feira,10:24:00,26,15,ENE,75,56,Sol com algumas nuvens,1017,2,25,sol-com-algumas-nuvens
8068,5828,False,7,BR,Brasil,CE,Ipaporanga,NE,False,-4.9,-40.759,False,False,cities,8068,Ipaporanga,09/09/2026,Quarta-feira,11:09:00,26,9,E,79,66,Sol,1017,1,27,sol
8069,5829,False,7,BR,Brasil,CE,Ipaumirim,NE,False,-6.79,-38.719,False,False,cities,8069,Ipaumirim,09/09/2026,Quarta-feira,10:24:00,25,12,ENE,75,56,Sol,1018,1,24,sol
8070,5249,False,7,BR,Brasil,CE,Ipu,NE,False,-4.322,-40.711,False,False,cities,8070,Ipu,09/09/2026,Quarta-feira,11:09:00,26,11,E,84,79,Sol,1017,1,28,sol
8071,5523,False,7,BR,Brasil,CE,Ipueiras,NE,False,-4.542,-40.719,False,False,cities,8071,Ipueiras,09/09/2026,Quarta-feira,10:24:00,26,9,E,83,76,Sol,1017,1,28,sol
8072,5524,False,7,BR,Brasil,CE,Iracema,NE,True,-5.812,-38.306,False,False,cities,8072,Iracema,09/09/2026,Quarta-feira,10:24:00,27,13,E,82,60,Sol,1017,1,27,sol
8073,5525,False,7,BR,Brasil,CE,Irauçuba,NE,False,-3.746,-39.783,False,False,cities,8073,Irauçuba,09/09/2026,Quarta-feira,11:09:00,27,15,E,90,63,Sol,1016,1,27,sol
8075,5830,False,7,BR,Brasil,CE,Itaitinga,NE,False,-3.969,-38.528,False,False,cities,8075,Itaitinga,09/09/2026,Quarta-feira,11:09:00,26,15,E,90,65,Sol,1016,1,26,sol
8074,5831,False,7,BR,Brasil,CE,Itaiçaba,NE,False,-4.68,-37.82,False,False,cities,8074,Itaiçaba,09/09/2026,Quarta-feira,11:09:00,26,12,E,90,67,Sol,1017,1,27,sol
5620,974,False,7,BR,Brasil,CE,Itapajé,NE,False,-3.687,-39.586,False,False,cities,5620,Itapajé,09/09/2026,Quarta-feira,10:24:00,24,20,E,90,54,Sol,1017,1,21,sol
8076,975,False,7,BR,Brasil,CE,Itapipoca,NE,True,-3.5,-39.59,False,False,cities,8076,Itapipoca,09/09/2026,Quarta-feira,11:09:00,26,20,E,94,64,Sol,1016,1,26,sol
4650,5832,False,7,BR,Brasil,CE,Itapiúna,NE,False,-4.564,-38.922,False,False,cities,4650,Itapiúna,09/09/2026,Quarta-feira,10:24:00,25,11,E,86,65,Sol,1017,1,26,sol
8077,5180,False,7,BR,Brasil,CE,Itarema,NE,True,-2.92,-39.915,False,False,cities,8077,Itarema,09/09/2026,Quarta-feira,11:09:00,27,25,E,97,77,Sol com muitas nuvens,1015,2r,27,sol-com-muitas-nuvens
8078,5833,False,7,BR,Brasil,CE,Itatira,NE,False,-4.529,-39.622,False,False,cities,8078,Itatira,09/09/2026,Quarta-feira,11:09:00,22,16,E,85,55,Sol,1017,1,20,sol
8079,5526,False,7,BR,Brasil,CE,Jaguaretama,NE,False,-5.613,-38.767,False,False,cities,8079,Jaguaretama,09/09/2026,Quarta-feira,10:24:00,27,12,E,81,57,Sol,1017,1,27,sol
8080,5834,False,7,BR,Brasil,CE,Jaguaribara,NE,False,-5.658,-38.62,False,False,cities,8080,Jaguaribara,09/09/2026,Quarta-feira,11:09:00,27,12,E,82,58,Sol,1017,1,27,sol
8081,5835,False,7,BR,Brasil,CE,Jaguaribe,NE,False,-5.891,-38.622,False,False,cities,8081,Jaguaribe,09/09/2026,Quarta-feira,11:09:00,27,13,E,80,59,Sol,1017,1,27,sol
8082,976,False,7,BR,Brasil,CE,Jaguaruana,NE,False,-4.834,-37.781,False,False,cities,8082,Jaguaruana,09/09/2026,Quarta-feira,11:09:00,26,11,E,90,66,Sol,1017,1,27,sol
8083,5836,False,7,BR,Brasil,CE,Jardim,NE,False,-7.582,-39.298,False,False,cities,8083,Jardim,09/09/2026,Quarta-feira,10:24:00,22,11,ENE,67,55,Sol,1020,1,20,sol
8084,5837,False,7,BR,Brasil,CE,Jati,NE,False,-7.686,-39.016,False,False,cities,8084,Jati,09/09/2026,Quarta-feira,10:24:00,22,10,ENE,68,59,Sol,1019,1,21,sol
8085,5020,False,7,BR,Brasil,CE,Jericoacoara,NE,True,-2.85,-40.467,False,False,cities,8085,Jericoacoara,09/09/2026,Quarta-feira,10:24:00,26,19,E,94,75,Sol com algumas nuvens,1015,2,27,sol-com-algumas-nuvens
8086,5064,False,7,BR,Brasil,CE,Jijoca de Jericoacoara,NE,True,-2.895,-40.449,False,False,cities,8086,Jijoca de Jericoacoara,09/09/2026,Quarta-feira,11:09:00,26,19,E,94,75,Sol com algumas nuvens,1015,2,27,sol-com-algumas-nuvens
5623,977,False,7,BR,Brasil,CE,Juazeiro do Norte,NE,False,-7.213,-39.315,False,False,cities,5623,Juazeiro do Norte,09/09/2026,Quarta-feira,10:24:00,23,14,WNW,300,52,Sol,1019,1,21,sol
8088,5527,False,7,BR,Brasil,CE,Lavras do Mangabeira,NE,False,-6.753,-38.964,False,False,cities,8088,Lavras do Mangabeira,09/09/2026,Quarta-feira,10:24:00,25,13,ENE,74,56,Sol,1018,1,25,sol
8089,5065,False,7,BR,Brasil,CE,Limoeiro do Norte,NE,False,-5.146,-38.098,False,False,cities,8089,Limoeiro do Norte,09/09/2026,Quarta-feira,10:24:00,26,10,E,86,63,Sol,1017,1,27,sol
8090,6836,False,7,BR,Brasil,CE,Madalena,NE,False,-4.857,-39.577,False,False,cities,8090,Madalena,09/09/2026,Quarta-feira,10:24:00,25,16,E,82,61,Sol,1017,1,24,sol
5624,978,False,7,BR,Brasil,CE,Maracanaú,NE,False,-3.877,-38.626,False,False,cities,5624,Maracanaú,09/09/2026,Quarta-feira,10:24:00,26,16,E,93,66,Sol,1016,1,26,sol
5625,979,False,7,BR,Brasil,CE,Maranguape,NE,False,-3.891,-38.686,False,False,cities,5625,Maranguape,09/09/2026,Quarta-feira,10:24:00,25,16,E,90,61,Sol,1016,1,24,sol
8091,5181,False,7,BR,Brasil,CE,Marco,NE,False,-3.124,-40.147,False,False,cities,8091,Marco,09/09/2026,Quarta-feira,10:24:00,26,16,E,94,71,Sol com algumas nuvens,1016,2,27,sol-com-algumas-nuvens
8092,5311,False,7,BR,Brasil,CE,Martinópole,NE,False,-3.226,-40.697,False,False,cities,8092,Martinópole,09/09/2026,Quarta-feira,11:09:00,27,20,E,90,68,Sol,1016,1,29,sol
8093,5839,False,7,BR,Brasil,CE,Massapê,NE,False,-3.523,-40.343,False,False,cities,8093,Massapê,09/09/2026,Quarta-feira,11:09:00,27,15,E,90,67,Sol,1016,1,27,sol
8094,5629,False,7,BR,Brasil,CE,Mauriti,NE,False,-7.389,-38.774,False,False,cities,8094,Mauriti,09/09/2026,Quarta-feira,11:09:00,23,10,ENE,71,60,Sol,1019,1,23,sol
8095,5840,False,7,BR,Brasil,CE,Meruoca,NE,False,-3.542,-40.455,False,False,cities,8095,Meruoca,09/09/2026,Quarta-feira,11:09:00,25,16,E,90,62,Sol,1016,1,24,sol
5626,980,False,7,BR,Brasil,CE,Messejana,NE,False,-3.832,-38.489,False,False,cities,5626,Messejana,09/09/2026,Quarta-feira,10:24:00,26,16,E,93,68,Sol com algumas nuvens,1016,2,26,sol-com-algumas-nuvens
8096,5528,False,7,BR,Brasil,CE,Milagres,NE,False,-7.313,-38.946,False,False,cities,8096,Milagres,09/09/2026,Quarta-feira,11:09:00,24,11,ENE,70,61,Sol,1019,1,24,sol
8097,5841,False,7,BR,Brasil,CE,Milhã,NE,False,-5.675,-39.194,False,False,cities,8097,Milhã,09/09/2026,Quarta-feira,11:09:00,27,13,E,80,54,Sol,1017,1,26,sol
8098,5842,False,7,BR,Brasil,CE,Miraíma,NE,False,-3.569,-39.97,False,False,cities,8098,Miraíma,09/09/2026,Quarta-feira,10:24:00,27,11,E,90,62,Sol,1016,1,28,sol
5627,981,False,7,BR,Brasil,CE,Missão Velha,NE,False,-7.25,-39.143,False,False,cities,5627,Missão Velha,09/09/2026,Quarta-feira,10:24:00,24,13,ENE,69,57,Sol,1019,1,23,sol
8099,982,False,7,BR,Brasil,CE,Mombaça,NE,False,-5.743,-39.627,False,False,cities,8099,Mombaça,09/09/2026,Quarta-feira,11:09:00,26,14,ENE,77,55,Sol,1017,1,26,sol
8100,983,False,7,BR,Brasil,CE,Mondubim,NE,False,-3.82,-38.578,False,False,cities,8100,Mondubim,09/09/2026,Quarta-feira,11:09:00,26,16,E,93,66,Sol com algumas nuvens,1016,2,26,sol-com-algumas-nuvens
8101,3417,False,7,BR,Brasil,CE,Monsenhor Tabosa,NE,False,-4.789,-40.063,False,False,cities,8101,Monsenhor Tabosa,09/09/2026,Quarta-feira,10:24:00,22,20,E,82,56,Sol,1017,1,20,sol
8102,984,False,7,BR,Brasil,CE,Morada Nova,NE,False,-5.107,-38.373,False,False,cities,8102,Morada Nova,09/09/2026,Quarta-feira,10:24:00,26,10,ESE,120,62,Sol,1016,1,27,sol
8103,5843,False,7,BR,Brasil,CE,Moraújo,NE,False,-3.467,-40.681,False,False,cities,8103,Moraújo,09/09/2026,Quarta-feira,10:24:00,27,19,E,90,70,Sol,1016,1,27,sol
8104,5844,False,7,BR,Brasil,CE,Morrinhos,NE,False,-3.229,-40.125,False,False,cities,8104,Morrinhos,09/09/2026,Quarta-feira,10:24:00,27,15,E,94,70,Sol,1016,1,28,sol
8105,5845,False,7,BR,Brasil,CE,Mucambo,NE,False,-3.9,-40.75,False,False,cities,8105,Mucambo,09/09/2026,Quarta-feira,10:24:00,26,17,E,90,70,Sol,1016,1,26,sol
8106,3143,False,7,BR,Brasil,CE,Mulungu,NE,False,-4.31,-39.0,False,False,cities,8106,Mulungu,09/09/2026,Quarta-feira,11:09:00,21,13,E,90,49,Sol,1017,1,18,sol
8108,5250,False,7,BR,Brasil,CE,Nova Russas,NE,False,-4.707,-40.563,False,False,cities,8108,Nova Russas,09/09/2026,Quarta-feira,11:09:00,26,5,E,81,65,Sol,1017,1,28,sol
8109,5847,False,7,BR,Brasil,CE,Novo Oriente,NE,False,-5.534,-40.774,False,False,cities,8109,Novo Oriente,09/09/2026,Quarta-feira,11:09:00,24,13,ENE,72,64,Sol com algumas nuvens,1017,2,24,sol-com-algumas-nuvens
8110,5848,False,7,BR,Brasil,CE,Ocara,NE,False,-4.491,-38.597,False,False,cities,8110,Ocara,09/09/2026,Quarta-feira,11:09:00,24,11,E,90,59,Sol,1017,1,24,sol
8111,5529,False,7,BR,Brasil,CE,Orós,NE,False,-6.244,-38.914,False,False,cities,8111,Orós,09/09/2026,Quarta-feira,10:24:00,27,14,ENE,77,57,Sol,1017,1,27,sol
8112,985,False,7,BR,Brasil,CE,Pacajus,NE,False,-4.173,-38.461,False,False,cities,8112,Pacajus,09/09/2026,Quarta-feira,11:09:00,26,14,E,90,65,Sol,1017,1,26,sol
8113,5849,False,7,BR,Brasil,CE,Pacatuba,NE,False,-3.984,-38.62,False,False,cities,8113,Pacatuba,09/09/2026,Quarta-feira,10:24:00,26,15,E,90,65,Sol,1016,1,26,sol
8114,3144,False,7,BR,Brasil,CE,Pacoti,NE,False,-4.225,-38.923,False,False,cities,8114,Pacoti,09/09/2026,Quarta-feira,10:24:00,21,13,E,90,49,Sol,1017,1,18,sol
8115,5850,False,7,BR,Brasil,CE,Pacujá,NE,False,-3.988,-40.697,False,False,cities,8115,Pacujá,09/09/2026,Quarta-feira,10:24:00,25,16,E,87,70,Sol,1016,1,25,sol
8116,5851,False,7,BR,Brasil,CE,Palhano,NE,False,-4.745,-37.959,False,False,cities,8116,Palhano,09/09/2026,Quarta-feira,11:09:00,26,11,E,90,67,Sol,1017,1,27,sol
8117,5852,False,7,BR,Brasil,CE,Palmácia,NE,False,-4.15,-38.846,False,False,cities,8117,Palmácia,09/09/2026,Quarta-feira,10:24:00,25,14,E,90,60,Sol,1017,1,25,sol
8118,4834,False,7,BR,Brasil,CE,Paracuru,NE,True,-3.41,-39.031,False,False,cities,8118,Paracuru,09/09/2026,Quarta-feira,10:24:00,27,24,E,96,70,Sol com algumas nuvens,1016,2,26,sol-com-algumas-nuvens
8119,5853,False,7,BR,Brasil,CE,Paraipaba,NE,True,-3.439,-39.148,False,False,cities,8119,Paraipaba,09/09/2026,Quarta-feira,10:24:00,27,20,E,94,68,Sol,1016,1,26,sol
8120,5854,False,7,BR,Brasil,CE,Parambu,NE,False,-6.211,-40.694,False,False,cities,8120,Parambu,09/09/2026,Quarta-feira,11:09:00,24,16,ENE,67,45,Sol,1017,1,22,sol
8121,5855,False,7,BR,Brasil,CE,Paramoti,NE,False,-4.097,-39.239,False,False,cities,8121,Paramoti,09/09/2026,Quarta-feira,11:09:00,27,13,E,90,60,Sol,1016,1,27,sol
8122,986,False,7,BR,Brasil,CE,Parangaba,NE,False,-3.786,-38.562,False,False,cities,8122,Parangaba,09/09/2026,Quarta-feira,11:09:00,26,18,SSE,150,68,Sol com algumas nuvens,1016,2,26,sol-com-algumas-nuvens
8123,6973,False,7,BR,Brasil,CE,Pecém,NE,True,-3.548,-38.83,False,False,cities,8123,Pecém,09/09/2026,Quarta-feira,11:09:00,27,22,E,95,69,Sol,1016,1,26,sol
8124,987,False,7,BR,Brasil,CE,Pedra Branca,NE,False,-5.454,-39.717,False,False,cities,8124,Pedra Branca,09/09/2026,Quarta-feira,11:09:00,24,15,ENE,78,52,Sol,1017,1,22,sol
8125,5856,False,7,BR,Brasil,CE,Penaforte,NE,False,-7.829,-39.077,False,False,cities,8125,Penaforte,09/09/2026,Quarta-feira,11:09:00,22,9,ENE,66,63,Sol,1019,1,22,sol
8126,988,False,7,BR,Brasil,CE,Pentecoste,NE,False,-3.793,-39.27,False,False,cities,8126,Pentecoste,09/09/2026,Quarta-feira,10:24:00,26,16,E,90,62,Sol,1016,1,26,sol
8127,5857,False,7,BR,Brasil,CE,Pereiro,NE,False,-6.042,-38.46,False,False,cities,8127,Pereiro,09/09/2026,Quarta-feira,11:09:00,24,15,E,80,60,Sol,1017,1,24,sol
8128,5858,False,7,BR,Brasil,CE,Pindoretama,NE,False,-4.027,-38.305,False,False,cities,8128,Pindoretama,09/09/2026,Quarta-feira,11:09:00,26,15,E,92,67,Sol com algumas nuvens,1016,2,26,sol-com-algumas-nuvens
8129,5859,False,7,BR,Brasil,CE,Piquet Carneiro,NE,False,-5.804,-39.418,False,False,cities,8129,Piquet Carneiro,09/09/2026,Quarta-feira,11:09:00,26,14,ENE,78,54,Sol,1017,1,26,sol
8130,5860,False,7,BR,Brasil,CE,Pires Ferreira,NE,False,-4.247,-40.645,False,False,cities,8130,Pires Ferreira,09/09/2026,Quarta-feira,10:24:00,24,12,E,85,70,Sol,1017,1,24,sol
8131,5251,False,7,BR,Brasil,CE,Poranga,NE,False,-4.745,-40.926,False,False,cities,8131,Poranga,09/09/2026,Quarta-feira,11:09:00,22,9,E,79,59,Sol,1016,1,22,sol
8132,5861,False,7,BR,Brasil,CE,Porteiras,NE,False,-7.535,-39.118,False,False,cities,8132,Porteiras,09/09/2026,Quarta-feira,11:09:00,22,11,ENE,69,57,Sol,1019,1,22,sol
8133,5663,False,7,BR,Brasil,CE,Potengi,NE,False,-7.091,-40.027,False,False,cities,8133,Potengi,09/09/2026,Quarta-feira,11:09:00,22,18,ENE,64,54,Sol,1019,1,19,sol
8134,5630,False,7,BR,Brasil,CE,Potiretama,NE,False,-5.724,-38.156,False,False,cities,8134,Potiretama,09/09/2026,Quarta-feira,10:24:00,26,14,E,82,60,Sol,1017,1,26,sol
8135,5862,False,7,BR,Brasil,CE,Quiterianópolis,NE,False,-5.843,-40.701,False,False,cities,8135,Quiterianópolis,09/09/2026,Quarta-feira,11:09:00,24,14,ENE,69,57,Sol com algumas nuvens,1017,2,23,sol-com-algumas-nuvens
8136,989,False,7,BR,Brasil,CE,Quixadá,NE,False,-4.971,-39.015,False,False,cities,8136,Quixadá,09/09/2026,Quarta-feira,10:24:00,25,11,NE,40,55,Sol,1017,1,25,sol
8137,5631,False,7,BR,Brasil,CE,Quixelô,NE,False,-6.254,-39.22,False,False,cities,8137,Quixelô,09/09/2026,Quarta-feira,11:09:00,26,14,ENE,75,52,Sol,1017,1,25,sol
8138,990,False,7,BR,Brasil,CE,Quixeramobim,NE,False,-5.199,-39.293,False,False,cities,8138,Quixeramobim,09/09/2026,Quarta-feira,11:09:00,27,13,E,82,59,Sol,1016,1,27,sol
8139,5863,False,7,BR,Brasil,CE,Quixeré,NE,False,-5.074,-37.989,False,False,cities,8139,Quixeré,09/09/2026,Quarta-feira,11:09:00,26,11,E,86,63,Sol,1017,1,27,sol
8140,991,False,7,BR,Brasil,CE,Redenção,NE,False,-4.226,-38.731,False,False,cities,8140,Redenção,09/09/2026,Quarta-feira,10:24:00,25,13,E,90,63,Sol,1017,1,25,sol
8141,992,False,7,BR,Brasil,CE,Reriutaba,NE,False,-4.142,-40.582,False,False,cities,8141,Reriutaba,09/09/2026,Quarta-feira,10:24:00,25,14,E,86,74,Sol,1017,1,27,sol
8142,3407,False,7,BR,Brasil,CE,Russas,NE,False,-4.94,-37.976,False,False,cities,8142,Russas,09/09/2026,Quarta-feira,11:09:00,26,10,E,87,65,Sol,1017,1,27,sol
8143,5182,False,7,BR,Brasil,CE,Saboeiro,NE,False,-6.542,-39.907,False,False,cities,8143,Saboeiro,09/09/2026,Quarta-feira,11:09:00,25,15,ENE,69,51,Sol,1018,1,24,sol
8144,5864,False,7,BR,Brasil,CE,Salitre,NE,False,-7.285,-40.457,False,False,cities,8144,Salitre,09/09/2026,Quarta-feira,10:24:00,21,22,ENE,61,56,Sol,1019,1,17,sol
8147,993,False,7,BR,Brasil,CE,Santa Quitéria,NE,False,-4.332,-40.157,False,False,cities,8147,Santa Quitéria,09/09/2026,Quarta-feira,10:24:00,26,14,E,85,62,Sol,1016,1,26,sol
8145,5865,False,7,BR,Brasil,CE,Santana do Acaraú,NE,False,-3.461,-40.212,False,False,cities,8145,Santana do Acaraú,09/09/2026,Quarta-feira,11:09:00,27,14,E,90,66,Sol,1016,1,29,sol
8146,5866,False,7,BR,Brasil,CE,Santana do Cariri,NE,False,-7.188,-39.737,False,False,cities,8146,Santana do Cariri,09/09/2026,Quarta-feira,10:24:00,20,16,ENE,66,49,Sol,1019,1,17,sol
8152,994,False,7,BR,Brasil,CE,Senador Pompeu,NE,False,-5.588,-39.372,False,False,cities,8152,Senador Pompeu,09/09/2026,Quarta-feira,11:09:00,26,13,E,80,55,Sol,1017,1,26,sol
8153,5867,False,7,BR,Brasil,CE,Senador Sá,NE,False,-3.351,-40.463,False,False,cities,8153,Senador Sá,09/09/2026,Quarta-feira,11:09:00,27,16,E,90,64,Sol,1016,1,27,sol
8154,995,False,7,BR,Brasil,CE,Sobral,NE,False,-3.686,-40.35,False,False,cities,8154,Sobral,09/09/2026,Quarta-feira,11:09:00,26,15,E,90,70,Sol,1016,1,27,sol
8155,996,False,7,BR,Brasil,CE,Solonópole,NE,False,-5.733,-39.008,False,False,cities,8155,Solonópole,09/09/2026,Quarta-feira,11:09:00,27,12,E,80,56,Sol,1017,1,28,sol
8156,5183,False,7,BR,Brasil,CE,Sucesso,NE,False,-4.944,-40.536,False,False,cities,8156,Sucesso,09/09/2026,Quarta-feira,10:24:00,26,13,ENE,78,62,Sol,1017,1,26,sol
8148,5184,False,7,BR,Brasil,CE,São Benedito,NE,False,-4.049,-40.865,False,False,cities,8148,São Benedito,09/09/2026,Quarta-feira,11:09:00,24,16,E,86,64,Sol,1016,1,22,sol
8149,4943,False,7,BR,Brasil,CE,São Gonçalo do Amarante,NE,True,-3.607,-38.968,False,False,cities,8149,São Gonçalo do Amarante,09/09/2026,Quarta-feira,10:24:00,26,19,E,94,67,Sol,1016,1,26,sol
8150,5868,False,7,BR,Brasil,CE,São João do Jaguaribe,NE,False,-5.271,-38.274,False,False,cities,8150,São João do Jaguaribe,09/09/2026,Quarta-feira,11:09:00,26,10,E,85,62,Sol,1017,1,27,sol
8151,5869,False,7,BR,Brasil,CE,São Luís do Curu,NE,False,-3.67,-39.243,False,False,cities,8151,São Luís do Curu,09/09/2026,Quarta-feira,10:24:00,26,18,E,93,65,Sol,1016,1,26,sol
8157,5870,False,7,BR,Brasil,CE,Tabuleiro do Norte,NE,False,-5.247,-38.131,False,False,cities,8157,Tabuleiro do Norte,09/09/2026,Quarta-feira,10:24:00,26,11,E,85,63,Sol,1017,1,27,sol
8158,3418,False,7,BR,Brasil,CE,Tamboril,NE,False,-4.832,-40.321,False,False,cities,8158,Tamboril,09/09/2026,Quarta-feira,10:24:00,25,14,E,80,59,Sol,1017,1,24,sol
8159,5871,False,7,BR,Brasil,CE,Tarrafas,NE,False,-6.684,-39.761,False,False,cities,8159,Tarrafas,09/09/2026,Quarta-feira,11:09:00,24,15,ENE,70,52,Sol,1018,1,23,sol
8160,997,False,7,BR,Brasil,CE,Tauá,NE,False,-6.003,-40.293,False,False,cities,8160,Tauá,09/09/2026,Quarta-feira,11:09:00,26,13,W,260,54,Sol com algumas nuvens,1017,2,25,sol-com-algumas-nuvens
8161,5872,False,7,BR,Brasil,CE,Tejuçuoca,NE,False,-3.989,-39.581,False,False,cities,8161,Tejuçuoca,09/09/2026,Quarta-feira,10:24:00,26,14,E,90,60,Sol,1016,1,27,sol
8162,998,False,7,BR,Brasil,CE,Tianguá,NE,False,-3.732,-40.992,False,False,cities,8162,Tianguá,09/09/2026,Quarta-feira,11:09:00,22,20,SSE,150,57,Sol,1016,1,19,sol
8163,5530,False,7,BR,Brasil,CE,Trairi,NE,True,-3.278,-39.269,False,False,cities,8163,Trairi,09/09/2026,Quarta-feira,11:09:00,27,23,E,96,73,Sol,1016,1,27,sol
8164,5873,False,7,BR,Brasil,CE,Tururu,NE,False,-3.581,-39.437,False,False,cities,8164,Tururu,09/09/2026,Quarta-feira,11:09:00,26,18,E,93,65,Sol,1016,1,26,sol
8165,4756,False,7,BR,Brasil,CE,Ubajara,NE,False,-3.854,-40.921,False,False,cities,8165,Ubajara,09/09/2026,Quarta-feira,11:09:00,22,18,E,85,55,Sol,1016,1,19,sol
8166,5874,False,7,BR,Brasil,CE,Umari,NE,False,-6.648,-38.7,False,False,cities,8166,Umari,09/09/2026,Quarta-feira,10:24:00,25,12,ENE,76,56,Sol,1018,1,24,sol
8167,5875,False,7,BR,Brasil,CE,Umirim,NE,False,-3.677,-39.35,False,False,cities,8167,Umirim,09/09/2026,Quarta-feira,10:24:00,26,18,E,93,65,Sol,1016,1,26,sol
8169,5877,False,7,BR,Brasil,CE,Uruoca,NE,False,-3.314,-40.557,False,False,cities,8169,Uruoca,09/09/2026,Quarta-feira,11:09:00,27,18,E,90,63,Sol,1016,1,26,sol
8170,5878,False,7,BR,Brasil,CE,Varjota,NE,False,-4.194,-40.477,False,False,cities,8170,Varjota,09/09/2026,Quarta-feira,10:24:00,26,13,E,86,68,Sol,1016,1,28,sol
8172,999,False,7,BR,Brasil,CE,Viçosa do Ceará,NE,False,-3.562,-41.092,False,False,cities,8172,Viçosa do Ceará,09/09/2026,Quarta-feira,11:09:00,24,21,E,90,60,Sol,1016,1,22,sol
8171,1000,False,7,BR,Brasil,CE,Várzea Alegre,NE,False,-6.789,-39.296,False,False,cities,8171,Várzea Alegre,09/09/2026,Quarta-feira,10:24:00,24,14,ENE,71,52,Sol,1018,1,23,sol
5392,2091,False,7,BR,Brasil,DF,Boa Vista,CO,False,-15.667,-47.533,False,False,cities,5392,Boa Vista,09/09/2026,Quarta-feira,10:24:00,19,9,SE,140,53,Nublado,1019,3,17,nublado
8173,61,True,7,BR,Brasil,DF,Brasília,CO,False,-15.789,-47.926,True,False,cities,8173,Brasília,09/09/2026,Quarta-feira,11:09:00,20,7,E,80,53,Nublado,1019,3,18,nublado
8174,2147,False,7,BR,Brasil,DF,Brazlândia,CO,False,-15.667,-48.2,False,False,cities,8174,Brazlândia,09/09/2026,Quarta-feira,10:24:00,19,6,ENE,77,52,Nublado,1018,3,18,nublado
8175,718,False,7,BR,Brasil,DF,Ceilândia,CO,False,-15.817,-48.117,False,False,cities,8175,Ceilândia,09/09/2026,Quarta-feira,10:24:00,19,6,NNE,30,51,Nublado,1019,3,17,nublado
8176,3394,False,7,BR,Brasil,DF,Cruzeiro,CO,False,-15.783,-47.95,False,False,cities,8176,Cruzeiro,09/09/2026,Quarta-feira,10:24:00,20,7,E,80,53,Nublado,1019,3,18,nublado
8177,719,False,7,BR,Brasil,DF,Gama,CO,False,-16.017,-48.05,False,False,cities,8177,Gama,09/09/2026,Quarta-feira,11:09:00,20,6,ENE,74,54,Nublado,1019,3,18,nublado
8178,720,False,7,BR,Brasil,DF,Guará,CO,False,-15.817,-47.983,False,False,cities,8178,Guará,09/09/2026,Quarta-feira,11:09:00,20,7,ESE,120,53,Nublado,1019,3,18,nublado
8179,6916,False,7,BR,Brasil,DF,Núcleo Bandeirante,CO,False,-15.85,-47.967,False,False,cities,8179,Núcleo Bandeirante,09/09/2026,Quarta-feira,10:24:00,20,7,ESE,120,53,Nublado,1019,3,18,nublado
8180,5021,False,7,BR,Brasil,DF,Paranoá,CO,False,-15.817,-47.817,False,False,cities,8180,Paranoá,09/09/2026,Quarta-feira,10:24:00,19,8,ENE,75,53,Nublado,1019,3,18,nublado
8181,721,False,7,BR,Brasil,DF,Planaltina,CO,False,-15.617,-47.667,False,False,cities,8181,Planaltina,09/09/2026,Quarta-feira,10:24:00,19,9,ENE,77,53,Nublado,1018,3,18,nublado
8182,6926,False,7,BR,Brasil,DF,Recanto das Emas,CO,False,-15.917,-48.133,False,False,cities,8182,Recanto das Emas,09/09/2026,Quarta-feira,11:09:00,19,6,NNE,30,51,Nublado,1019,3,17,nublado
8183,5357,False,7,BR,Brasil,DF,Samambaia,CO,False,-15.867,-48.05,False,False,cities,8183,Samambaia,09/09/2026,Quarta-feira,10:24:00,19,6,NNE,30,51,Nublado,1019,3,17,nublado
8184,5252,False,7,BR,Brasil,DF,Santa Maria,CO,False,-16.0,-47.967,False,False,cities,8184,Santa Maria,09/09/2026,Quarta-feira,11:09:00,19,7,ENE,74,53,Nublado,1019,3,18,nublado
8186,2148,False,7,BR,Brasil,DF,Sobradinho,CO,False,-15.633,-47.817,False,False,cities,8186,Sobradinho,09/09/2026,Quarta-feira,11:09:00,19,8,ENE,76,50,Nublado,1018,3,17,nublado
8185,2149,False,7,BR,Brasil,DF,São Sebastião,CO,False,-15.9,-47.717,False,False,cities,8185,São Sebastião,09/09/2026,Quarta-feira,10:24:00,20,8,ENE,75,57,Nublado,1019,3,19,nublado
8187,3395,False,7,BR,Brasil,DF,Taguatinga,CO,False,-15.767,-47.933,False,False,cities,8187,Taguatinga,09/09/2026,Quarta-feira,10:24:00,20,7,E,80,53,Nublado,1019,3,18,nublado
8188,2032,False,7,BR,Brasil,ES,Afonso Cláudio,SE,False,-20.074,-41.124,False,True,cities,8188,Afonso Cláudio,09/09/2026,Quarta-feira,10:24:00,18,2,N,6,70,Sol com muitas nuvens,1022,2r,18,sol-com-muitas-nuvens
8191,62,False,7,BR,Brasil,ES,Alegre,SE,False,-20.764,-41.533,False,False,cities,8191,Alegre,09/09/2026,Quarta-feira,10:24:00,19,2,ENE,78,76,Sol com muitas nuvens,1022,2r,20,sol-com-muitas-nuvens
8192,3367,False,7,BR,Brasil,ES,Alfredo Chaves,SE,True,-20.635,-40.75,False,False,cities,8192,Alfredo Chaves,09/09/2026,Quarta-feira,10:24:00,20,5,E,80,85,Sol com muitas nuvens,1021,2r,22,sol-com-muitas-nuvens
8193,3530,False,7,BR,Brasil,ES,Alto Rio Novo,SE,False,-19.056,-41.017,False,False,cities,8193,Alto Rio Novo,09/09/2026,Quarta-feira,11:09:00,19,3,E,90,71,Sol com muitas nuvens,1021,2r,20,sol-com-muitas-nuvens
8194,3067,False,7,BR,Brasil,ES,Anchieta,SE,True,-20.75,-40.646,False,False,cities,8194,Anchieta,09/09/2026,Quarta-feira,10:24:00,21,6,E,79,91,Sol com muitas nuvens,1021,2r,23,sol-com-muitas-nuvens
8195,3531,False,7,BR,Brasil,ES,Apiacá,SE,False,-21.154,-41.568,False,False,cities,8195,Apiacá,09/09/2026,Quarta-feira,10:24:00,20,3,ENE,76,89,Nublado,1021,3,22,nublado
8196,63,False,7,BR,Brasil,ES,Aracruz,SE,True,-19.82,-40.273,False,False,cities,8196,Aracruz,09/09/2026,Quarta-feira,11:09:00,21,4,E,85,89,Sol com muitas nuvens,1022,2r,24,sol-com-muitas-nuvens
8197,3532,False,7,BR,Brasil,ES,Atilio Vivacqua,SE,False,-20.914,-41.198,False,False,cities,8197,Atilio Vivacqua,09/09/2026,Quarta-feira,11:09:00,19,3,ENE,78,84,Sol com muitas nuvens,1021,2r,21,sol-com-muitas-nuvens
8198,64,False,7,BR,Brasil,ES,Baixo Guandu,SE,False,-19.519,-41.016,False,False,cities,8198,Baixo Guandu,09/09/2026,Quarta-feira,11:09:00,21,3,E,90,85,Sol com muitas nuvens,1020,2r,24,sol-com-muitas-nuvens
8199,65,False,7,BR,Brasil,ES,Barra de São Francisco,SE,False,-18.755,-40.891,False,False,cities,8199,Barra de São Francisco,09/09/2026,Quarta-feira,10:24:00,20,3,E,87,79,Sol com muitas nuvens,1021,2r,22,sol-com-muitas-nuvens
8200,3533,False,7,BR,Brasil,ES,Boa Esperança,SE,False,-18.54,-40.296,False,False,cities,8200,Boa Esperança,09/09/2026,Quarta-feira,11:09:00,22,6,E,90,92,Sol com muitas nuvens,1021,2r,24,sol-com-muitas-nuvens
8201,3534,False,7,BR,Brasil,ES,Bom Jesus do Norte,SE,False,-21.132,-41.677,False,True,cities,8201,Bom Jesus do Norte,09/09/2026,Quarta-feira,10:24:00,19,3,ENE,76,87,Nublado,1021,3,21,nublado
8202,3535,False,7,BR,Brasil,ES,Brejetuba,SE,False,-20.146,-41.29,False,True,cities,8202,Brejetuba,09/09/2026,Quarta-feira,10:24:00,17,2,E,83,65,Sol com muitas nuvens,1022,2r,17,sol-com-muitas-nuvens
8203,4944,False,7,BR,Brasil,ES,Burarama,SE,False,-20.681,-41.347,False,False,cities,8203,Burarama,09/09/2026,Quarta-feira,10:24:00,19,2,E,79,77,Sol com muitas nuvens,1022,2r,20,sol-com-muitas-nuvens
8204,66,False,7,BR,Brasil,ES,Cachoeiro de Itapemirim,SE,False,-20.849,-41.113,False,True,cities,8204,Cachoeiro de Itapemirim,09/09/2026,Quarta-feira,11:09:00,20,3,ENE,78,90,Sol com muitas nuvens,1021,2r,23,sol-com-muitas-nuvens
8205,722,False,7,BR,Brasil,ES,Carapina,SE,False,-20.231,-40.273,False,False,cities,8205,Carapina,09/09/2026,Quarta-feira,11:09:00,22,5,SW,231,93,Sol com muitas nuvens,1022,2r,25,sol-com-muitas-nuvens
8206,723,False,7,BR,Brasil,ES,Cariacica,SE,False,-20.264,-40.42,False,False,cities,8206,Cariacica,09/09/2026,Quarta-feira,11:09:00,21,4,E,83,88,Sol com muitas nuvens,1022,2r,23,sol-com-muitas-nuvens
8207,67,False,7,BR,Brasil,ES,Castelo,SE,False,-20.604,-41.185,False,False,cities,8207,Castelo,09/09/2026,Quarta-feira,10:24:00,21,2,E,80,88,Sol com algumas nuvens,1022,2,24,sol-com-algumas-nuvens
8208,68,False,7,BR,Brasil,ES,Colatina,SE,False,-19.539,-40.631,False,True,cities,8208,Colatina,09/09/2026,Quarta-feira,11:09:00,21,4,E,90,91,Sol com algumas nuvens,1022,2,24,sol-com-algumas-nuvens
8209,3491,False,7,BR,Brasil,ES,Conceição da Barra,SE,True,-18.593,-39.732,False,False,cities,8209,Conceição da Barra,09/09/2026,Quarta-feira,10:24:00,23,6,E,90,95,Sol com muitas nuvens,1020,2r,27,sol-com-muitas-nuvens
8210,3536,False,7,BR,Brasil,ES,Conceição do Castelo,SE,False,-20.368,-41.244,False,False,cities,8210,Conceição do Castelo,09/09/2026,Quarta-feira,11:09:00,17,2,NE,54,66,Sol com muitas nuvens,1022,2r,17,sol-com-muitas-nuvens
8211,6928,False,7,BR,Brasil,ES,Coqueiral,SE,False,-19.9,-40.1,False,False,cities,8211,Coqueiral,09/09/2026,Quarta-feira,10:24:00,22,6,E,85,94,Sol com muitas nuvens,1022,2r,25,sol-com-muitas-nuvens
8212,4905,False,7,BR,Brasil,ES,Cristal do Norte,SE,False,-18.08,-40.111,False,False,cities,8212,Cristal do Norte,09/09/2026,Quarta-feira,10:24:00,22,7,E,90,93,Sol com muitas nuvens,1021,2r,25,sol-com-muitas-nuvens
3392,4148,False,7,BR,Brasil,ES,Divino de São Lourenço,SE,False,-20.62,-41.686,False,False,cities,3392,Divino de São Lourenço,09/09/2026,Quarta-feira,10:24:00,19,2,E,79,68,Sol com muitas nuvens,1022,2r,19,sol-com-muitas-nuvens
8213,2019,False,7,BR,Brasil,ES,Domingos Martins,SE,False,-20.363,-40.659,False,False,cities,8213,Domingos Martins,09/09/2026,Quarta-feira,10:24:00,17,4,E,82,70,Sol com muitas nuvens,1021,2r,17,sol-com-muitas-nuvens
8214,3537,False,7,BR,Brasil,ES,Dores do Rio Preto,SE,False,-20.689,-41.845,False,False,cities,8214,Dores do Rio Preto,09/09/2026,Quarta-feira,11:09:00,18,2,ENE,78,67,Sol com muitas nuvens,1022,2r,18,sol-com-muitas-nuvens
8215,69,False,7,BR,Brasil,ES,Ecoporanga,SE,False,-18.373,-40.831,False,False,cities,8215,Ecoporanga,09/09/2026,Quarta-feira,10:24:00,21,6,E,90,85,Sol com muitas nuvens,1022,2r,22,sol-com-muitas-nuvens
8216,3538,False,7,BR,Brasil,ES,Fundão,SE,True,-19.933,-40.407,False,False,cities,8216,Fundão,09/09/2026,Quarta-feira,11:09:00,20,4,E,90,83,Sol com muitas nuvens,1022,2r,22,sol-com-muitas-nuvens
4874,6128,False,7,BR,Brasil,ES,Governador Lindenberg,SE,False,-19.253,-40.46,False,True,cities,4874,Governador Lindenberg,09/09/2026,Quarta-feira,10:24:00,20,4,E,90,84,Sol com muitas nuvens,1022,2r,22,sol-com-muitas-nuvens
8218,70,False,7,BR,Brasil,ES,Guarapari,SE,True,-20.667,-40.498,True,False,cities,8218,Guarapari,09/09/2026,Quarta-feira,10:24:00,22,7,E,80,92,Sol com muitas nuvens,1021,2r,24,sol-com-muitas-nuvens
8217,2615,False,7,BR,Brasil,ES,Guaçuí,SE,False,-20.776,-41.679,False,False,cities,8217,Guaçuí,09/09/2026,Quarta-feira,10:24:00,18,2,ENE,78,71,Sol com muitas nuvens,1022,2r,19,sol-com-muitas-nuvens
8219,6794,False,7,BR,Brasil,ES,Guriri,SE,False,-18.733,-39.9,False,False,cities,8219,Guriri,09/09/2026,Quarta-feira,10:24:00,23,6,E,90,94,Sol com muitas nuvens,1020,2r,26,sol-com-muitas-nuvens
8220,3539,False,7,BR,Brasil,ES,Ibatiba,SE,False,-20.234,-41.511,False,False,cities,8220,Ibatiba,09/09/2026,Quarta-feira,10:24:00,17,2,E,82,63,Sol com muitas nuvens,1022,2r,17,sol-com-muitas-nuvens
8221,3368,False,7,BR,Brasil,ES,Ibiraçu,SE,False,-19.832,-40.37,False,False,cities,8221,Ibiraçu,09/09/2026,Quarta-feira,11:09:00,21,4,E,85,89,Sol com algumas nuvens,1022,2,24,sol-com-algumas-nuvens
8222,3540,False,7,BR,Brasil,ES,Ibitirama,SE,False,-20.541,-41.667,False,False,cities,8222,Ibitirama,09/09/2026,Quarta-feira,10:24:00,20,2,E,79,67,Sol com muitas nuvens,1022,2r,21,sol-com-muitas-nuvens
8223,4976,False,7,BR,Brasil,ES,Ibitirui,SE,False,-20.604,-40.857,False,False,cities,8223,Ibitirui,09/09/2026,Quarta-feira,10:24:00,18,4,E,80,76,Sol com muitas nuvens,1021,2r,19,sol-com-muitas-nuvens
8224,3541,False,7,BR,Brasil,ES,Iconha,SE,False,-20.793,-40.811,False,False,cities,8224,Iconha,09/09/2026,Quarta-feira,11:09:00,19,5,E,79,82,Sol com muitas nuvens,1021,2r,20,sol-com-muitas-nuvens
8225,3542,False,7,BR,Brasil,ES,Irupi,SE,False,-20.345,-41.641,False,True,cities,8225,Irupi,09/09/2026,Quarta-feira,11:09:00,20,2,E,80,66,Sol com muitas nuvens,1022,2r,21,sol-com-muitas-nuvens
8226,71,False,7,BR,Brasil,ES,Itaguaçu,SE,False,-19.802,-40.856,False,True,cities,8226,Itaguaçu,09/09/2026,Quarta-feira,11:09:00,20,3,E,90,82,Sol com algumas nuvens,1021,2,21,sol-com-algumas-nuvens
8227,5358,False,7,BR,Brasil,ES,Itaipava,SE,True,-20.887,-40.87,False,False,cities,8227,Itaipava,09/09/2026,Quarta-feira,11:09:00,21,5,ENE,79,92,Sol com muitas nuvens,1020,2r,23,sol-com-muitas-nuvens
8228,6917,False,7,BR,Brasil,ES,Itamira,SE,False,-18.252,-40.513,False,False,cities,8228,Itamira,09/09/2026,Quarta-feira,11:09:00,21,7,E,94,86,Sol com muitas nuvens,1022,2r,22,sol-com-muitas-nuvens
8229,5111,False,7,BR,Brasil,ES,Itaoca,SE,True,-20.727,-41.134,False,False,cities,8229,Itaoca,09/09/2026,Quarta-feira,10:24:00,19,3,E,79,83,Sol com muitas nuvens,1021,2r,21,sol-com-muitas-nuvens
8231,72,False,7,BR,Brasil,ES,Itaquari,SE,False,-20.334,-40.362,False,False,cities,8231,Itaquari,09/09/2026,Quarta-feira,10:24:00,22,6,E,81,93,Sol com muitas nuvens,1021,2r,25,sol-com-muitas-nuvens
8232,3457,False,7,BR,Brasil,ES,Itarana,SE,False,-19.874,-40.875,False,False,cities,8232,Itarana,09/09/2026,Quarta-feira,11:09:00,18,3,E,90,75,Sol com algumas nuvens,1022,2,19,sol-com-algumas-nuvens
8233,5253,False,7,BR,Brasil,ES,Itaúnas,SE,False,-18.419,-39.709,False,False,cities,8233,Itaúnas,09/09/2026,Quarta-feira,10:24:00,24,6,E,90,93,Sol com muitas nuvens,1021,2r,27,sol-com-muitas-nuvens
8234,73,False,7,BR,Brasil,ES,Iúna,SE,False,-20.346,-41.536,False,True,cities,8234,Iúna,09/09/2026,Quarta-feira,10:24:00,19,2,E,80,66,Sol com muitas nuvens,1022,2r,20,sol-com-muitas-nuvens
8235,4855,False,7,BR,Brasil,ES,Jacaraípe,SE,True,-20.133,-40.2,False,False,cities,8235,Jacaraípe,09/09/2026,Quarta-feira,11:09:00,22,6,E,83,93,Sol com muitas nuvens,1022,2r,25,sol-com-muitas-nuvens
8236,3543,False,7,BR,Brasil,ES,Jaguaré,SE,True,-18.906,-40.076,False,True,cities,8236,Jaguaré,09/09/2026,Quarta-feira,10:24:00,22,6,E,90,93,Sol com muitas nuvens,1021,2r,25,sol-com-muitas-nuvens
8237,3544,False,7,BR,Brasil,ES,Jerônimo Monteiro,SE,False,-20.789,-41.395,False,False,cities,8237,Jerônimo Monteiro,09/09/2026,Quarta-feira,11:09:00,20,2,SE,137,86,Sol com muitas nuvens,1022,2r,23,sol-com-muitas-nuvens
8238,74,False,7,BR,Brasil,ES,João Neiva,SE,False,-19.758,-40.386,False,False,cities,8238,João Neiva,09/09/2026,Quarta-feira,10:24:00,21,5,E,90,89,Sol com muitas nuvens,1022,2r,23,sol-com-muitas-nuvens
8239,3545,False,7,BR,Brasil,ES,Laranja da Terra,SE,False,-19.899,-41.057,False,False,cities,8239,Laranja da Terra,09/09/2026,Quarta-feira,10:24:00,20,2,E,90,79,Sol com muitas nuvens,1021,2r,21,sol-com-muitas-nuvens
8240,75,False,7,BR,Brasil,ES,Linhares,SE,True,-19.391,-40.072,False,True,cities,8240,Linhares,09/09/2026,Quarta-feira,10:24:00,21,6,SE,129,94,Sol com muitas nuvens,1022,2r,24,sol-com-muitas-nuvens
8241,3546,False,7,BR,Brasil,ES,Mantenópolis,SE,False,-18.863,-41.123,False,False,cities,8241,Mantenópolis,09/09/2026,Quarta-feira,10:24:00,19,3,E,90,71,Sol com muitas nuvens,1021,2r,20,sol-com-muitas-nuvens
8242,76,False,7,BR,Brasil,ES,Marataizes,SE,True,-21.043,-40.824,False,False,cities,8242,Marataizes,09/09/2026,Quarta-feira,11:09:00,21,6,ENE,78,93,Sol com muitas nuvens,1020,2r,23,sol-com-muitas-nuvens
8243,3506,False,7,BR,Brasil,ES,Marechal Floriano,SE,False,-20.413,-40.683,False,False,cities,8243,Marechal Floriano,09/09/2026,Quarta-feira,10:24:00,17,4,E,82,70,Sol com muitas nuvens,1021,2r,17,sol-com-muitas-nuvens
8244,3547,False,7,BR,Brasil,ES,Marilândia,SE,False,-19.413,-40.542,False,False,cities,8244,Marilândia,09/09/2026,Quarta-feira,10:24:00,20,4,E,90,85,Sol com muitas nuvens,1022,2r,22,sol-com-muitas-nuvens
8245,6788,False,7,BR,Brasil,ES,Melgaço,SE,False,-20.193,-40.76,False,False,cities,8245,Melgaço,09/09/2026,Quarta-feira,11:09:00,17,3,E,83,70,Sol com muitas nuvens,1022,2r,17,sol-com-muitas-nuvens
8246,3548,False,7,BR,Brasil,ES,Mimoso do Sul,SE,False,-21.064,-41.366,False,False,cities,8246,Mimoso do Sul,09/09/2026,Quarta-feira,10:24:00,19,4,ENE,77,87,Sol com muitas nuvens,1021,2r,21,sol-com-muitas-nuvens
3257,3549,False,7,BR,Brasil,ES,Montanha,SE,False,-18.127,-40.363,False,False,cities,3257,Montanha,09/09/2026,Quarta-feira,10:24:00,21,7,E,90,90,Sol com muitas nuvens,1022,2r,23,sol-com-muitas-nuvens
8247,3550,False,7,BR,Brasil,ES,Mucurici,SE,False,-18.093,-40.516,False,False,cities,8247,Mucurici,09/09/2026,Quarta-feira,10:24:00,21,8,E,94,86,Sol com muitas nuvens,1022,2r,22,sol-com-muitas-nuvens
8248,2033,False,7,BR,Brasil,ES,Muniz Freire,SE,False,-20.464,-41.413,False,True,cities,8248,Muniz Freire,09/09/2026,Quarta-feira,11:09:00,20,2,E,80,74,Sol com muitas nuvens,1022,2r,21,sol-com-muitas-nuvens
8249,3551,False,7,BR,Brasil,ES,Muqui,SE,False,-20.952,-41.346,False,False,cities,8249,Muqui,09/09/2026,Quarta-feira,10:24:00,18,3,ENE,77,80,Sol com muitas nuvens,1021,2r,19,sol-com-muitas-nuvens
8250,5112,False,7,BR,Brasil,ES,Nova Almeida,SE,False,-20.057,-40.3,False,False,cities,8250,Nova Almeida,09/09/2026,Quarta-feira,11:09:00,21,5,E,84,90,Sol com muitas nuvens,1022,2r,24,sol-com-muitas-nuvens
8251,77,False,7,BR,Brasil,ES,Nova Venécia,SE,False,-18.711,-40.401,False,True,cities,8251,Nova Venécia,09/09/2026,Quarta-feira,11:09:00,20,5,E,90,88,Sol com muitas nuvens,1022,2r,22,sol-com-muitas-nuvens
8252,6795,False,7,BR,Brasil,ES,Pacotuba,SE,False,-20.761,-41.265,False,False,cities,8252,Pacotuba,09/09/2026,Quarta-feira,11:09:00,20,2,ENE,79,88,Sol com muitas nuvens,1022,2r,23,sol-com-muitas-nuvens
8253,3552,False,7,BR,Brasil,ES,Pancas,SE,False,-19.225,-40.851,False,False,cities,8253,Pancas,09/09/2026,Quarta-feira,10:24:00,20,3,E,90,82,Sol com algumas nuvens,1021,2,22,sol-com-algumas-nuvens
8254,6789,False,7,BR,Brasil,ES,Paraju,SE,False,-20.316,-40.804,False,False,cities,8254,Paraju,09/09/2026,Quarta-feira,11:09:00,16,3,E,82,64,Sol com muitas nuvens,1021,2r,15,sol-com-muitas-nuvens
8255,6961,False,7,BR,Brasil,ES,Pedra Azul,SE,False,-20.35,-40.667,False,False,cities,8255,Pedra Azul,09/09/2026,Quarta-feira,10:24:00,17,4,E,82,70,Sol com muitas nuvens,1021,2r,17,sol-com-muitas-nuvens
8256,3553,False,7,BR,Brasil,ES,Pedro Canário,SE,False,-18.03,-40.151,False,False,cities,8256,Pedro Canário,09/09/2026,Quarta-feira,10:24:00,22,7,E,90,93,Sol com muitas nuvens,1021,2r,24,sol-com-muitas-nuvens
8257,2016,False,7,BR,Brasil,ES,Pinheiros,SE,False,-18.37,-40.213,False,True,cities,8257,Pinheiros,09/09/2026,Quarta-feira,10:24:00,22,7,E,90,92,Sol com muitas nuvens,1021,2r,24,sol-com-muitas-nuvens
8258,3036,False,7,BR,Brasil,ES,Piúma,SE,True,-20.838,-40.77,False,False,cities,8258,Piúma,09/09/2026,Quarta-feira,10:24:00,21,5,ENE,79,92,Sol com muitas nuvens,1020,2r,23,sol-com-muitas-nuvens
8259,3554,False,7,BR,Brasil,ES,Ponto Belo,SE,False,-18.124,-40.541,False,False,cities,8259,Ponto Belo,09/09/2026,Quarta-feira,11:09:00,21,8,E,94,86,Sol com muitas nuvens,1022,2r,22,sol-com-muitas-nuvens
8260,6904,False,7,BR,Brasil,ES,Povoação,SE,True,-20.467,-41.167,False,False,cities,8260,Povoação,09/09/2026,Quarta-feira,10:24:00,19,2,E,81,74,Sol com muitas nuvens,1022,2r,20,sol-com-muitas-nuvens
8261,3555,False,7,BR,Brasil,ES,Presidente Kennedy,SE,True,-21.099,-41.047,False,False,cities,8261,Presidente Kennedy,09/09/2026,Quarta-feira,10:24:00,20,5,ENE,66,91,Sol com muitas nuvens,1020,2r,22,sol-com-muitas-nuvens
8262,6754,False,7,BR,Brasil,ES,Regência,SE,True,-19.645,-39.87,False,False,cities,8262,Regência,09/09/2026,Quarta-feira,10:24:00,22,8,E,86,94,Sol com muitas nuvens,1022,2r,25,sol-com-muitas-nuvens
8263,78,False,7,BR,Brasil,ES,Rio Bananal,SE,False,-19.265,-40.333,False,True,cities,8263,Rio Bananal,09/09/2026,Quarta-feira,11:09:00,21,5,E,90,90,Sol com muitas nuvens,1022,2r,23,sol-com-muitas-nuvens
8264,3556,False,7,BR,Brasil,ES,Rio Novo do Sul,SE,False,-20.863,-40.936,False,False,cities,8264,Rio Novo do Sul,09/09/2026,Quarta-feira,10:24:00,20,4,ENE,78,88,Sol com muitas nuvens,1021,2r,22,sol-com-muitas-nuvens
8265,6781,False,7,BR,Brasil,ES,Santa Cruz,SE,False,-19.9,-40.156,False,False,cities,8265,Santa Cruz,09/09/2026,Quarta-feira,10:24:00,22,5,E,85,92,Sol com muitas nuvens,1022,2r,25,sol-com-muitas-nuvens
8266,79,False,7,BR,Brasil,ES,Santa Leopoldina,SE,False,-20.101,-40.53,False,False,cities,8266,Santa Leopoldina,09/09/2026,Quarta-feira,11:09:00,18,3,E,84,73,Sol com muitas nuvens,1022,2r,18,sol-com-muitas-nuvens
8267,2638,False,7,BR,Brasil,ES,Santa Maria de Jetibá,SE,False,-20.041,-40.746,False,False,cities,8267,Santa Maria de Jetibá,09/09/2026,Quarta-feira,10:24:00,17,3,E,90,67,Sol com algumas nuvens,1022,2,16,sol-com-algumas-nuvens
8268,6129,False,7,BR,Brasil,ES,Santa Marta,SE,False,-20.512,-41.717,False,False,cities,8268,Santa Marta,09/09/2026,Quarta-feira,11:09:00,20,2,E,79,67,Sol com muitas nuvens,1022,2r,21,sol-com-muitas-nuvens
8269,1629,False,7,BR,Brasil,ES,Santa Teresa,SE,False,-19.936,-40.6,False,False,cities,8269,Santa Teresa,09/09/2026,Quarta-feira,10:24:00,17,3,E,90,68,Sol com muitas nuvens,1022,2r,17,sol-com-muitas-nuvens
8275,80,False,7,BR,Brasil,ES,Serra,SE,True,-20.129,-40.308,False,False,cities,8275,Serra,09/09/2026,Quarta-feira,10:24:00,21,5,E,83,87,Sol com muitas nuvens,1022,2r,23,sol-com-muitas-nuvens
8276,6796,False,7,BR,Brasil,ES,Serra Pelada,SE,False,-20.003,-41.029,False,False,cities,8276,Serra Pelada,09/09/2026,Quarta-feira,10:24:00,19,2,E,84,76,Sol com muitas nuvens,1022,2r,20,sol-com-muitas-nuvens
8277,3558,False,7,BR,Brasil,ES,Sooretama,SE,False,-19.197,-40.098,False,True,cities,8277,Sooretama,09/09/2026,Quarta-feira,10:24:00,21,6,E,90,93,Sol com muitas nuvens,1022,2r,24,sol-com-muitas-nuvens
8270,3559,False,7,BR,Brasil,ES,São Domingos do Norte,SE,False,-19.144,-40.624,False,False,cities,8270,São Domingos do Norte,09/09/2026,Quarta-feira,11:09:00,21,4,E,90,87,Sol com muitas nuvens,1022,2r,23,sol-com-muitas-nuvens
8271,81,False,7,BR,Brasil,ES,São Gabriel da Palha,SE,False,-19.017,-40.536,False,True,cities,8271,São Gabriel da Palha,09/09/2026,Quarta-feira,10:24:00,20,4,E,90,81,Sol com muitas nuvens,1022,2r,21,sol-com-muitas-nuvens
8272,3560,False,7,BR,Brasil,ES,São José do Calçado,SE,False,-21.025,-41.654,False,False,cities,8272,São José do Calçado,09/09/2026,Quarta-feira,10:24:00,18,3,ENE,77,78,Sol com muitas nuvens,1021,2r,19,sol-com-muitas-nuvens
8273,82,False,7,BR,Brasil,ES,São Mateus,SE,True,-18.716,-39.859,False,True,cities,8273,São Mateus,09/09/2026,Quarta-feira,10:24:00,23,6,E,90,95,Sol com muitas nuvens,1020,2r,27,sol-com-muitas-nuvens
8274,3561,False,7,BR,Brasil,ES,São Roque do Canaã,SE,False,-19.739,-40.657,False,False,cities,8274,São Roque do Canaã,09/09/2026,Quarta-feira,11:09:00,20,3,E,90,80,Sol,1022,1,22,sol
8278,3563,False,7,BR,Brasil,ES,Vargem Alta,SE,False,-20.671,-41.007,False,True,cities,8278,Vargem Alta,09/09/2026,Quarta-feira,11:09:00,16,3,E,80,65,Sol com muitas nuvens,1021,2r,15,sol-com-muitas-nuvens
8279,3562,False,7,BR,Brasil,ES,Venda Nova do Imigrante,SE,False,-20.34,-41.135,False,False,cities,8279,Venda Nova do Imigrante,09/09/2026,Quarta-feira,11:09:00,16,2,E,81,61,Sol com muitas nuvens,1022,2r,15,sol-com-muitas-nuvens
8280,2738,False,7,BR,Brasil,ES,Viana,SE,False,-20.39,-40.496,False,False,cities,8280,Viana,09/09/2026,Quarta-feira,10:24:00,21,5,E,81,89,Sol com muitas nuvens,1021,2r,23,sol-com-muitas-nuvens
8281,3564,False,7,BR,Brasil,ES,Vila Pavão,SE,False,-18.615,-40.611,False,False,cities,8281,Vila Pavão,09/09/2026,Quarta-feira,11:09:00,20,5,E,90,85,Sol com muitas nuvens,1022,2r,22,sol-com-muitas-nuvens
8282,3565,False,7,BR,Brasil,ES,Vila Valério,SE,False,-18.998,-40.389,False,True,cities,8282,Vila Valério,09/09/2026,Quarta-feira,10:24:00,21,5,E,90,86,Sol com muitas nuvens,1022,2r,23,sol-com-muitas-nuvens
8283,83,False,7,BR,Brasil,ES,Vila Velha,SE,True,-20.33,-40.292,False,False,cities,8283,Vila Velha,09/09/2026,Quarta-feira,10:24:00,22,6,E,81,93,Sol com muitas nuvens,1021,2r,25,sol-com-muitas-nuvens
8284,84,True,7,BR,Brasil,ES,Vitória,SE,True,-20.271,-40.306,False,False,cities,8284,Vitória,09/09/2026,Quarta-feira,11:09:00,22,5,SW,231,93,Sol com muitas nuvens,1022,2r,25,sol-com-muitas-nuvens
8189,3566,False,7,BR,Brasil,ES,Água Doce do Norte,SE,False,-18.547,-40.979,False,False,cities,8189,Água Doce do Norte,09/09/2026,Quarta-feira,10:24:00,19,5,E,90,74,Sol com muitas nuvens,1022,2r,19,sol-com-muitas-nuvens
8190,3567,False,7,BR,Brasil,ES,Águia Branca,SE,False,-18.983,-40.74,False,False,cities,8190,Águia Branca,09/09/2026,Quarta-feira,11:09:00,21,3,E,90,83,Sol com muitas nuvens,1022,2r,23,sol-com-muitas-nuvens
8285,4977,False,7,BR,Brasil,GO,Abadia de Goiás,CO,False,-16.757,-49.438,False,False,cities,8285,Abadia de Goiás,09/09/2026,Quarta-feira,10:24:00,20,7,ENE,73,66,Nublado,1018,3,19,nublado
8286,4793,False,7,BR,Brasil,GO,Abadiânia,CO,False,-16.204,-48.707,False,False,cities,8286,Abadiânia,09/09/2026,Quarta-feira,10:24:00,19,6,ENE,74,61,Nublado,1019,3,19,nublado
8287,1004,False,7,BR,Brasil,GO,Acreúna,CO,False,-17.396,-50.377,False,False,cities,8287,Acreúna,09/09/2026,Quarta-feira,11:09:00,22,10,ENE,74,77,Nublado,1017,3,22,nublado
8288,5382,False,7,BR,Brasil,GO,Adelândia,CO,False,-16.415,-50.166,False,False,cities,8288,Adelândia,09/09/2026,Quarta-feira,11:09:00,21,7,E,79,71,Nublado,1018,3,21,nublado
8292,4757,False,7,BR,Brasil,GO,Alexânia,CO,False,-16.082,-48.507,False,True,cities,8292,Alexânia,09/09/2026,Quarta-feira,11:09:00,20,6,ENE,74,60,Nublado,1019,3,20,nublado
8293,5383,False,7,BR,Brasil,GO,Aloândia,CO,False,-17.727,-49.48,False,False,cities,8293,Aloândia,09/09/2026,Quarta-feira,10:24:00,21,11,ENE,71,74,Nublado,1018,3,21,nublado
8294,5384,False,7,BR,Brasil,GO,Alto Horizonte,CO,False,-14.196,-49.339,False,False,cities,8294,Alto Horizonte,09/09/2026,Quarta-feira,10:24:00,24,10,E,90,74,Nublado,1016,3,25,nublado
8295,2622,False,7,BR,Brasil,GO,Alto Paraíso de Goiás,CO,False,-14.133,-47.51,False,False,cities,8295,Alto Paraíso de Goiás,09/09/2026,Quarta-feira,10:24:00,19,12,E,85,49,Sol com algumas nuvens,1019,2,16,sol-com-algumas-nuvens
8296,5385,False,7,BR,Brasil,GO,Alvorada do Norte,CO,False,-14.481,-46.492,False,False,cities,8296,Alvorada do Norte,09/09/2026,Quarta-feira,11:09:00,23,12,E,83,57,Sol com muitas nuvens,1019,2r,22,sol-com-muitas-nuvens
8297,5386,False,7,BR,Brasil,GO,Amaralina,CO,False,-13.926,-49.297,False,False,cities,8297,Amaralina,09/09/2026,Quarta-feira,10:24:00,23,10,E,90,68,Nublado,1016,3,23,nublado
8298,5387,False,7,BR,Brasil,GO,Americano do Brasil,CO,False,-16.255,-49.983,False,False,cities,8298,Americano do Brasil,09/09/2026,Quarta-feira,11:09:00,20,8,ENE,79,64,Chuvoso,1018,5,19,chuvoso
8299,5388,False,7,BR,Brasil,GO,Amorinópolis,CO,False,-16.619,-51.094,False,False,cities,8299,Amorinópolis,09/09/2026,Quarta-feira,10:24:00,21,6,E,90,76,Nublado,1017,3,22,nublado
8301,4906,False,7,BR,Brasil,GO,Anhanguera,CO,False,-18.337,-48.219,False,False,cities,8301,Anhanguera,09/09/2026,Quarta-feira,11:09:00,21,8,ENE,69,68,Nublado,1018,3,21,nublado
8302,1005,False,7,BR,Brasil,GO,Anicuns,CO,False,-16.461,-49.962,False,False,cities,8302,Anicuns,09/09/2026,Quarta-feira,10:24:00,20,7,ENE,76,69,Chuvoso,1018,5,20,chuvoso
8300,85,False,7,BR,Brasil,GO,Anápolis,CO,False,-16.327,-48.953,False,True,cities,8300,Anápolis,09/09/2026,Quarta-feira,11:09:00,19,7,ENE,74,63,Chuvoso,1019,5,19,chuvoso
8303,724,False,7,BR,Brasil,GO,Aparecida de Goiânia,CO,False,-16.823,-49.244,False,False,cities,8303,Aparecida de Goiânia,09/09/2026,Quarta-feira,10:24:00,20,7,ENE,72,65,Nublado,1018,3,20,nublado
8304,4128,False,7,BR,Brasil,GO,Aparecida do Rio Doce,CO,False,-18.299,-51.145,False,False,cities,8304,Aparecida do Rio Doce,09/09/2026,Quarta-feira,10:24:00,21,13,E,90,74,Nublado,1016,3,20,nublado
8305,4856,False,7,BR,Brasil,GO,Aporé,CO,False,-18.965,-51.926,False,False,cities,8305,Aporé,09/09/2026,Quarta-feira,10:24:00,21,8,E,90,75,Nublado,1016,3,22,nublado
7532,86,False,7,BR,Brasil,GO,Aragarças,CO,False,-15.897,-52.251,False,False,cities,7532,Aragarças,09/09/2026,Quarta-feira,10:24:00,22,5,ENE,60,85,Nublado,1016,3,25,nublado
8307,5389,False,7,BR,Brasil,GO,Aragoiânia,CO,False,-16.912,-49.451,False,False,cities,8307,Aragoiânia,09/09/2026,Quarta-feira,10:24:00,20,7,ENE,73,66,Nublado,1018,3,19,nublado
8308,5390,False,7,BR,Brasil,GO,Araguapaz,CO,False,-15.091,-50.632,False,False,cities,8308,Araguapaz,09/09/2026,Quarta-feira,11:09:00,23,9,E,90,82,Chuvoso,1016,5,25,chuvoso
8306,5391,False,7,BR,Brasil,GO,Araçu,CO,False,-16.358,-49.681,False,False,cities,8306,Araçu,09/09/2026,Quarta-feira,10:24:00,21,7,ENE,76,69,Chuvoso,1018,5,21,chuvoso
8309,5392,False,7,BR,Brasil,GO,Arenópolis,CO,False,-16.386,-51.56,False,False,cities,8309,Arenópolis,09/09/2026,Quarta-feira,11:09:00,21,8,E,101,77,Nublado,1017,3,22,nublado
8310,4782,False,7,BR,Brasil,GO,Aruanã,CO,False,-14.92,-51.083,False,False,cities,8310,Aruanã,09/09/2026,Quarta-feira,10:24:00,23,10,ESE,105,89,Chuvoso,1016,5,26,chuvoso
8311,1007,False,7,BR,Brasil,GO,Aurilândia,CO,False,-16.682,-50.465,False,False,cities,8311,Aurilândia,09/09/2026,Quarta-feira,11:09:00,22,3,ENE,79,79,Nublado,1017,3,24,nublado
8312,5393,False,7,BR,Brasil,GO,Avelinópolis,CO,False,-16.466,-49.758,False,False,cities,8312,Avelinópolis,09/09/2026,Quarta-feira,10:24:00,21,7,ENE,76,73,Chuvoso,1018,5,22,chuvoso
8313,5394,False,7,BR,Brasil,GO,Baliza,CO,False,-16.2,-52.54,False,False,cities,8313,Baliza,09/09/2026,Quarta-feira,10:24:00,21,6,SE,130,84,Nublado,1016,3,23,nublado
8314,3458,False,7,BR,Brasil,GO,Barro Alto,CO,False,-14.971,-48.916,False,True,cities,8314,Barro Alto,09/09/2026,Quarta-feira,10:24:00,20,7,E,81,63,Nublado,1018,3,19,nublado
5491,1539,False,7,BR,Brasil,GO,Bela Vista de Goiás,CO,False,-16.973,-48.953,False,True,cities,5491,Bela Vista de Goiás,09/09/2026,Quarta-feira,10:24:00,21,7,ENE,72,61,Nublado,1019,3,21,nublado
4326,5395,False,7,BR,Brasil,GO,Bom Jardim de Goiás,CO,False,-16.21,-52.172,False,False,cities,4326,Bom Jardim de Goiás,09/09/2026,Quarta-feira,10:24:00,22,7,ESE,122,81,Nublado,1016,3,23,nublado
5492,1540,False,7,BR,Brasil,GO,Bom Jesus de Goiás,CO,False,-18.214,-49.741,False,True,cities,5492,Bom Jesus de Goiás,09/09/2026,Quarta-feira,11:09:00,21,11,ENE,71,72,Nublado,1017,3,21,nublado
4327,5396,False,7,BR,Brasil,GO,Bonfinópolis,CO,False,-16.618,-48.963,False,False,cities,4327,Bonfinópolis,09/09/2026,Quarta-feira,11:09:00,20,7,ENE,73,63,Nublado,1019,3,19,nublado
4328,5397,False,7,BR,Brasil,GO,Bonópolis,CO,False,-13.636,-49.81,False,False,cities,4328,Bonópolis,09/09/2026,Quarta-feira,11:09:00,23,9,E,100,79,Nublado,1016,3,25,nublado
3979,4907,False,7,BR,Brasil,GO,Brazabrantes,CO,False,-16.431,-49.389,False,False,cities,3979,Brazabrantes,09/09/2026,Quarta-feira,11:09:00,20,7,ENE,75,67,Chuvoso,1018,5,20,chuvoso
4117,5113,False,7,BR,Brasil,GO,Britânia,CO,False,-15.241,-51.161,False,False,cities,4117,Britânia,09/09/2026,Quarta-feira,10:24:00,23,8,ESE,104,85,Chuvoso,1016,5,26,chuvoso
3936,4857,False,7,BR,Brasil,GO,Buriti Alegre,CO,False,-18.14,-49.04,False,False,cities,3936,Buriti Alegre,09/09/2026,Quarta-feira,10:24:00,20,10,ENE,69,67,Nublado,1018,3,19,nublado
4329,5398,False,7,BR,Brasil,GO,Buriti de Goiás,CO,False,-16.181,-50.431,False,False,cities,4329,Buriti de Goiás,09/09/2026,Quarta-feira,10:24:00,22,7,E,83,75,Nublado,1017,3,23,nublado
4330,5399,False,7,BR,Brasil,GO,Buritinópolis,CO,False,-14.457,-46.437,False,False,cities,4330,Buritinópolis,09/09/2026,Quarta-feira,10:24:00,23,12,E,83,57,Sol com muitas nuvens,1019,2r,22,sol-com-muitas-nuvens
3133,2722,False,7,BR,Brasil,GO,Cabeceiras,CO,False,-15.801,-46.927,False,True,cities,3133,Cabeceiras,09/09/2026,Quarta-feira,11:09:00,20,13,ENE,75,56,Nublado,1020,3,18,nublado
3356,4107,False,7,BR,Brasil,GO,Cachoeira Alta,CO,False,-18.763,-50.942,False,False,cities,3356,Cachoeira Alta,09/09/2026,Quarta-feira,10:24:00,21,10,ENE,78,75,Nublado,1016,3,22,nublado
3134,2723,False,7,BR,Brasil,GO,Cachoeira Dourada,CO,False,-18.492,-49.475,False,False,cities,3134,Cachoeira Dourada,09/09/2026,Quarta-feira,11:09:00,22,9,ENE,70,73,Nublado,1017,3,22,nublado
4331,5400,False,7,BR,Brasil,GO,Cachoeira de Goiás,CO,False,-16.668,-50.647,False,False,cities,4331,Cachoeira de Goiás,09/09/2026,Quarta-feira,11:09:00,21,8,E,81,74,Nublado,1017,3,21,nublado
3135,2724,False,7,BR,Brasil,GO,Caiapônia,CO,False,-16.957,-51.81,False,True,cities,3135,Caiapônia,09/09/2026,Quarta-feira,11:09:00,20,9,WNW,300,71,Nublado,1018,3,20,nublado
6526,725,False,7,BR,Brasil,GO,Caldas Novas,CO,False,-17.742,-48.625,True,False,cities,6526,Caldas Novas,09/09/2026,Quarta-feira,10:24:00,21,7,ENE,69,71,Nublado,1019,3,21,nublado
4332,5401,False,7,BR,Brasil,GO,Caldazinha,CO,False,-16.714,-49.002,False,False,cities,4332,Caldazinha,09/09/2026,Quarta-feira,11:09:00,20,7,ENE,72,64,Nublado,1019,3,20,nublado
4333,5402,False,7,BR,Brasil,GO,Campestre de Goiás,CO,False,-16.762,-49.694,False,False,cities,4333,Campestre de Goiás,09/09/2026,Quarta-feira,10:24:00,21,7,ENE,74,73,Chuvoso,1018,5,22,chuvoso
4334,5403,False,7,BR,Brasil,GO,Campinaçu,CO,False,-13.79,-48.571,False,False,cities,4334,Campinaçu,09/09/2026,Quarta-feira,11:09:00,23,10,E,90,61,Nublado,1017,3,23,nublado
4218,5254,False,7,BR,Brasil,GO,Campinorte,CO,False,-14.311,-49.151,False,False,cities,4218,Campinorte,09/09/2026,Quarta-feira,10:24:00,23,12,E,90,71,Nublado,1017,3,24,nublado
3141,2739,False,7,BR,Brasil,GO,Campo Alegre de Goiás,CO,False,-17.633,-47.778,False,True,cities,3141,Campo Alegre de Goiás,09/09/2026,Quarta-feira,11:09:00,19,7,ENE,70,60,Nublado,1019,3,18,nublado
4100,5087,False,7,BR,Brasil,GO,Campos Belos,CO,False,-13.037,-46.772,False,False,cities,4100,Campos Belos,09/09/2026,Quarta-feira,10:24:00,23,10,E,85,54,Sol,1018,1,22,sol
4335,5404,False,7,BR,Brasil,GO,Campos Verdes,CO,False,-14.258,-49.657,False,False,cities,4335,Campos Verdes,09/09/2026,Quarta-feira,10:24:00,23,8,E,90,76,Nublado,1016,3,25,nublado
4336,5405,False,7,BR,Brasil,GO,Carmo do Rio Verde,CO,False,-15.354,-49.708,False,False,cities,4336,Carmo do Rio Verde,09/09/2026,Quarta-feira,11:09:00,21,7,E,82,78,Nublado,1018,3,22,nublado
3937,4858,False,7,BR,Brasil,GO,Castelândia,CO,False,-18.089,-50.223,False,False,cities,3937,Castelândia,09/09/2026,Quarta-feira,10:24:00,22,11,ENE,73,80,Nublado,1017,3,22,nublado
7533,87,False,7,BR,Brasil,GO,Catalão,CO,False,-18.166,-47.946,False,True,cities,7533,Catalão,09/09/2026,Quarta-feira,10:24:00,20,7,NNW,340,61,Nublado,1018,3,19,nublado
4337,5406,False,7,BR,Brasil,GO,Caturaí,CO,False,-16.447,-49.494,False,False,cities,4337,Caturaí,09/09/2026,Quarta-feira,10:24:00,20,7,ENE,74,68,Chuvoso,1018,5,20,chuvoso
5199,2150,False,7,BR,Brasil,GO,Cavalcante,CO,False,-13.797,-47.458,False,False,cities,5199,Cavalcante,09/09/2026,Quarta-feira,10:24:00,21,12,E,86,52,Sol com algumas nuvens,1019,2,20,sol-com-algumas-nuvens
6311,6929,False,7,BR,Brasil,GO,Cavalheiro,CO,False,-17.249,-47.999,False,False,cities,6311,Cavalheiro,09/09/2026,Quarta-feira,10:24:00,19,7,ENE,69,61,Nublado,1019,3,19,nublado
5650,1010,False,7,BR,Brasil,GO,Caçu,CO,False,-18.557,-51.131,False,False,cities,5650,Caçu,09/09/2026,Quarta-feira,10:24:00,21,12,E,80,72,Nublado,1016,3,21,nublado
3980,4908,False,7,BR,Brasil,GO,Ceres,CO,False,-15.308,-49.598,False,False,cities,3980,Ceres,09/09/2026,Quarta-feira,10:24:00,21,6,E,82,77,Nublado,1018,3,22,nublado
4338,5407,False,7,BR,Brasil,GO,Cezarina,CO,False,-16.972,-49.776,False,False,cities,4338,Cezarina,09/09/2026,Quarta-feira,11:09:00,21,7,ENE,73,73,Chuvoso,1018,5,21,chuvoso
3136,2725,False,7,BR,Brasil,GO,Chapadão do Céu,CO,False,-18.407,-52.549,False,True,cities,3136,Chapadão do Céu,09/09/2026,Quarta-feira,10:24:00,19,9,ESE,119,73,Chuvoso,1017,5,18,chuvoso
5342,2006,False,7,BR,Brasil,GO,Cidade Ocidental,CO,False,-16.077,-47.926,False,False,cities,5342,Cidade Ocidental,09/09/2026,Quarta-feira,10:24:00,20,7,ENE,73,58,Nublado,1019,3,19,nublado
3137,2726,False,7,BR,Brasil,GO,Cocalzinho de Goiás,CO,False,-15.794,-48.776,False,False,cities,3137,Cocalzinho de Goiás,09/09/2026,Quarta-feira,11:09:00,20,5,ENE,77,58,Chuvoso,1019,5,19,chuvoso
4339,5408,False,7,BR,Brasil,GO,Colinas do Sul,CO,False,-14.151,-48.078,False,False,cities,4339,Colinas do Sul,09/09/2026,Quarta-feira,11:09:00,24,9,E,86,52,Sol com muitas nuvens,1017,2r,24,sol-com-muitas-nuvens
4118,5114,False,7,BR,Brasil,GO,Corumbaíba,CO,False,-18.142,-48.561,False,False,cities,4118,Corumbaíba,09/09/2026,Quarta-feira,10:24:00,21,7,ENE,69,70,Nublado,1018,3,21,nublado
2598,2623,False,7,BR,Brasil,GO,Corumbá de Goiás,CO,False,-15.924,-48.809,False,False,cities,2598,Corumbá de Goiás,09/09/2026,Quarta-feira,11:09:00,20,6,ENE,76,60,Chuvoso,1019,5,19,chuvoso
7534,2034,False,7,BR,Brasil,GO,Cristalina,CO,False,-16.769,-47.614,False,True,cities,7534,Cristalina,09/09/2026,Quarta-feira,11:09:00,19,11,NNE,15,55,Nublado,1019,3,16,nublado
3981,4909,False,7,BR,Brasil,GO,Cristianópolis,CO,False,-17.199,-48.706,False,False,cities,3981,Cristianópolis,09/09/2026,Quarta-feira,10:24:00,20,7,ENE,70,63,Nublado,1019,3,20,nublado
3853,4736,False,7,BR,Brasil,GO,Crixás,CO,False,-14.549,-49.969,False,False,cities,3853,Crixás,09/09/2026,Quarta-feira,10:24:00,23,9,E,90,76,Nublado,1016,3,24,nublado
4065,5022,False,7,BR,Brasil,GO,Cromínia,CO,False,-17.287,-49.381,False,False,cities,4065,Cromínia,09/09/2026,Quarta-feira,10:24:00,21,8,ENE,71,71,Nublado,1018,3,21,nublado
4101,5088,False,7,BR,Brasil,GO,Cumari,CO,False,-18.263,-48.151,False,False,cities,4101,Cumari,09/09/2026,Quarta-feira,10:24:00,21,8,ENE,69,68,Nublado,1018,3,21,nublado
5651,1011,False,7,BR,Brasil,GO,Córrego do Ouro,CO,False,-16.294,-50.548,False,False,cities,5651,Córrego do Ouro,09/09/2026,Quarta-feira,11:09:00,21,6,E,90,73,Nublado,1017,3,22,nublado
4340,5409,False,7,BR,Brasil,GO,Damianópolis,CO,False,-14.564,-46.177,False,False,cities,4340,Damianópolis,09/09/2026,Quarta-feira,11:09:00,21,13,E,84,56,Sol com muitas nuvens,1019,2r,19,sol-com-muitas-nuvens
4341,5410,False,7,BR,Brasil,GO,Damolândia,CO,False,-16.253,-49.37,False,False,cities,4341,Damolândia,09/09/2026,Quarta-feira,10:24:00,20,7,ENE,75,65,Chuvoso,1018,5,19,chuvoso
4023,4978,False,7,BR,Brasil,GO,Davinópolis,CO,False,-18.153,-47.562,False,False,cities,4023,Davinópolis,09/09/2026,Quarta-feira,10:24:00,20,8,ENE,71,67,Nublado,1019,3,20,nublado
4342,5411,False,7,BR,Brasil,GO,Diorama,CO,False,-16.234,-51.256,False,False,cities,4342,Diorama,09/09/2026,Quarta-feira,10:24:00,22,8,E,90,76,Nublado,1017,3,23,nublado
4343,5412,False,7,BR,Brasil,GO,Divinópolis de Goiás,CO,False,-13.29,-46.4,False,False,cities,4343,Divinópolis de Goiás,09/09/2026,Quarta-feira,10:24:00,23,10,E,85,52,Sol,1018,1,22,sol
4024,4979,False,7,BR,Brasil,GO,Doverlândia,CO,False,-16.72,-52.319,False,False,cities,4024,Doverlândia,09/09/2026,Quarta-feira,10:24:00,20,8,SE,126,78,Nublado,1017,3,21,nublado
3138,2727,False,7,BR,Brasil,GO,Edealina,CO,False,-17.424,-49.663,False,True,cities,3138,Edealina,09/09/2026,Quarta-feira,11:09:00,21,9,ENE,72,73,Nublado,1017,3,22,nublado
3139,2728,False,7,BR,Brasil,GO,Edéia,CO,False,-17.338,-49.931,False,True,cities,3139,Edéia,09/09/2026,Quarta-feira,10:24:00,21,9,ENE,73,74,Nublado,1017,3,22,nublado
4344,5413,False,7,BR,Brasil,GO,Estrela do Norte,CO,False,-13.868,-49.073,False,False,cities,4344,Estrela do Norte,09/09/2026,Quarta-feira,10:24:00,24,13,E,90,67,Nublado,1016,3,24,nublado
3375,4129,False,7,BR,Brasil,GO,Estância,CO,False,-17.35,-51.983,False,False,cities,3375,Estância,09/09/2026,Quarta-feira,10:24:00,19,13,ESE,105,64,Nublado,1017,3,18,nublado
4345,5414,False,7,BR,Brasil,GO,Faina,CO,False,-15.446,-50.361,False,False,cities,4345,Faina,09/09/2026,Quarta-feira,10:24:00,22,10,E,90,74,Nublado,1017,3,22,nublado
4219,5255,False,7,BR,Brasil,GO,Fazenda Nova,CO,False,-16.183,-50.78,False,False,cities,4219,Fazenda Nova,09/09/2026,Quarta-feira,10:24:00,22,7,E,90,79,Nublado,1017,3,24,nublado
3380,4135,False,7,BR,Brasil,GO,Firminópolis,CO,False,-16.582,-50.305,False,False,cities,3380,Firminópolis,09/09/2026,Quarta-feira,11:09:00,21,5,ENE,78,75,Nublado,1018,3,23,nublado
4119,5115,False,7,BR,Brasil,GO,Flores de Goiás,CO,False,-14.449,-47.05,False,False,cities,4119,Flores de Goiás,09/09/2026,Quarta-feira,10:24:00,24,8,E,82,61,Sol com muitas nuvens,1018,2r,25,sol-com-muitas-nuvens
6527,726,False,7,BR,Brasil,GO,Formosa,CO,False,-15.537,-47.334,False,True,cities,6527,Formosa,09/09/2026,Quarta-feira,10:24:00,20,10,ENE,77,56,Nublado,1019,3,19,nublado
8315,5415,False,7,BR,Brasil,GO,Formoso,CO,False,-13.654,-48.882,False,False,cities,8315,Formoso,09/09/2026,Quarta-feira,11:09:00,24,10,E,90,60,Nublado,1016,3,23,nublado
3938,4859,False,7,BR,Brasil,GO,Goiandira,CO,False,-18.132,-48.085,False,False,cities,3938,Goiandira,09/09/2026,Quarta-feira,10:24:00,20,7,ENE,69,64,Nublado,1018,3,20,nublado
8316,5416,False,7,BR,Brasil,GO,Goianira,CO,False,-16.496,-49.426,False,False,cities,8316,Goianira,09/09/2026,Quarta-feira,10:24:00,20,7,ENE,74,68,Chuvoso,1018,5,20,chuvoso
7535,4737,False,7,BR,Brasil,GO,Goianésia,CO,False,-15.317,-49.117,False,False,cities,7535,Goianésia,09/09/2026,Quarta-feira,11:09:00,21,4,E,79,64,Nublado,1018,3,21,nublado
5652,1012,False,7,BR,Brasil,GO,Goiatuba,CO,False,-18.012,-49.355,False,True,cities,5652,Goiatuba,09/09/2026,Quarta-feira,11:09:00,21,13,ENE,70,65,Nublado,1018,3,20,nublado
5653,1013,False,7,BR,Brasil,GO,Goiás,CO,False,-15.934,-50.14,False,False,cities,5653,Goiás,09/09/2026,Quarta-feira,10:24:00,23,10,E,83,79,Chuvoso,1017,5,25,chuvoso
3140,2729,False,7,BR,Brasil,GO,Gouvelândia,CO,False,-18.642,-50.066,False,False,cities,3140,Gouvelândia,09/09/2026,Quarta-feira,10:24:00,22,10,ENE,72,80,Nublado,1017,3,23,nublado
8318,5417,False,7,BR,Brasil,GO,Guarani de Goiás,CO,False,-13.936,-46.48,False,False,cities,8318,Guarani de Goiás,09/09/2026,Quarta-feira,10:24:00,23,8,E,84,57,Sol,1018,1,23,sol
8317,5418,False,7,BR,Brasil,GO,Guaraíta,CO,False,-15.614,-50.024,False,False,cities,8317,Guaraíta,09/09/2026,Quarta-feira,11:09:00,21,10,E,84,70,Nublado,1018,3,20,nublado
3983,4910,False,7,BR,Brasil,GO,Guarinos,CO,False,-14.732,-49.702,False,False,cities,3983,Guarinos,09/09/2026,Quarta-feira,10:24:00,23,10,E,90,74,Nublado,1017,3,24,nublado
8319,5419,False,7,BR,Brasil,GO,Heitoraí,CO,False,-15.719,-49.829,False,False,cities,8319,Heitoraí,09/09/2026,Quarta-feira,11:09:00,20,7,E,81,74,Nublado,1018,3,21,nublado
8320,5420,False,7,BR,Brasil,GO,Hidrolina,CO,False,-14.724,-49.465,False,False,cities,8320,Hidrolina,09/09/2026,Quarta-feira,10:24:00,21,8,E,85,70,Nublado,1017,3,21,nublado
3865,4748,False,7,BR,Brasil,GO,Hidrolândia,CO,False,-16.962,-49.228,False,False,cities,3865,Hidrolândia,09/09/2026,Quarta-feira,10:24:00,20,7,ENE,72,66,Nublado,1018,3,20,nublado
4275,5312,False,7,BR,Brasil,GO,Iaciara,CO,False,-14.096,-46.632,False,False,cities,4275,Iaciara,09/09/2026,Quarta-feira,10:24:00,23,8,E,83,58,Sol com algumas nuvens,1018,2,23,sol-com-algumas-nuvens
8321,2730,False,7,BR,Brasil,GO,Inaciolândia,CO,False,-18.488,-49.987,False,False,cities,8321,Inaciolândia,09/09/2026,Quarta-feira,10:24:00,21,10,ENE,72,75,Nublado,1017,3,22,nublado
8322,4108,False,7,BR,Brasil,GO,Indiara,CO,False,-17.138,-49.988,False,False,cities,8322,Indiara,09/09/2026,Quarta-feira,10:24:00,21,8,ENE,73,75,Nublado,1017,3,22,nublado
3984,4911,False,7,BR,Brasil,GO,Inhumas,CO,False,-16.358,-49.496,False,False,cities,3984,Inhumas,09/09/2026,Quarta-feira,11:09:00,20,7,ENE,75,67,Chuvoso,1018,5,20,chuvoso
5219,2175,False,7,BR,Brasil,GO,Iporá,CO,False,-16.442,-51.118,False,False,cities,5219,Iporá,09/09/2026,Quarta-feira,10:24:00,22,5,E,90,78,Nublado,1017,3,23,nublado
4220,5256,False,7,BR,Brasil,GO,Israelândia,CO,False,-16.318,-50.908,False,False,cities,4220,Israelândia,09/09/2026,Quarta-feira,11:09:00,22,5,E,90,80,Nublado,1017,3,24,nublado
5655,1015,False,7,BR,Brasil,GO,Itaberaí,CO,False,-16.02,-49.81,False,True,cities,5655,Itaberaí,09/09/2026,Quarta-feira,10:24:00,21,8,E,79,71,Chuvoso,1018,5,21,chuvoso
8323,5421,False,7,BR,Brasil,GO,Itaguari,CO,False,-15.919,-49.604,False,False,cities,8323,Itaguari,09/09/2026,Quarta-feira,10:24:00,21,7,E,79,71,Nublado,1018,3,21,nublado
8324,5422,False,7,BR,Brasil,GO,Itaguaru,CO,False,-15.758,-49.634,False,False,cities,8324,Itaguaru,09/09/2026,Quarta-feira,10:24:00,21,6,E,80,72,Nublado,1018,3,21,nublado
6322,6941,False,7,BR,Brasil,GO,Itaguaçu,CO,False,-19.014,-50.68,False,False,cities,6322,Itaguaçu,09/09/2026,Quarta-feira,11:09:00,22,9,ENE,76,78,Nublado,1016,3,23,nublado
8325,4149,False,7,BR,Brasil,GO,Itajá,CO,False,-19.067,-51.544,False,False,cities,8325,Itajá,09/09/2026,Quarta-feira,10:24:00,22,8,E,90,79,Nublado,1016,3,24,nublado
7536,5359,False,7,BR,Brasil,GO,Itapaci,CO,False,-14.951,-49.549,False,False,cities,7536,Itapaci,09/09/2026,Quarta-feira,11:09:00,21,6,E,84,74,Nublado,1018,3,22,nublado
8326,5423,False,7,BR,Brasil,GO,Itapirapuã,CO,False,-15.823,-50.613,False,False,cities,8326,Itapirapuã,09/09/2026,Quarta-feira,10:24:00,22,8,E,90,80,Chuvoso,1016,5,24,chuvoso
5656,1016,False,7,BR,Brasil,GO,Itapuranga,CO,False,-15.562,-49.949,False,False,cities,5656,Itapuranga,09/09/2026,Quarta-feira,10:24:00,21,9,E,84,76,Nublado,1018,3,22,nublado
4120,5116,False,7,BR,Brasil,GO,Itarumã,CO,False,-18.769,-51.348,False,False,cities,4120,Itarumã,09/09/2026,Quarta-feira,10:24:00,21,10,E,90,78,Nublado,1016,3,21,nublado
8327,5424,False,7,BR,Brasil,GO,Itauçu,CO,False,-16.201,-49.608,False,False,cities,8327,Itauçu,09/09/2026,Quarta-feira,10:24:00,20,7,ENE,76,66,Chuvoso,1018,5,20,chuvoso
7537,727,False,7,BR,Brasil,GO,Itumbiara,CO,False,-18.419,-49.215,False,True,cities,7537,Itumbiara,09/09/2026,Quarta-feira,10:24:00,22,9,ENE,69,71,Nublado,1017,3,22,nublado
3985,4912,False,7,BR,Brasil,GO,Ivolândia,CO,False,-16.602,-50.794,False,False,cities,3985,Ivolândia,09/09/2026,Quarta-feira,11:09:00,22,5,E,90,77,Nublado,1017,3,23,nublado
8328,5425,False,7,BR,Brasil,GO,Jandaia,CO,False,-17.049,-50.146,False,False,cities,8328,Jandaia,09/09/2026,Quarta-feira,10:24:00,21,8,ENE,75,73,Nublado,1018,3,21,nublado
5657,1017,False,7,BR,Brasil,GO,Jaraguá,CO,False,-15.757,-49.334,False,False,cities,5657,Jaraguá,09/09/2026,Quarta-feira,11:09:00,21,6,ENE,78,71,Nublado,1018,3,21,nublado
5658,1018,False,7,BR,Brasil,GO,Jataí,CO,False,-17.881,-51.714,False,True,cities,5658,Jataí,09/09/2026,Quarta-feira,10:24:00,20,12,E,90,70,Nublado,1017,3,19,nublado
8329,5426,False,7,BR,Brasil,GO,Jesúpolis,CO,False,-15.951,-49.374,False,False,cities,8329,Jesúpolis,09/09/2026,Quarta-feira,10:24:00,20,6,ENE,77,69,Nublado,1018,3,21,nublado
8330,2731,False,7,BR,Brasil,GO,Joviânia,CO,False,-17.806,-49.613,False,False,cities,8330,Joviânia,09/09/2026,Quarta-feira,10:24:00,21,9,ENE,71,72,Nublado,1018,3,21,nublado
5220,2176,False,7,BR,Brasil,GO,Jussara,CO,False,-15.865,-50.868,False,True,cities,5220,Jussara,09/09/2026,Quarta-feira,10:24:00,22,8,E,90,81,Nublado,1016,3,24,nublado
4221,5257,False,7,BR,Brasil,GO,Lagoa Santa,CO,False,-19.117,-51.6,False,False,cities,4221,Lagoa Santa,09/09/2026,Quarta-feira,10:24:00,22,8,E,90,79,Nublado,1016,3,24,nublado
4006,4959,False,7,BR,Brasil,GO,Leopoldo de Bulhões,CO,False,-16.619,-48.744,False,True,cities,4006,Leopoldo de Bulhões,09/09/2026,Quarta-feira,10:24:00,19,7,ENE,72,63,Nublado,1019,3,18,nublado
4494,5600,False,7,BR,Brasil,GO,Lua Nova,CO,False,-15.541,-50.528,False,False,cities,4494,Lua Nova,09/09/2026,Quarta-feira,10:24:00,23,7,E,90,82,Chuvoso,1016,5,25,chuvoso
7538,1019,False,7,BR,Brasil,GO,Luziânia,CO,False,-16.253,-47.95,False,True,cities,7538,Luziânia,09/09/2026,Quarta-feira,10:24:00,20,7,NE,50,59,Nublado,1019,3,19,nublado
8331,5427,False,7,BR,Brasil,GO,Mairipotaba,CO,False,-17.299,-49.491,False,False,cities,8331,Mairipotaba,09/09/2026,Quarta-feira,10:24:00,20,8,ENE,71,70,Nublado,1018,3,20,nublado
4102,5089,False,7,BR,Brasil,GO,Mambaí,CO,False,-14.488,-46.113,False,False,cities,4102,Mambaí,09/09/2026,Quarta-feira,11:09:00,21,13,E,84,57,Sol com muitas nuvens,1019,2r,19,sol-com-muitas-nuvens
4002,4945,False,7,BR,Brasil,GO,Mara Rosa,CO,False,-14.016,-49.177,False,False,cities,4002,Mara Rosa,09/09/2026,Quarta-feira,10:24:00,23,12,E,90,68,Nublado,1016,3,23,nublado
4542,5664,False,7,BR,Brasil,GO,Marcianópolis,CO,False,-17.971,-50.005,False,False,cities,4542,Marcianópolis,09/09/2026,Quarta-feira,11:09:00,21,11,ENE,72,71,Nublado,1017,3,21,nublado
8332,5428,False,7,BR,Brasil,GO,Marzagão,CO,False,-17.981,-48.64,False,False,cities,8332,Marzagão,09/09/2026,Quarta-feira,10:24:00,20,7,ENE,69,71,Nublado,1018,3,21,nublado
4121,5117,False,7,BR,Brasil,GO,Matrinchã,CO,False,-15.444,-50.746,False,False,cities,4121,Matrinchã,09/09/2026,Quarta-feira,10:24:00,23,7,E,90,83,Chuvoso,1016,5,25,chuvoso
8333,2732,False,7,BR,Brasil,GO,Maurilândia,CO,False,-17.971,-50.339,False,False,cities,8333,Maurilândia,09/09/2026,Quarta-feira,11:09:00,21,12,ENE,74,81,Nublado,1017,3,22,nublado
8334,5429,False,7,BR,Brasil,GO,Mimoso de Goiás,CO,False,-15.056,-48.161,False,False,cities,8334,Mimoso de Goiás,09/09/2026,Quarta-feira,10:24:00,21,8,E,80,57,Nublado,1018,3,20,nublado
5355,2020,False,7,BR,Brasil,GO,Minaçu,CO,False,-13.533,-48.22,False,False,cities,5355,Minaçu,09/09/2026,Quarta-feira,11:09:00,25,5,E,90,70,Sol com muitas nuvens,1016,2r,27,sol-com-muitas-nuvens
5660,1020,False,7,BR,Brasil,GO,Mineiros,CO,False,-17.569,-52.551,False,True,cities,5660,Mineiros,09/09/2026,Quarta-feira,10:24:00,20,11,SE,128,72,Nublado,1017,3,20,nublado
8335,5430,False,7,BR,Brasil,GO,Moiporá,CO,False,-16.546,-50.739,False,False,cities,8335,Moiporá,09/09/2026,Quarta-feira,11:09:00,22,6,E,82,80,Nublado,1017,3,23,nublado
7539,5431,False,7,BR,Brasil,GO,Monte Alegre de Goiás,CO,False,-13.256,-46.901,False,False,cities,7539,Monte Alegre de Goiás,09/09/2026,Quarta-feira,11:09:00,24,10,E,86,59,Sol,1017,1,23,sol
3940,4861,False,7,BR,Brasil,GO,Montes Claros de Goiás,CO,False,-16.008,-51.397,False,True,cities,3940,Montes Claros de Goiás,09/09/2026,Quarta-feira,10:24:00,22,8,ESE,102,80,Nublado,1016,3,24,nublado
8336,2740,False,7,BR,Brasil,GO,Montividiu,CO,False,-17.444,-51.175,False,True,cities,8336,Montividiu,09/09/2026,Quarta-feira,11:09:00,20,12,E,90,69,Nublado,1017,3,19,nublado
4003,4946,False,7,BR,Brasil,GO,Montividiu do Norte,CO,False,-13.112,-48.607,False,False,cities,4003,Montividiu do Norte,09/09/2026,Quarta-feira,10:24:00,24,6,E,90,55,Sol com muitas nuvens,1016,2r,24,sol-com-muitas-nuvens
5661,1021,False,7,BR,Brasil,GO,Morrinhos,CO,False,-17.731,-49.099,False,True,cities,5661,Morrinhos,09/09/2026,Quarta-feira,10:24:00,21,10,ENE,70,71,Nublado,1018,3,21,nublado
8337,5432,False,7,BR,Brasil,GO,Morro Agudo de Goiás,CO,False,-15.321,-50.057,False,False,cities,8337,Morro Agudo de Goiás,09/09/2026,Quarta-feira,10:24:00,21,10,E,90,72,Nublado,1017,3,21,nublado
5662,1022,False,7,BR,Brasil,GO,Mossâmedes,CO,False,-16.127,-50.215,False,False,cities,5662,Mossâmedes,09/09/2026,Quarta-feira,10:24:00,21,9,E,80,70,Chuvoso,1018,5,21,chuvoso
8338,4150,False,7,BR,Brasil,GO,Mozarlândia,CO,False,-14.745,-50.571,False,False,cities,8338,Mozarlândia,09/09/2026,Quarta-feira,10:24:00,23,10,E,98,84,Chuvoso,1016,5,24,chuvoso
8339,5433,False,7,BR,Brasil,GO,Mundo Novo,CO,False,-13.776,-50.281,False,False,cities,8339,Mundo Novo,09/09/2026,Quarta-feira,10:24:00,23,8,ESE,104,86,Nublado,1016,3,25,nublado
4222,5258,False,7,BR,Brasil,GO,Mutunópolis,CO,False,-13.732,-49.275,False,False,cities,4222,Mutunópolis,09/09/2026,Quarta-feira,11:09:00,23,10,E,95,70,Nublado,1016,3,24,nublado
8340,4130,False,7,BR,Brasil,GO,Naveslândia,CO,False,-17.867,-51.733,False,False,cities,8340,Naveslândia,09/09/2026,Quarta-feira,11:09:00,20,12,E,90,70,Nublado,1017,3,19,nublado
8341,5434,False,7,BR,Brasil,GO,Nazário,CO,False,-16.582,-49.882,False,False,cities,8341,Nazário,09/09/2026,Quarta-feira,10:24:00,21,7,ENE,75,74,Chuvoso,1018,5,22,chuvoso
8342,2733,False,7,BR,Brasil,GO,Niquelândia,CO,False,-14.474,-48.46,False,True,cities,8342,Niquelândia,09/09/2026,Quarta-feira,11:09:00,22,7,E,84,56,Nublado,1017,3,22,nublado
8343,5435,False,7,BR,Brasil,GO,Nova América,CO,False,-15.022,-49.896,False,False,cities,8343,Nova América,09/09/2026,Quarta-feira,11:09:00,21,11,E,90,71,Nublado,1017,3,20,nublado
8344,5436,False,7,BR,Brasil,GO,Nova Aurora,CO,False,-18.058,-48.254,False,False,cities,8344,Nova Aurora,09/09/2026,Quarta-feira,10:24:00,21,7,ENE,69,68,Nublado,1019,3,21,nublado
4223,5259,False,7,BR,Brasil,GO,Nova Crixás,CO,False,-14.099,-50.327,False,True,cities,4223,Nova Crixás,09/09/2026,Quarta-feira,11:09:00,22,9,E,101,86,Nublado,1016,3,24,nublado
8345,5437,False,7,BR,Brasil,GO,Nova Glória,CO,False,-15.143,-49.571,False,False,cities,8345,Nova Glória,09/09/2026,Quarta-feira,10:24:00,21,6,E,83,77,Nublado,1018,3,22,nublado
8346,5438,False,7,BR,Brasil,GO,Nova Iguaçu de Goiás,CO,False,-14.288,-49.388,False,False,cities,8346,Nova Iguaçu de Goiás,09/09/2026,Quarta-feira,10:24:00,24,9,E,90,75,Nublado,1016,3,25,nublado
8347,5439,False,7,BR,Brasil,GO,Nova Roma,CO,False,-13.742,-46.88,False,False,cities,8347,Nova Roma,09/09/2026,Quarta-feira,11:09:00,23,10,E,85,58,Sol,1018,1,22,sol
8348,5440,False,7,BR,Brasil,GO,Nova Veneza,CO,False,-16.371,-49.323,False,False,cities,8348,Nova Veneza,09/09/2026,Quarta-feira,10:24:00,20,7,ENE,75,66,Chuvoso,1018,5,19,chuvoso
8349,5441,False,7,BR,Brasil,GO,Novo Brasil,CO,False,-16.034,-50.711,False,False,cities,8349,Novo Brasil,09/09/2026,Quarta-feira,11:09:00,22,7,E,90,77,Nublado,1017,3,23,nublado
5343,2007,False,7,BR,Brasil,GO,Novo Gama,CO,False,-16.059,-48.039,False,False,cities,5343,Novo Gama,09/09/2026,Quarta-feira,10:24:00,20,6,ENE,74,54,Nublado,1019,3,18,nublado
4025,4980,False,7,BR,Brasil,GO,Novo Planalto,CO,False,-13.244,-49.504,False,False,cities,4025,Novo Planalto,09/09/2026,Quarta-feira,11:09:00,24,10,E,100,74,Nublado,1016,3,26,nublado
8350,2741,False,7,BR,Brasil,GO,Orizona,CO,False,-17.031,-48.296,False,False,cities,8350,Orizona,09/09/2026,Quarta-feira,10:24:00,20,7,ENE,70,63,Nublado,1019,3,19,nublado
8351,5442,False,7,BR,Brasil,GO,Ouro Verde de Goiás,CO,False,-16.22,-49.193,False,False,cities,8351,Ouro Verde de Goiás,09/09/2026,Quarta-feira,10:24:00,19,7,ENE,75,64,Nublado,1019,3,19,nublado
8352,5443,False,7,BR,Brasil,GO,Ouvidor,CO,False,-18.234,-47.839,False,False,cities,8352,Ouvidor,09/09/2026,Quarta-feira,10:24:00,21,8,ENE,70,66,Nublado,1019,3,21,nublado
3884,4783,False,7,BR,Brasil,GO,Padre Bernardo,CO,False,-15.16,-48.284,False,False,cities,3884,Padre Bernardo,09/09/2026,Quarta-feira,10:24:00,21,8,E,80,62,Chuvoso,1018,5,21,chuvoso
3237,3475,False,7,BR,Brasil,GO,Palestina de Goiás,CO,False,-16.733,-51.532,False,False,cities,3237,Palestina de Goiás,09/09/2026,Quarta-feira,11:09:00,21,9,E,90,75,Nublado,1017,3,21,nublado
8353,2704,False,7,BR,Brasil,GO,Palmeiras de Goiás,CO,False,-16.805,-49.926,False,False,cities,8353,Palmeiras de Goiás,09/09/2026,Quarta-feira,10:24:00,21,7,ENE,75,74,Chuvoso,1018,5,21,chuvoso
4122,5118,False,7,BR,Brasil,GO,Palmelo,CO,False,-17.324,-48.423,False,False,cities,4122,Palmelo,09/09/2026,Quarta-feira,11:09:00,20,6,ENE,70,62,Nublado,1019,3,19,nublado
8354,5444,False,7,BR,Brasil,GO,Palminópolis,CO,False,-16.796,-50.165,False,False,cities,8354,Palminópolis,09/09/2026,Quarta-feira,10:24:00,22,6,ENE,76,76,Nublado,1018,3,23,nublado
8355,5445,False,7,BR,Brasil,GO,Panamá,CO,False,-18.18,-49.35,False,False,cities,8355,Panamá,09/09/2026,Quarta-feira,10:24:00,22,11,ENE,70,69,Nublado,1018,3,21,nublado
5663,1023,False,7,BR,Brasil,GO,Paranaiguara,CO,False,-18.916,-50.654,False,False,cities,5663,Paranaiguara,09/09/2026,Quarta-feira,10:24:00,21,9,ENE,76,75,Nublado,1016,3,22,nublado
8356,2598,False,7,BR,Brasil,GO,Paraúna,CO,False,-16.948,-50.449,False,True,cities,8356,Paraúna,09/09/2026,Quarta-feira,11:09:00,21,7,ESE,120,73,Nublado,1018,3,21,nublado
4276,5313,False,7,BR,Brasil,GO,Petrolina de Goiás,CO,False,-16.095,-49.338,False,False,cities,4276,Petrolina de Goiás,09/09/2026,Quarta-feira,10:24:00,20,7,ENE,76,65,Chuvoso,1018,5,19,chuvoso
3181,3325,False,7,BR,Brasil,GO,Piracanjuba,CO,False,-17.303,-49.017,False,True,cities,3181,Piracanjuba,09/09/2026,Quarta-feira,10:24:00,21,8,ENE,71,69,Nublado,1018,3,21,nublado
5664,1024,False,7,BR,Brasil,GO,Piranhas,CO,False,-16.427,-51.822,False,False,cities,5664,Piranhas,09/09/2026,Quarta-feira,11:09:00,22,8,ESE,109,80,Nublado,1017,3,24,nublado
5200,2151,False,7,BR,Brasil,GO,Pirenópolis,CO,False,-15.852,-48.959,False,False,cities,5200,Pirenópolis,09/09/2026,Quarta-feira,11:09:00,20,6,ENE,76,65,Chuvoso,1019,5,20,chuvoso
8359,4862,False,7,BR,Brasil,GO,Pires do Rio,CO,False,-17.3,-48.279,False,False,cities,8359,Pires do Rio,09/09/2026,Quarta-feira,10:24:00,20,6,E,80,65,Nublado,1019,3,20,nublado
5665,1025,False,7,BR,Brasil,GO,Planaltina,CO,False,-15.453,-47.614,False,True,cities,5665,Planaltina,09/09/2026,Quarta-feira,11:09:00,19,9,ENE,77,53,Nublado,1019,3,17,nublado
8360,2743,False,7,BR,Brasil,GO,Pontalina,CO,False,-17.525,-49.447,False,False,cities,8360,Pontalina,09/09/2026,Quarta-feira,10:24:00,21,9,ENE,71,74,Nublado,-,3,21,nublado
5396,2132,False,7,BR,Brasil,GO,Porangatu,CO,False,-13.441,-49.149,False,False,cities,5396,Porangatu,09/09/2026,Quarta-feira,10:24:00,24,12,E,96,70,Nublado,1016,3,24,nublado
3942,4863,False,7,BR,Brasil,GO,Porteirão,CO,False,-17.815,-50.164,False,False,cities,3942,Porteirão,09/09/2026,Quarta-feira,10:24:00,22,11,ENE,73,81,Nublado,1017,3,23,nublado
8362,2133,False,7,BR,Brasil,GO,Posse,CO,False,-14.093,-46.369,False,True,cities,8362,Posse,09/09/2026,Quarta-feira,10:24:00,22,8,E,84,54,Sol com algumas nuvens,1018,2,21,sol-com-algumas-nuvens
8363,5447,False,7,BR,Brasil,GO,Professor Jamil,CO,False,-17.249,-49.242,False,False,cities,8363,Professor Jamil,09/09/2026,Quarta-feira,10:24:00,21,8,ENE,71,73,Nublado,1018,3,21,nublado
6528,728,False,7,BR,Brasil,GO,Quirinópolis,CO,False,-18.448,-50.452,False,False,cities,6528,Quirinópolis,09/09/2026,Quarta-feira,10:24:00,21,11,ENE,75,77,Nublado,1017,3,21,nublado
4066,5023,False,7,BR,Brasil,GO,Rialma,CO,False,-15.315,-49.584,False,False,cities,4066,Rialma,09/09/2026,Quarta-feira,11:09:00,21,6,E,82,76,Nublado,1018,3,22,nublado
8364,5448,False,7,BR,Brasil,GO,Rianápolis,CO,False,-15.447,-49.51,False,False,cities,8364,Rianápolis,09/09/2026,Quarta-feira,10:24:00,21,6,E,80,73,Nublado,1018,3,22,nublado
3203,3396,False,7,BR,Brasil,GO,Rio Quente,CO,False,-17.774,-48.773,False,False,cities,3203,Rio Quente,09/09/2026,Quarta-feira,10:24:00,21,8,ENE,70,72,Nublado,1018,3,21,nublado
6863,90,False,7,BR,Brasil,GO,Rio Verde,CO,False,-17.798,-50.928,False,True,cities,6863,Rio Verde,09/09/2026,Quarta-feira,10:24:00,20,15,E,79,69,Nublado,1017,3,19,nublado
4498,5604,False,7,BR,Brasil,GO,Riverlândia,CO,False,-18.071,-50.504,False,False,cities,4498,Riverlândia,09/09/2026,Quarta-feira,11:09:00,21,13,ENE,74,74,Nublado,1017,3,20,nublado
4067,5024,False,7,BR,Brasil,GO,Rubiataba,CO,False,-15.164,-49.803,False,False,cities,4067,Rubiataba,09/09/2026,Quarta-feira,10:24:00,20,8,E,90,77,Nublado,1018,3,21,nublado
3986,4914,False,7,BR,Brasil,GO,Sanclerlândia,CO,False,-16.198,-50.314,False,False,cities,3986,Sanclerlândia,09/09/2026,Quarta-feira,10:24:00,21,8,E,81,74,Nublado,1017,3,22,nublado
5369,2035,False,7,BR,Brasil,GO,Santa Bárbara de Goiás,CO,False,-16.574,-49.694,False,False,cities,5369,Santa Bárbara de Goiás,09/09/2026,Quarta-feira,11:09:00,21,7,ENE,75,74,Chuvoso,1018,5,22,chuvoso
8365,5449,False,7,BR,Brasil,GO,Santa Cruz de Goiás,CO,False,-17.316,-48.482,False,False,cities,8365,Santa Cruz de Goiás,09/09/2026,Quarta-feira,10:24:00,20,6,ENE,70,62,Nublado,1019,3,19,nublado
4318,5360,False,7,BR,Brasil,GO,Santa Fé de Goiás,CO,False,-15.769,-51.106,False,False,cities,4318,Santa Fé de Goiás,09/09/2026,Quarta-feira,10:24:00,23,8,E,90,83,Nublado,1016,3,24,nublado
8366,1541,False,7,BR,Brasil,GO,Santa Helena de Goiás,CO,False,-17.814,-50.597,False,True,cities,8366,Santa Helena de Goiás,09/09/2026,Quarta-feira,10:24:00,22,14,ENE,75,77,Nublado,1017,3,21,nublado
8367,5450,False,7,BR,Brasil,GO,Santa Isabel,CO,False,-15.298,-49.427,False,False,cities,8367,Santa Isabel,09/09/2026,Quarta-feira,11:09:00,21,6,E,81,74,Nublado,1018,3,21,nublado
4123,5119,False,7,BR,Brasil,GO,Santa Rita do Araguaia,CO,False,-17.33,-53.2,False,False,cities,4123,Santa Rita do Araguaia,09/09/2026,Quarta-feira,11:09:00,20,11,ENE,65,69,Nublado,1016,3,20,nublado
6239,6837,False,7,BR,Brasil,GO,Santa Rita do Novo Destino,CO,False,-15.135,-49.1202,False,False,cities,6239,Santa Rita do Novo Destino,09/09/2026,Quarta-feira,10:24:00,20,8,E,81,67,Nublado,1018,3,20,nublado
8368,5451,False,7,BR,Brasil,GO,Santa Rosa de Goiás,CO,False,-16.085,-49.494,False,False,cities,8368,Santa Rosa de Goiás,09/09/2026,Quarta-feira,11:09:00,20,7,ENE,76,66,Chuvoso,1018,5,20,chuvoso
8369,5452,False,7,BR,Brasil,GO,Santa Tereza de Goiás,CO,False,-13.714,-49.015,False,False,cities,8369,Santa Tereza de Goiás,09/09/2026,Quarta-feira,11:09:00,24,12,E,90,68,Nublado,1016,3,25,nublado
4499,5605,False,7,BR,Brasil,GO,Santa Terezinha de Goiás,CO,False,-14.438,-49.706,False,False,cities,4499,Santa Terezinha de Goiás,09/09/2026,Quarta-feira,10:24:00,24,10,E,90,75,Nublado,1016,3,25,nublado
8370,2745,False,7,BR,Brasil,GO,Santo Antônio da Barra,CO,False,-17.561,-50.634,False,False,cities,8370,Santo Antônio da Barra,09/09/2026,Quarta-feira,11:09:00,21,11,ENE,76,78,Nublado,1017,3,21,nublado
3987,4915,False,7,BR,Brasil,GO,Santo Antônio de Goiás,CO,False,-16.484,-49.311,False,False,cities,3987,Santo Antônio de Goiás,09/09/2026,Quarta-feira,10:24:00,20,7,ENE,74,67,Chuvoso,1018,5,20,chuvoso
4124,5120,False,7,BR,Brasil,GO,Santo Antônio do Descoberto,CO,False,-15.94,-48.255,False,False,cities,4124,Santo Antônio do Descoberto,09/09/2026,Quarta-feira,10:24:00,21,6,ENE,74,58,Nublado,1019,3,20,nublado
8378,5453,False,7,BR,Brasil,GO,Senador Canedo,CO,False,-16.708,-49.093,False,False,cities,8378,Senador Canedo,09/09/2026,Quarta-feira,10:24:00,21,7,ENE,72,67,Nublado,1018,3,21,nublado
8379,2746,False,7,BR,Brasil,GO,Serranópolis,CO,False,-18.306,-51.962,False,True,cities,8379,Serranópolis,09/09/2026,Quarta-feira,10:24:00,19,8,ESE,103,70,Nublado,1016,3,19,nublado
5666,1027,False,7,BR,Brasil,GO,Silvânia,CO,False,-16.659,-48.608,False,True,cities,5666,Silvânia,09/09/2026,Quarta-feira,10:24:00,19,7,ENE,72,63,Nublado,1019,3,18,nublado
8380,5454,False,7,BR,Brasil,GO,Simolândia,CO,False,-14.474,-46.483,False,False,cities,8380,Simolândia,09/09/2026,Quarta-feira,10:24:00,23,12,E,83,57,Sol com muitas nuvens,1019,2r,22,sol-com-muitas-nuvens
4125,5121,False,7,BR,Brasil,GO,São Domingos,CO,False,-13.398,-46.318,False,False,cities,4125,São Domingos,09/09/2026,Quarta-feira,10:24:00,22,9,E,84,53,Sol,1018,1,21,sol
8371,4947,False,7,BR,Brasil,GO,São Francisco de Goiás,CO,False,-15.931,-49.261,False,False,cities,8371,São Francisco de Goiás,09/09/2026,Quarta-feira,10:24:00,21,6,ENE,77,69,Nublado,1018,3,21,nublado
8372,4864,False,7,BR,Brasil,GO,São Gabriel de Goiás,CO,False,-15.232,-47.574,False,False,cities,8372,São Gabriel de Goiás,09/09/2026,Quarta-feira,11:09:00,18,9,ENE,79,48,Nublado,1019,3,16,nublado
8373,2747,False,7,BR,Brasil,GO,São João d'Aliança,CO,False,-14.706,-47.525,False,True,cities,8373,São João d'Aliança,09/09/2026,Quarta-feira,11:09:00,19,13,E,81,48,Sol com muitas nuvens,1019,2r,17,sol-com-muitas-nuvens
8374,5455,False,7,BR,Brasil,GO,São João da Paraúna,CO,False,-16.815,-50.41,False,False,cities,8374,São João da Paraúna,09/09/2026,Quarta-feira,10:24:00,20,6,ENE,77,70,Nublado,1018,3,20,nublado
8375,5456,False,7,BR,Brasil,GO,São Luiz do Norte,CO,False,-14.862,-49.329,False,False,cities,8375,São Luiz do Norte,09/09/2026,Quarta-feira,10:24:00,22,6,E,84,73,Nublado,1017,3,23,nublado
5294,1600,False,7,BR,Brasil,GO,São Luís de Montes Belos,CO,False,-16.525,-50.372,False,False,cities,5294,São Luís de Montes Belos,09/09/2026,Quarta-feira,11:09:00,21,5,E,79,73,Nublado,1017,3,22,nublado
4126,5122,False,7,BR,Brasil,GO,São Miguel do Araguaia,CO,False,-13.275,-50.163,False,False,cities,4126,São Miguel do Araguaia,09/09/2026,Quarta-feira,11:09:00,23,11,ESE,109,83,Nublado,1016,3,25,nublado
7367,2734,False,7,BR,Brasil,GO,São Miguel do Passa Quatro,CO,False,-17.0582,-48.6619,False,False,cities,7367,São Miguel do Passa Quatro,09/09/2026,Quarta-feira,11:09:00,20,7,ENE,71,62,Nublado,1019,3,19,nublado
8376,5457,False,7,BR,Brasil,GO,São Patrício,CO,False,-15.35,-49.818,False,False,cities,8376,São Patrício,09/09/2026,Quarta-feira,11:09:00,21,8,E,84,78,Nublado,1018,3,21,nublado
8377,3336,False,7,BR,Brasil,GO,São Simão,CO,False,-18.991,-50.544,False,False,cities,8377,São Simão,09/09/2026,Quarta-feira,10:24:00,22,8,ENE,75,76,Nublado,1016,3,23,nublado
4104,5091,False,7,BR,Brasil,GO,Sítio d'Abadia,CO,False,-14.805,-46.253,False,True,cities,4104,Sítio d'Abadia,09/09/2026,Quarta-feira,11:09:00,21,13,E,83,57,Nublado,1020,3,19,nublado
8381,4865,False,7,BR,Brasil,GO,Taquaral de Goiás,CO,False,-16.054,-49.606,False,False,cities,8381,Taquaral de Goiás,09/09/2026,Quarta-feira,10:24:00,20,7,ENE,78,67,Nublado,1018,3,20,nublado
8382,5458,False,7,BR,Brasil,GO,Teresina de Goiás,CO,False,-13.776,-47.265,False,False,cities,8382,Teresina de Goiás,09/09/2026,Quarta-feira,10:24:00,21,10,E,86,51,Sol,1018,1,20,sol
8383,5459,False,7,BR,Brasil,GO,Terezópolis de Goiás,CO,False,-16.395,-49.08,False,False,cities,8383,Terezópolis de Goiás,09/09/2026,Quarta-feira,11:09:00,19,7,ENE,74,64,Chuvoso,1019,5,19,chuvoso
5667,1029,False,7,BR,Brasil,GO,Trindade,CO,False,-16.649,-49.489,False,False,cities,5667,Trindade,09/09/2026,Quarta-feira,10:24:00,20,7,ENE,74,67,Chuvoso,1018,5,20,chuvoso
8384,5460,False,7,BR,Brasil,GO,Trombas,CO,False,-13.509,-48.74,False,False,cities,8384,Trombas,09/09/2026,Quarta-feira,10:24:00,24,10,E,90,57,Nublado,1016,3,24,nublado
3252,3519,False,7,BR,Brasil,GO,Três Ranchos,CO,False,-18.354,-47.782,False,False,cities,3252,Três Ranchos,09/09/2026,Quarta-feira,10:24:00,21,8,ENE,70,69,Nublado,1019,3,21,nublado
8385,2735,False,7,BR,Brasil,GO,Turvelândia,CO,False,-17.853,-50.302,False,False,cities,8385,Turvelândia,09/09/2026,Quarta-feira,11:09:00,22,12,ENE,74,80,Nublado,1017,3,22,nublado
4026,4981,False,7,BR,Brasil,GO,Turvânia,CO,False,-16.614,-50.134,False,False,cities,4026,Turvânia,09/09/2026,Quarta-feira,11:09:00,21,7,ENE,76,74,Nublado,1018,3,22,nublado
8386,5461,False,7,BR,Brasil,GO,Uirapuru,CO,False,-14.285,-49.922,False,False,cities,8386,Uirapuru,09/09/2026,Quarta-feira,10:24:00,23,9,E,90,79,Nublado,1016,3,24,nublado
8387,4866,False,7,BR,Brasil,GO,Uruana,CO,False,-15.498,-49.688,False,False,cities,8387,Uruana,09/09/2026,Quarta-feira,11:09:00,21,7,E,82,76,Nublado,1018,3,22,nublado
3167,3116,False,7,BR,Brasil,GO,Uruaçu,CO,False,-14.525,-49.141,False,False,cities,3167,Uruaçu,09/09/2026,Quarta-feira,10:24:00,23,11,E,90,71,Nublado,1017,3,23,nublado
8388,5462,False,7,BR,Brasil,GO,Urutaí,CO,False,-17.464,-48.202,False,False,cities,8388,Urutaí,09/09/2026,Quarta-feira,10:24:00,20,6,ENE,69,63,Nublado,1019,3,19,nublado
5344,2008,False,7,BR,Brasil,GO,Valparaíso de Goiás,CO,False,-16.066,-47.979,False,False,cities,5344,Valparaíso de Goiás,09/09/2026,Quarta-feira,10:24:00,20,7,ENE,73,58,Nublado,1019,3,19,nublado
8389,5463,False,7,BR,Brasil,GO,Varjão,CO,False,-17.045,-49.631,False,False,cities,8389,Varjão,09/09/2026,Quarta-feira,10:24:00,21,8,ENE,72,71,Chuvoso,1018,5,21,chuvoso
5668,1030,False,7,BR,Brasil,GO,Vianópolis,CO,False,-16.742,-48.516,False,False,cities,5668,Vianópolis,09/09/2026,Quarta-feira,10:24:00,19,7,ENE,72,64,Nublado,1019,3,18,nublado
8390,2748,False,7,BR,Brasil,GO,Vicentinópolis,CO,False,-17.735,-49.805,False,False,cities,8390,Vicentinópolis,09/09/2026,Quarta-feira,11:09:00,21,11,ENE,71,70,Nublado,1017,3,21,nublado
3255,3523,False,7,BR,Brasil,GO,Vila Boa,CO,False,-15.038,-47.059,False,False,cities,3255,Vila Boa,09/09/2026,Quarta-feira,10:24:00,23,5,E,80,59,Nublado,1018,3,24,nublado
8391,5464,False,7,BR,Brasil,GO,Vila Propício,CO,False,-15.457,-48.889,False,False,cities,8391,Vila Propício,09/09/2026,Quarta-feira,11:09:00,20,4,ENE,78,62,Chuvoso,1018,5,21,chuvoso
8289,2736,False,7,BR,Brasil,GO,Água Fria de Goiás,CO,False,-14.986,-47.784,False,True,cities,8289,Água Fria de Goiás,09/09/2026,Quarta-feira,11:09:00,20,12,E,80,50,Nublado,1019,3,17,nublado
8290,5465,False,7,BR,Brasil,GO,Água Limpa,CO,False,-18.074,-48.762,False,False,cities,8290,Água Limpa,09/09/2026,Quarta-feira,11:09:00,21,7,ENE,69,72,Nublado,1018,3,21,nublado
8291,4758,False,7,BR,Brasil,GO,Águas Lindas de Goiás,CO,False,-15.762,-48.282,False,False,cities,8291,Águas Lindas de Goiás,09/09/2026,Quarta-feira,10:24:00,20,6,ENE,76,55,Chuvoso,1018,5,19,chuvoso
6033,6580,False,7,BR,Brasil,MA,Afonso Cunha,NE,False,-4.133,-43.324,False,False,cities,6033,Afonso Cunha,09/09/2026,Quarta-feira,11:09:00,25,6,ENE,67,78,Sol,1015,1,28,sol
4524,5632,False,7,BR,Brasil,MA,Alcântara,NE,True,-2.409,-44.6,True,False,cities,4524,Alcântara,09/09/2026,Quarta-feira,11:09:00,27,17,ENE,73,81,Sol,1014,1,30,sol
8392,6581,False,7,BR,Brasil,MA,Aldeias Altas,NE,False,-4.628,-43.471,False,False,cities,8392,Aldeias Altas,09/09/2026,Quarta-feira,11:09:00,25,4,ENE,59,79,Sol,1015,1,29,sol
4185,5185,False,7,BR,Brasil,MA,Altamira do Maranhão,NE,False,-4.058,-45.499,False,False,cities,4185,Altamira do Maranhão,09/09/2026,Quarta-feira,11:09:00,26,6,ENE,62,82,Sol,1015,1,30,sol
6240,6839,False,7,BR,Brasil,MA,Alto Alegre do Maranhão,NE,False,-4.213,-44.446,False,False,cities,6240,Alto Alegre do Maranhão,09/09/2026,Quarta-feira,10:24:00,26,5,ENE,64,78,Sol,1015,1,30,sol
4723,5922,False,7,BR,Brasil,MA,Alto Alegre do Pindaré,NE,False,-3.69,-45.903,False,False,cities,4723,Alto Alegre do Pindaré,09/09/2026,Quarta-feira,11:09:00,26,7,ENE,64,82,Sol,1015,1,29,sol
5669,1031,False,7,BR,Brasil,MA,Alto Parnaíba,NE,False,-9.111,-45.93,False,False,cities,5669,Alto Parnaíba,09/09/2026,Quarta-feira,10:24:00,24,8,NE,49,51,Sol,1016,1,23,sol
4725,5923,False,7,BR,Brasil,MA,Amapá do Maranhão,NE,False,-1.68,-46.01,False,False,cities,4725,Amapá do Maranhão,09/09/2026,Quarta-feira,11:09:00,25,12,NE,47,88,Sol,1014,1,28,sol
4726,5924,False,7,BR,Brasil,MA,Amarante do Maranhão,NE,False,-5.567,-46.742,False,False,cities,4726,Amarante do Maranhão,09/09/2026,Quarta-feira,10:24:00,25,8,E,90,74,Sol,1016,1,26,sol
4727,5925,False,7,BR,Brasil,MA,Anajatuba,NE,False,-3.264,-44.62,False,False,cities,4727,Anajatuba,09/09/2026,Quarta-feira,11:09:00,26,10,ENE,70,82,Sol,1014,1,30,sol
4027,4982,False,7,BR,Brasil,MA,Anapurus,NE,False,-3.672,-43.116,False,False,cities,4027,Anapurus,09/09/2026,Quarta-feira,10:24:00,26,8,ENE,74,77,Sol,1015,1,28,sol
8393,1032,False,7,BR,Brasil,MA,Anil,NE,False,-2.84,-44.217,False,False,cities,8393,Anil,09/09/2026,Quarta-feira,11:09:00,27,12,ENE,76,82,Sol,1014,1,30,sol
6241,6840,False,7,BR,Brasil,MA,Apicum-Açu,NE,True,-1.53,-45.08,False,False,cities,6241,Apicum-Açu,09/09/2026,Quarta-feira,11:09:00,27,23,ENE,68,84,Sol,1014,1,28,sol
4728,5926,False,7,BR,Brasil,MA,Araguanã,NE,False,-2.953,-45.665,False,False,cities,4728,Araguanã,09/09/2026,Quarta-feira,10:24:00,26,13,ENE,57,83,Sol,1014,1,28,sol
8394,1033,False,7,BR,Brasil,MA,Araioses,NE,True,-2.89,-41.903,False,False,cities,8394,Araioses,09/09/2026,Quarta-feira,11:09:00,27,22,E,85,76,Sol,1015,1,27,sol
4028,4983,False,7,BR,Brasil,MA,Arame,NE,False,-4.886,-46.005,False,False,cities,4028,Arame,09/09/2026,Quarta-feira,10:24:00,24,6,ENE,72,79,Sol,1015,1,26,sol
4729,5927,False,7,BR,Brasil,MA,Arari,NE,False,-3.454,-44.78,False,False,cities,4729,Arari,09/09/2026,Quarta-feira,11:09:00,26,11,ENE,66,83,Sol,1014,1,29,sol
4186,5186,False,7,BR,Brasil,MA,Axixá,NE,False,-2.84,-44.06,False,False,cities,4186,Axixá,09/09/2026,Quarta-feira,10:24:00,27,13,ENE,77,82,Sol,1014,1,30,sol
5672,1034,False,7,BR,Brasil,MA,Açailândia,NE,False,-4.947,-47.505,False,False,cities,5672,Açailândia,09/09/2026,Quarta-feira,10:24:00,24,8,E,90,77,Sol,1015,1,26,sol
8395,1035,False,7,BR,Brasil,MA,Bacabal,NE,False,-4.292,-44.792,False,False,cities,8395,Bacabal,09/09/2026,Quarta-feira,11:09:00,26,5,ENE,61,80,Sol,1015,1,30,sol
4730,5928,False,7,BR,Brasil,MA,Bacabeira,NE,False,-2.971,-44.316,False,False,cities,4730,Bacabeira,09/09/2026,Quarta-feira,10:24:00,27,11,ENE,74,82,Sol,1014,1,30,sol
4731,5929,False,7,BR,Brasil,MA,Bacuri,NE,True,-1.703,-45.134,False,False,cities,4731,Bacuri,09/09/2026,Quarta-feira,11:09:00,27,20,ENE,67,84,Sol,1014,1,29,sol
4732,5930,False,7,BR,Brasil,MA,Bacurituba,NE,False,-2.706,-44.738,False,False,cities,4732,Bacurituba,09/09/2026,Quarta-feira,10:24:00,27,12,ENE,70,82,Sol,1014,1,30,sol
6864,91,False,7,BR,Brasil,MA,Barra do Corda,NE,False,-5.506,-45.243,False,False,cities,6864,Barra do Corda,09/09/2026,Quarta-feira,11:09:00,25,3,NE,38,79,Sol,1015,1,29,sol
8397,1037,False,7,BR,Brasil,MA,Barreirinhas,NE,True,-2.747,-42.826,False,False,cities,8397,Barreirinhas,09/09/2026,Quarta-feira,10:24:00,27,19,E,82,80,Sol com algumas nuvens,1015,2,30,sol-com-algumas-nuvens
3228,3459,False,7,BR,Brasil,MA,Barão de Grajaú,NE,False,-6.756,-43.024,False,False,cities,3228,Barão de Grajaú,09/09/2026,Quarta-feira,11:09:00,28,19,NNE,32,41,Sol,1016,1,28,sol
4733,5931,False,7,BR,Brasil,MA,Bela Vista do Maranhão,NE,False,-3.731,-45.315,False,False,cities,4733,Bela Vista do Maranhão,09/09/2026,Quarta-feira,10:24:00,26,9,ENE,61,83,Sol,1014,1,30,sol
8398,5531,False,7,BR,Brasil,MA,Belágua,NE,False,-3.155,-43.51,False,False,cities,8398,Belágua,09/09/2026,Quarta-feira,11:09:00,26,12,ENE,78,79,Sol,1015,1,29,sol
4277,5314,False,7,BR,Brasil,MA,Benedito Leite,NE,False,-7.223,-44.558,False,False,cities,4277,Benedito Leite,09/09/2026,Quarta-feira,10:24:00,26,15,NNE,17,44,Sol,1016,1,24,sol
4734,5932,False,7,BR,Brasil,MA,Bequimão,NE,False,-2.449,-44.782,False,False,cities,4734,Bequimão,09/09/2026,Quarta-feira,11:09:00,27,14,ENE,69,82,Sol,1014,1,30,sol
4735,5933,False,7,BR,Brasil,MA,Bernardo do Mearim,NE,False,-4.584,-44.764,False,False,cities,4735,Bernardo do Mearim,09/09/2026,Quarta-feira,11:09:00,26,4,ENE,57,77,Sol,1015,1,29,sol
8399,5532,False,7,BR,Brasil,MA,Boa Vista do Gurupi,NE,False,-1.787,-46.303,False,False,cities,8399,Boa Vista do Gurupi,09/09/2026,Quarta-feira,10:24:00,25,8,NE,37,91,Sol,1014,1,29,sol
3193,3369,False,7,BR,Brasil,MA,Bom Jardim,NE,False,-3.55,-45.61,False,False,cities,3193,Bom Jardim,09/09/2026,Quarta-feira,11:09:00,26,9,ENE,60,83,Sol,1014,1,29,sol
4736,5934,False,7,BR,Brasil,MA,Bom Jesus das Selvas,NE,False,-4.42,-46.765,False,False,cities,4736,Bom Jesus das Selvas,09/09/2026,Quarta-feira,11:09:00,24,8,E,80,82,Sol,1015,1,27,sol
4737,5935,False,7,BR,Brasil,MA,Bom Lugar,NE,False,-4.22,-45.039,False,False,cities,4737,Bom Lugar,09/09/2026,Quarta-feira,11:09:00,26,6,ENE,61,78,Sol,1015,1,29,sol
4224,5260,False,7,BR,Brasil,MA,Brejo,NE,False,-3.684,-42.75,False,False,cities,4224,Brejo,09/09/2026,Quarta-feira,10:24:00,26,7,ENE,76,78,Sol,1015,1,30,sol
4738,5936,False,7,BR,Brasil,MA,Brejo de Areia,NE,False,-4.33,-45.59,False,False,cities,4738,Brejo de Areia,09/09/2026,Quarta-feira,11:09:00,24,4,ENE,64,80,Sol,1015,1,28,sol
8400,4109,False,7,BR,Brasil,MA,Buriti,NE,False,-3.942,-42.925,False,False,cities,8400,Buriti,09/09/2026,Quarta-feira,11:09:00,26,6,ENE,70,76,Sol,1015,1,29,sol
4278,5315,False,7,BR,Brasil,MA,Buriti Bravo,NE,False,-5.837,-43.834,False,False,cities,4278,Buriti Bravo,09/09/2026,Quarta-feira,11:09:00,25,3,NNE,32,70,Sol,1016,1,27,sol
4187,5187,False,7,BR,Brasil,MA,Buriticupu,NE,False,-4.346,-46.401,False,False,cities,4187,Buriticupu,09/09/2026,Quarta-feira,11:09:00,24,6,ENE,77,81,Sol,1015,1,27,sol
4739,5937,False,7,BR,Brasil,MA,Buritirama,NE,False,-5.593,-47.018,False,False,cities,4739,Buritirama,09/09/2026,Quarta-feira,10:24:00,24,7,E,90,75,Sol,1015,1,26,sol
4740,5938,False,7,BR,Brasil,MA,Cachoeira Grande,NE,False,-2.927,-44.058,False,False,cities,4740,Cachoeira Grande,09/09/2026,Quarta-feira,11:09:00,27,13,ENE,77,82,Sol,1014,1,30,sol
4741,5939,False,7,BR,Brasil,MA,Cajapió,NE,False,-2.881,-44.69,False,False,cities,4741,Cajapió,09/09/2026,Quarta-feira,10:24:00,27,11,ENE,70,83,Sol,1014,1,30,sol
4742,5940,False,7,BR,Brasil,MA,Cajari,NE,False,-3.321,-45.011,False,False,cities,4742,Cajari,09/09/2026,Quarta-feira,11:09:00,26,11,ENE,65,82,Sol,1014,1,30,sol
4743,5941,False,7,BR,Brasil,MA,Campestre do Maranhão,NE,False,-6.172,-47.364,False,False,cities,4743,Campestre do Maranhão,09/09/2026,Quarta-feira,11:09:00,25,8,ENE,75,79,Sol,1015,1,28,sol
4744,5942,False,7,BR,Brasil,MA,Cantanhede,NE,False,-3.633,-44.377,False,False,cities,4744,Cantanhede,09/09/2026,Quarta-feira,11:09:00,26,8,ENE,71,81,Sol,1014,1,30,sol
4745,5943,False,7,BR,Brasil,MA,Capinzal do Norte,NE,False,-4.728,-44.327,False,False,cities,4745,Capinzal do Norte,09/09/2026,Quarta-feira,11:09:00,25,1,NE,54,79,Sol,1015,1,29,sol
6865,92,False,7,BR,Brasil,MA,Carolina,NE,False,-7.333,-47.469,False,False,cities,6865,Carolina,09/09/2026,Quarta-feira,10:24:00,24,5,NE,48,84,Sol com algumas nuvens,1015,2,27,sol-com-algumas-nuvens
4746,5944,False,7,BR,Brasil,MA,Carutapera,NE,True,-1.195,-46.02,False,False,cities,4746,Carutapera,09/09/2026,Quarta-feira,11:09:00,27,16,NNE,31,83,Sol,1014,1,29,sol
8401,1038,False,7,BR,Brasil,MA,Caxias,NE,False,-4.859,-43.356,False,False,cities,8401,Caxias,09/09/2026,Quarta-feira,11:09:00,26,4,NE,56,75,Sol,1015,1,29,sol
4279,5316,False,7,BR,Brasil,MA,Cedral,NE,True,-2.0,-44.536,False,False,cities,4279,Cedral,09/09/2026,Quarta-feira,11:09:00,27,23,ENE,74,82,Sol com algumas nuvens,1014,2,30,sol-com-algumas-nuvens
4747,5945,False,7,BR,Brasil,MA,Central do Maranhão,NE,False,-2.199,-44.826,False,False,cities,4747,Central do Maranhão,09/09/2026,Quarta-feira,11:09:00,27,17,ENE,70,82,Sol,1014,1,29,sol
8402,5533,False,7,BR,Brasil,MA,Centro Novo do Maranhão,NE,False,-2.1269,-46.1228,False,False,cities,8402,Centro Novo do Maranhão,09/09/2026,Quarta-feira,11:09:00,25,9,NE,49,87,Sol,1014,1,28,sol
4748,5946,False,7,BR,Brasil,MA,Centro do Guilherme,NE,False,-2.369,-46.002,False,False,cities,4748,Centro do Guilherme,09/09/2026,Quarta-feira,10:24:00,25,11,NE,50,84,Sol,1014,1,28,sol
4068,5025,False,7,BR,Brasil,MA,Cidelândia,NE,False,-5.174,-47.782,False,False,cities,4068,Cidelândia,09/09/2026,Quarta-feira,10:24:00,25,9,E,83,78,Sol,1015,1,27,sol
8403,1040,False,7,BR,Brasil,MA,Codó,NE,False,-4.455,-43.886,False,False,cities,8403,Codó,09/09/2026,Quarta-feira,10:24:00,26,3,ENE,59,80,Sol,1015,1,30,sol
7668,1042,False,7,BR,Brasil,MA,Colinas,NE,False,-6.026,-44.249,False,False,cities,7668,Colinas,09/09/2026,Quarta-feira,10:24:00,24,4,NNE,28,74,Sol,1016,1,27,sol
8405,5947,False,7,BR,Brasil,MA,Conceição do Lago Açu,NE,False,-3.8514,-44.8895,False,False,cities,8405,Conceição do Lago Açu,09/09/2026,Quarta-feira,11:09:00,26,8,ENE,63,83,Sol,1014,1,30,sol
8406,1043,False,7,BR,Brasil,MA,Coroatá,NE,False,-4.13,-44.124,False,False,cities,8406,Coroatá,09/09/2026,Quarta-feira,11:09:00,26,6,ENE,66,81,Sol,1015,1,30,sol
8407,1044,False,7,BR,Brasil,MA,Cururupu,NE,True,-1.828,-44.868,False,False,cities,8407,Cururupu,09/09/2026,Quarta-feira,10:24:00,27,22,ENE,71,83,Sol,1014,1,28,sol
4749,5948,False,7,BR,Brasil,MA,Cândido Mendes,NE,True,-1.447,-45.717,False,False,cities,4749,Cândido Mendes,09/09/2026,Quarta-feira,11:09:00,26,16,NE,56,86,Sol,1014,1,29,sol
4750,5949,False,7,BR,Brasil,MA,Davinópolis,NE,False,-5.558,-47.426,False,False,cities,4750,Davinópolis,09/09/2026,Quarta-feira,10:24:00,25,6,E,90,82,Sol,1015,1,28,sol
6034,6582,False,7,BR,Brasil,MA,Dom Pedro,NE,False,-5.033,-44.442,False,False,cities,6034,Dom Pedro,09/09/2026,Quarta-feira,11:09:00,25,2,NE,48,79,Sol,1015,1,29,sol
8408,6583,False,7,BR,Brasil,MA,Duque Bacelar,NE,False,-4.156,-42.944,False,False,cities,8408,Duque Bacelar,09/09/2026,Quarta-feira,11:09:00,26,6,ENE,69,78,Sol,1015,1,30,sol
4096,5066,False,7,BR,Brasil,MA,Esperantinópolis,NE,False,-4.867,-44.708,False,False,cities,4096,Esperantinópolis,09/09/2026,Quarta-feira,10:24:00,26,3,NE,51,80,Sol,1015,1,30,sol
4097,5067,False,7,BR,Brasil,MA,Estreito,NE,False,-6.561,-47.451,False,False,cities,4097,Estreito,09/09/2026,Quarta-feira,10:24:00,26,7,ENE,66,78,Sol com algumas nuvens,1015,2,29,sol-com-algumas-nuvens
4751,5950,False,7,BR,Brasil,MA,Feira Nova do Maranhão,NE,False,-6.96,-46.686,False,False,cities,4751,Feira Nova do Maranhão,09/09/2026,Quarta-feira,11:09:00,24,8,NNE,33,70,Sol,1015,1,25,sol
4752,5951,False,7,BR,Brasil,MA,Fernando Falcão,NE,False,-6.152,-44.893,False,False,cities,4752,Fernando Falcão,09/09/2026,Quarta-feira,11:09:00,24,3,NNE,16,77,Sol,1016,1,27,sol
8409,4984,False,7,BR,Brasil,MA,Formosa da Serra Negra,NE,False,-6.435,-46.191,False,False,cities,8409,Formosa da Serra Negra,09/09/2026,Quarta-feira,11:09:00,25,9,N,360,72,Sol,1016,1,26,sol
8410,2718,False,7,BR,Brasil,MA,Fortaleza dos Nogueiras,NE,False,-6.9598,-46.1749,False,False,cities,8410,Fortaleza dos Nogueiras,09/09/2026,Quarta-feira,11:09:00,24,10,N,10,68,Sol,1016,1,24,sol
8411,4985,False,7,BR,Brasil,MA,Fortuna,NE,False,-5.733,-44.158,False,False,cities,8411,Fortuna,09/09/2026,Quarta-feira,10:24:00,24,2,NNE,33,79,Sol,1016,1,28,sol
8412,6584,False,7,BR,Brasil,MA,Gonçalves Dias,NE,False,-5.151,-44.299,False,False,cities,8412,Gonçalves Dias,09/09/2026,Quarta-feira,10:24:00,25,3,NE,46,79,Sol,1015,1,29,sol
8413,6585,False,7,BR,Brasil,MA,Governador Archer,NE,False,-5.022,-44.271,False,False,cities,8413,Governador Archer,09/09/2026,Quarta-feira,11:09:00,24,2,NE,48,76,Sol,1015,1,27,sol
6242,6841,False,7,BR,Brasil,MA,Governador Edison Lobão,NE,False,-5.749,-47.361,False,False,cities,6242,Governador Edison Lobão,09/09/2026,Quarta-feira,11:09:00,25,6,E,90,79,Sol,1015,1,28,sol
8414,4916,False,7,BR,Brasil,MA,Governador Eugênio Barros,NE,False,-5.323,-44.247,False,False,cities,8414,Governador Eugênio Barros,09/09/2026,Quarta-feira,10:24:00,24,2,NE,40,84,Sol,1015,1,28,sol
8415,6586,False,7,BR,Brasil,MA,Governador Luiz Rocha,NE,False,-5.469,-44.074,False,False,cities,8415,Governador Luiz Rocha,09/09/2026,Quarta-feira,10:24:00,25,2,NE,38,84,Sol,1016,1,29,sol
8416,6574,False,7,BR,Brasil,MA,Governador Newton Bello,NE,False,-3.426,-45.676,False,False,cities,8416,Governador Newton Bello,09/09/2026,Quarta-feira,10:24:00,26,11,ENE,59,82,Sol,1014,1,29,sol
6243,6842,False,7,BR,Brasil,MA,Governador Nunes Freire,NE,False,-2.126,-45.885,False,False,cities,6243,Governador Nunes Freire,09/09/2026,Quarta-feira,10:24:00,26,11,NE,52,83,Sol,1014,1,28,sol
7669,1045,False,7,BR,Brasil,MA,Grajaú,NE,False,-5.819,-46.139,False,False,cities,7669,Grajaú,09/09/2026,Quarta-feira,10:24:00,25,8,NNE,23,76,Sol,1015,1,27,sol
4280,5317,False,7,BR,Brasil,MA,Graça Aranha,NE,False,-5.41,-44.334,False,False,cities,4280,Graça Aranha,09/09/2026,Quarta-feira,11:09:00,24,3,NE,40,85,Sol,1015,1,28,sol
4754,5953,False,7,BR,Brasil,MA,Guimarães,NE,True,-2.133,-44.601,False,False,cities,4754,Guimarães,09/09/2026,Quarta-feira,11:09:00,27,21,ENE,74,82,Sol com algumas nuvens,1014,2,30,sol-com-algumas-nuvens
4755,5954,False,7,BR,Brasil,MA,Humberto de Campos,NE,True,-2.598,-43.461,False,False,cities,4755,Humberto de Campos,09/09/2026,Quarta-feira,10:24:00,27,20,E,81,84,Sol,1014,1,30,sol
4281,5318,False,7,BR,Brasil,MA,Icatu,NE,True,-2.78,-44.06,False,False,cities,4281,Icatu,09/09/2026,Quarta-feira,11:09:00,27,15,ENE,77,82,Sol,1014,1,30,sol
8418,5955,False,7,BR,Brasil,MA,Igarapé Grande,NE,False,-4.567,-44.825,False,False,cities,8418,Igarapé Grande,09/09/2026,Quarta-feira,10:24:00,26,4,ENE,57,77,Sol,1015,1,29,sol
8417,5956,False,7,BR,Brasil,MA,Igarapé do Meio,NE,False,-3.661,-45.227,False,False,cities,8417,Igarapé do Meio,09/09/2026,Quarta-feira,10:24:00,26,10,ENE,61,83,Sol,1014,1,30,sol
6866,93,False,7,BR,Brasil,MA,Imperatriz,NE,False,-5.526,-47.492,False,False,cities,6866,Imperatriz,09/09/2026,Quarta-feira,10:24:00,25,6,E,90,82,Sol,1015,1,28,sol
8419,5534,False,7,BR,Brasil,MA,Itaipava do Grajaú,NE,False,-5.145,-45.791,False,False,cities,8419,Itaipava do Grajaú,09/09/2026,Quarta-feira,10:24:00,25,6,ENE,67,81,Sol,1015,1,28,sol
8420,1046,False,7,BR,Brasil,MA,Itapecuru Mirim,NE,False,-3.393,-44.359,False,False,cities,8420,Itapecuru Mirim,09/09/2026,Quarta-feira,11:09:00,26,10,ENE,73,82,Sol,1014,1,30,sol
8421,5957,False,7,BR,Brasil,MA,Itinga do Maranhão,NE,False,-4.45,-47.526,False,False,cities,8421,Itinga do Maranhão,09/09/2026,Quarta-feira,11:09:00,24,10,E,83,84,Sol,1015,1,27,sol
4188,5188,False,7,BR,Brasil,MA,Jatobá,NE,False,-5.817,-44.223,False,False,cities,4188,Jatobá,09/09/2026,Quarta-feira,11:09:00,24,3,NNE,30,76,Sol,1016,1,27,sol
8422,5958,False,7,BR,Brasil,MA,Jenipapo dos Vieiras,NE,False,-5.371,-45.636,False,False,cities,8422,Jenipapo dos Vieiras,09/09/2026,Quarta-feira,11:09:00,25,5,NE,46,76,Sol,1015,1,27,sol
4189,5189,False,7,BR,Brasil,MA,Joselândia,NE,False,-4.933,-44.683,False,False,cities,4189,Joselândia,09/09/2026,Quarta-feira,10:24:00,26,3,NE,51,80,Sol,1015,1,30,sol
8423,1047,False,7,BR,Brasil,MA,João Lisboa,NE,False,-5.448,-47.401,False,False,cities,8423,João Lisboa,09/09/2026,Quarta-feira,10:24:00,25,6,E,90,82,Sol,1015,1,28,sol
8424,5959,False,7,BR,Brasil,MA,Junco do Maranhão,NE,False,-1.844,-46.092,False,False,cities,8424,Junco do Maranhão,09/09/2026,Quarta-feira,11:09:00,25,10,NE,48,89,Sol,1014,1,28,sol
8430,4203,False,7,BR,Brasil,MA,Lago Verde,NE,False,-4.042,-44.933,False,False,cities,8430,Lago Verde,09/09/2026,Quarta-feira,11:09:00,26,8,ENE,62,81,Sol,1014,1,30,sol
8428,5960,False,7,BR,Brasil,MA,Lago da Pedra,NE,False,-4.55,-45.117,False,False,cities,8428,Lago da Pedra,09/09/2026,Quarta-feira,10:24:00,26,5,ENE,59,78,Sol,1015,1,29,sol
8429,5961,False,7,BR,Brasil,MA,Lago do Junco,NE,False,-4.61,-45.06,False,False,cities,8429,Lago do Junco,09/09/2026,Quarta-feira,10:24:00,26,5,ENE,59,79,Sol,1015,1,29,sol
6244,6843,False,7,BR,Brasil,MA,Lagoa Grande do Maranhão,NE,False,-4.9889,-45.3816,False,False,cities,6244,Lagoa Grande do Maranhão,09/09/2026,Quarta-feira,11:09:00,24,6,ENE,58,80,Sol,1015,1,26,sol
8425,1048,False,7,BR,Brasil,MA,Lagoa da Pedra,NE,False,-4.55,-45.117,False,False,cities,8425,Lagoa da Pedra,09/09/2026,Quarta-feira,10:24:00,26,5,ENE,59,78,Sol,1015,1,29,sol
8426,6587,False,7,BR,Brasil,MA,Lagoa do Mato,NE,False,-6.047,-43.526,False,False,cities,8426,Lagoa do Mato,09/09/2026,Quarta-feira,11:09:00,25,5,NNE,34,54,Sol,1016,1,26,sol
8427,5962,False,7,BR,Brasil,MA,Lagoa dos Rodrigues,NE,False,-4.498,-44.899,False,False,cities,8427,Lagoa dos Rodrigues,09/09/2026,Quarta-feira,10:24:00,26,4,ENE,59,77,Sol,1015,1,30,sol
8431,5963,False,7,BR,Brasil,MA,Lajeado Novo,NE,False,-6.189,-47.035,False,False,cities,8431,Lajeado Novo,09/09/2026,Quarta-feira,10:24:00,25,9,ENE,66,78,Sol,1015,1,27,sol
8432,5964,False,7,BR,Brasil,MA,Lima Campos,NE,False,-4.517,-44.467,False,False,cities,8432,Lima Campos,09/09/2026,Quarta-feira,11:09:00,26,2,ENE,59,77,Sol,1015,1,29,sol
4190,5190,False,7,BR,Brasil,MA,Loreto,NE,False,-7.084,-45.141,False,False,cities,4190,Loreto,09/09/2026,Quarta-feira,10:24:00,25,11,N,11,64,Sol,1016,1,25,sol
8433,5965,False,7,BR,Brasil,MA,Luís Domingues,NE,True,-1.268,-45.873,False,False,cities,8433,Luís Domingues,09/09/2026,Quarta-feira,11:09:00,27,20,NE,45,81,Sol,1014,1,30,sol
8434,6588,False,7,BR,Brasil,MA,Magalhães de Almeida,NE,False,-3.396,-42.204,False,False,cities,8434,Magalhães de Almeida,09/09/2026,Quarta-feira,11:09:00,27,8,E,81,78,Sol,1015,1,30,sol
4282,5319,False,7,BR,Brasil,MA,Maracaçumé,NE,False,-2.043,-45.959,False,False,cities,4282,Maracaçumé,09/09/2026,Quarta-feira,11:09:00,25,10,NE,51,86,Sol,1014,1,28,sol
8435,5966,False,7,BR,Brasil,MA,Marajá do Sena,NE,False,-4.6,-45.44,False,False,cities,8435,Marajá do Sena,09/09/2026,Quarta-feira,11:09:00,25,6,ENE,62,83,Sol,1015,1,28,sol
8436,5967,False,7,BR,Brasil,MA,Maranhãozinho,NE,False,-2.24,-45.86,False,False,cities,8436,Maranhãozinho,09/09/2026,Quarta-feira,10:24:00,26,11,NE,51,83,Sol,1014,1,28,sol
4876,6130,False,7,BR,Brasil,MA,Mata Roma,NE,False,-3.625,-43.111,False,False,cities,4876,Mata Roma,09/09/2026,Quarta-feira,10:24:00,26,8,ENE,74,77,Sol,1015,1,28,sol
8437,5968,False,7,BR,Brasil,MA,Matinha,NE,False,-3.101,-45.034,False,False,cities,8437,Matinha,09/09/2026,Quarta-feira,10:24:00,26,11,ENE,64,82,Sol,1014,1,30,sol
4283,5320,False,7,BR,Brasil,MA,Matões,NE,False,-5.519,-43.199,False,False,cities,4283,Matões,09/09/2026,Quarta-feira,11:09:00,25,4,NE,47,66,Sol,1016,1,28,sol
8438,5969,False,7,BR,Brasil,MA,Matões do Norte,NE,False,-3.632,-44.556,False,False,cities,8438,Matões do Norte,09/09/2026,Quarta-feira,10:24:00,26,10,ENE,69,80,Sol,1014,1,29,sol
8439,6589,False,7,BR,Brasil,MA,Milagres do Maranhão,NE,False,-3.581,-42.609,False,False,cities,8439,Milagres do Maranhão,09/09/2026,Quarta-feira,10:24:00,26,6,ENE,77,78,Sol,1015,1,30,sol
4191,5191,False,7,BR,Brasil,MA,Mirador,NE,False,-6.371,-44.363,False,False,cities,4191,Mirador,09/09/2026,Quarta-feira,10:24:00,25,5,NNE,20,61,Sol,1016,1,27,sol
8440,5970,False,7,BR,Brasil,MA,Miranda do Norte,NE,False,-3.569,-44.584,False,False,cities,8440,Miranda do Norte,09/09/2026,Quarta-feira,10:24:00,26,10,ENE,69,80,Sol,1014,1,29,sol
8441,5971,False,7,BR,Brasil,MA,Mirinzal,NE,True,-2.065,-44.784,False,False,cities,8441,Mirinzal,09/09/2026,Quarta-feira,11:09:00,27,19,ENE,70,82,Sol,1014,1,29,sol
8443,5972,False,7,BR,Brasil,MA,Montes Altos,NE,False,-5.833,-47.067,False,False,cities,8443,Montes Altos,09/09/2026,Quarta-feira,11:09:00,24,8,E,90,75,Sol,1015,1,26,sol
8442,1049,False,7,BR,Brasil,MA,Monção,NE,False,-3.492,-45.251,False,False,cities,8442,Monção,09/09/2026,Quarta-feira,11:09:00,26,10,ENE,62,83,Sol,1014,1,30,sol
8444,5973,False,7,BR,Brasil,MA,Morros,NE,False,-2.864,-44.039,False,False,cities,8444,Morros,09/09/2026,Quarta-feira,11:09:00,27,13,ENE,77,82,Sol,1014,1,30,sol
8445,5903,False,7,BR,Brasil,MA,Nina Rodrigues,NE,False,-3.466,-43.905,False,False,cities,8445,Nina Rodrigues,09/09/2026,Quarta-feira,11:09:00,26,9,ENE,74,81,Sol,1014,1,30,sol
4495,5601,False,7,BR,Brasil,MA,Nova Colinas,NE,False,-7.116,-46.257,False,False,cities,4495,Nova Colinas,09/09/2026,Quarta-feira,11:09:00,24,9,NNE,14,72,Sol,1016,1,25,sol
8446,5535,False,7,BR,Brasil,MA,Nova Iorque,NE,False,-6.734,-44.044,False,False,cities,8446,Nova Iorque,09/09/2026,Quarta-feira,10:24:00,26,10,NNE,18,53,Sol,1016,1,26,sol
6245,6844,False,7,BR,Brasil,MA,Nova Olinda do Maranhão,NE,False,-2.847,-45.695,False,False,cities,6245,Nova Olinda do Maranhão,09/09/2026,Quarta-feira,10:24:00,26,13,NE,56,83,Sol,1014,1,28,sol
8447,4110,False,7,BR,Brasil,MA,Olho d'Água das Cunhãs,NE,False,-4.115,-45.14,False,False,cities,8447,Olho d'Água das Cunhãs,09/09/2026,Quarta-feira,11:09:00,26,7,ENE,62,80,Sol,1014,1,29,sol
8448,5974,False,7,BR,Brasil,MA,Olinda Nova do Maranhão,NE,False,-2.998,-44.997,False,False,cities,8448,Olinda Nova do Maranhão,09/09/2026,Quarta-feira,10:24:00,27,11,ENE,66,82,Sol,1014,1,30,sol
8450,5975,False,7,BR,Brasil,MA,Palmeirândia,NE,False,-2.645,-44.895,False,False,cities,8450,Palmeirândia,09/09/2026,Quarta-feira,11:09:00,27,13,ENE,67,81,Sol,1014,1,30,sol
4192,5192,False,7,BR,Brasil,MA,Paraibano,NE,False,-6.433,-43.984,False,False,cities,4192,Paraibano,09/09/2026,Quarta-feira,10:24:00,25,7,NNE,21,52,Sol,1016,1,25,sol
8451,1050,False,7,BR,Brasil,MA,Parnarama,NE,False,-5.682,-43.093,False,False,cities,8451,Parnarama,09/09/2026,Quarta-feira,11:09:00,26,5,NE,47,67,Sol,1016,1,29,sol
8452,5068,False,7,BR,Brasil,MA,Passagem Franca,NE,False,-6.18,-43.784,False,False,cities,8452,Passagem Franca,09/09/2026,Quarta-feira,10:24:00,24,6,NNE,27,57,Sol,1016,1,24,sol
8453,5069,False,7,BR,Brasil,MA,Pastos Bons,NE,False,-6.602,-44.077,False,False,cities,8453,Pastos Bons,09/09/2026,Quarta-feira,10:24:00,25,9,NNE,18,53,Sol,1016,1,25,sol
8454,5976,False,7,BR,Brasil,MA,Paulino Neves,NE,True,-2.73,-42.533,False,False,cities,8454,Paulino Neves,09/09/2026,Quarta-feira,11:09:00,27,26,E,83,80,Sol,1015,1,30,sol
8455,1051,False,7,BR,Brasil,MA,Paulo Ramos,NE,False,-4.444,-45.241,False,False,cities,8455,Paulo Ramos,09/09/2026,Quarta-feira,11:09:00,25,4,ENE,60,81,Sol,1015,1,29,sol
8449,5977,False,7,BR,Brasil,MA,Paço do Lumiar,NE,True,-2.532,-44.108,False,False,cities,8449,Paço do Lumiar,09/09/2026,Quarta-feira,10:24:00,27,20,ENE,78,82,Sol,1014,1,30,sol
8456,1052,False,7,BR,Brasil,MA,Pedreiras,NE,False,-4.569,-44.592,False,False,cities,8456,Pedreiras,09/09/2026,Quarta-feira,11:09:00,26,2,NE,56,77,Sol,1015,1,30,sol
8457,5978,False,7,BR,Brasil,MA,Pedro do Rosário,NE,False,-2.973,-45.349,False,False,cities,8457,Pedro do Rosário,09/09/2026,Quarta-feira,11:09:00,26,11,ENE,60,81,Sol,1014,1,29,sol
8458,2705,False,7,BR,Brasil,MA,Penalva,NE,False,-3.294,-45.174,False,False,cities,8458,Penalva,09/09/2026,Quarta-feira,10:24:00,26,11,ENE,62,82,Sol,1014,1,29,sol
8459,5979,False,7,BR,Brasil,MA,Peri Mirim,NE,False,-2.577,-44.854,False,False,cities,8459,Peri Mirim,09/09/2026,Quarta-feira,11:09:00,27,13,ENE,69,81,Sol,1014,1,29,sol
8460,5980,False,7,BR,Brasil,MA,Peritoró,NE,False,-4.383,-44.333,False,False,cities,8460,Peritoró,09/09/2026,Quarta-feira,11:09:00,26,4,ENE,62,78,Sol,1015,1,30,sol
8461,5981,False,7,BR,Brasil,MA,Pindaré Mirim,NE,False,-3.608,-45.343,False,False,cities,8461,Pindaré Mirim,09/09/2026,Quarta-feira,10:24:00,26,9,ENE,61,83,Sol,1014,1,30,sol
8462,1053,False,7,BR,Brasil,MA,Pinheiro,NE,False,-2.521,-45.083,False,False,cities,8462,Pinheiro,09/09/2026,Quarta-feira,11:09:00,27,14,ENE,65,81,Sol,1014,1,29,sol
8463,5982,False,7,BR,Brasil,MA,Pio XII,NE,False,-3.832,-45.152,False,False,cities,8463,Pio XII,09/09/2026,Quarta-feira,11:09:00,26,9,ENE,62,84,Sol,1014,1,30,sol
4284,5321,False,7,BR,Brasil,MA,Pirapemas,NE,False,-3.727,-44.223,False,False,cities,4284,Pirapemas,09/09/2026,Quarta-feira,10:24:00,26,8,ENE,72,81,Sol,1014,1,30,sol
8465,1054,False,7,BR,Brasil,MA,Porto Franco,NE,False,-6.338,-47.399,False,False,cities,8465,Porto Franco,09/09/2026,Quarta-feira,10:24:00,26,7,ENE,68,78,Sol,1015,1,29,sol
8466,5983,False,7,BR,Brasil,MA,Porto Rico do Maranhão,NE,True,-1.86,-44.59,False,False,cities,8466,Porto Rico do Maranhão,09/09/2026,Quarta-feira,11:09:00,27,25,ENE,75,82,Sol com algumas nuvens,1014,2,30,sol-com-algumas-nuvens
8464,1055,False,7,BR,Brasil,MA,Poção de Pedras,NE,False,-4.75,-44.94,False,False,cities,8464,Poção de Pedras,09/09/2026,Quarta-feira,10:24:00,26,5,ENE,56,79,Sol,1015,1,29,sol
8468,5984,False,7,BR,Brasil,MA,Presidente Juscelino,NE,False,-2.927,-44.065,False,False,cities,8468,Presidente Juscelino,09/09/2026,Quarta-feira,11:09:00,27,13,ENE,77,82,Sol,1014,1,30,sol
8469,5985,False,7,BR,Brasil,MA,Presidente Médici,NE,False,-2.387,-45.82,False,False,cities,8469,Presidente Médici,09/09/2026,Quarta-feira,11:09:00,26,11,NE,51,84,Sol,1014,1,28,sol
8470,5986,False,7,BR,Brasil,MA,Presidente Sarney,NE,False,-2.591,-45.364,False,False,cities,8470,Presidente Sarney,09/09/2026,Quarta-feira,11:09:00,26,13,ENE,61,81,Sol,1014,1,29,sol
8471,5987,False,7,BR,Brasil,MA,Presidente Vargas,NE,False,-3.407,-44.024,False,False,cities,8471,Presidente Vargas,09/09/2026,Quarta-feira,11:09:00,26,10,ENE,75,80,Sol,1014,1,30,sol
8473,5989,False,7,BR,Brasil,MA,Raposa,NE,True,-2.44,-44.1,False,False,cities,8473,Raposa,09/09/2026,Quarta-feira,10:24:00,27,20,ENE,78,82,Sol com algumas nuvens,1014,2,30,sol-com-algumas-nuvens
8474,1057,False,7,BR,Brasil,MA,Riachão,NE,False,-7.362,-46.617,False,False,cities,8474,Riachão,09/09/2026,Quarta-feira,11:09:00,23,8,NNE,33,70,Sol,1015,1,25,sol
8475,5990,False,7,BR,Brasil,MA,Ribamar Fiquene,NE,False,-5.93,-47.384,False,False,cities,8475,Ribamar Fiquene,09/09/2026,Quarta-feira,11:09:00,25,7,E,83,80,Sol,1015,1,28,sol
8476,1058,False,7,BR,Brasil,MA,Rosário,NE,False,-2.934,-44.235,False,False,cities,8476,Rosário,09/09/2026,Quarta-feira,10:24:00,27,12,ENE,76,82,Sol,1014,1,30,sol
8477,2720,False,7,BR,Brasil,MA,Sambaíba,NE,False,-7.14,-45.346,False,False,cities,8477,Sambaíba,09/09/2026,Quarta-feira,11:09:00,24,10,N,10,68,Sol,1016,1,25,sol
8512,6847,False,7,BR,Brasil,MA,Santa Filomena do Maranhão,NE,False,-5.5,-44.56,False,False,cities,8512,Santa Filomena do Maranhão,09/09/2026,Quarta-feira,10:24:00,25,3,NE,37,82,Sol,1016,1,28,sol
8478,1059,False,7,BR,Brasil,MA,Santa Helena,NE,False,-2.231,-45.3,False,False,cities,8478,Santa Helena,09/09/2026,Quarta-feira,11:09:00,26,14,ENE,62,82,Sol,1014,1,29,sol
8479,1060,False,7,BR,Brasil,MA,Santa Inês,NE,False,-3.667,-45.38,False,False,cities,8479,Santa Inês,09/09/2026,Quarta-feira,10:24:00,26,9,ENE,61,83,Sol,1014,1,30,sol
8481,1061,False,7,BR,Brasil,MA,Santa Luzia,NE,False,-3.963,-45.658,False,False,cities,8481,Santa Luzia,09/09/2026,Quarta-feira,11:09:00,26,5,ENE,63,81,Sol,1015,1,29,sol
8513,6848,False,7,BR,Brasil,MA,Santa Quiteria do Maranhão,NE,False,-3.493,-42.5687,False,False,cities,8513,Santa Quiteria do Maranhão,09/09/2026,Quarta-feira,10:24:00,26,8,ENE,78,78,Sol,1015,1,30,sol
8483,5992,False,7,BR,Brasil,MA,Santa Rita,NE,False,-3.144,-44.326,False,False,cities,8483,Santa Rita,09/09/2026,Quarta-feira,10:24:00,27,10,ENE,73,82,Sol,1014,1,30,sol
8482,6590,False,7,BR,Brasil,MA,Santana do Maranhão,NE,True,-3.116,-42.412,False,False,cities,8482,Santana do Maranhão,09/09/2026,Quarta-feira,11:09:00,26,14,E,81,78,Sol,1015,1,28,sol
8484,6849,False,7,BR,Brasil,MA,Santo Amaro do Maranhão,NE,True,-2.5,-43.254,False,False,cities,8484,Santo Amaro do Maranhão,09/09/2026,Quarta-feira,10:24:00,27,25,E,82,83,Sol com algumas nuvens,1014,2,30,sol-com-algumas-nuvens
8485,5537,False,7,BR,Brasil,MA,Santo Antônio dos Lopes,NE,False,-4.867,-44.367,False,False,cities,8485,Santo Antônio dos Lopes,09/09/2026,Quarta-feira,10:24:00,25,2,NE,51,80,Sol,1015,1,29,sol
8508,5993,False,7,BR,Brasil,MA,Satubinha,NE,False,-3.849,-45.271,False,False,cities,8508,Satubinha,09/09/2026,Quarta-feira,10:24:00,26,8,ENE,61,83,Sol,1014,1,30,sol
8511,6846,False,7,BR,Brasil,MA,Senador Alexandre Costa,NE,False,-5.2509,-44.0533,False,False,cities,8511,Senador Alexandre Costa,09/09/2026,Quarta-feira,10:24:00,24,2,NE,44,81,Sol,1015,1,28,sol
8509,5994,False,7,BR,Brasil,MA,Senador La Rocque,NE,False,-5.442,-47.291,False,False,cities,8509,Senador La Rocque,09/09/2026,Quarta-feira,10:24:00,25,6,E,90,80,Sol,1015,1,28,sol
8510,5995,False,7,BR,Brasil,MA,Serrano do Maranhão,NE,True,-1.856,-45.123,False,False,cities,8510,Serrano do Maranhão,09/09/2026,Quarta-feira,11:09:00,27,18,ENE,67,83,Sol,1014,1,29,sol
4193,5193,False,7,BR,Brasil,MA,Sucupira do Norte,NE,False,-6.477,-44.192,False,False,cities,4193,Sucupira do Norte,09/09/2026,Quarta-feira,10:24:00,24,7,NNE,19,51,Sol,1016,1,24,sol
8514,6591,False,7,BR,Brasil,MA,Sucupira do Riachão,NE,False,-6.411,-43.546,False,False,cities,8514,Sucupira do Riachão,09/09/2026,Quarta-feira,11:09:00,25,11,NNE,26,42,Sol,1017,1,23,sol
8486,4917,False,7,BR,Brasil,MA,São Benedito do Rio Preto,NE,False,-3.334,-43.528,False,False,cities,8486,São Benedito do Rio Preto,09/09/2026,Quarta-feira,11:09:00,26,10,ENE,76,79,Sol,1015,1,29,sol
8487,1062,False,7,BR,Brasil,MA,São Bento,NE,False,-2.696,-44.821,False,False,cities,8487,São Bento,09/09/2026,Quarta-feira,10:24:00,27,12,ENE,69,81,Sol,1014,1,30,sol
8488,6592,False,7,BR,Brasil,MA,São Bernardo,NE,False,-3.361,-42.418,False,False,cities,8488,São Bernardo,09/09/2026,Quarta-feira,10:24:00,26,9,E,79,78,Sol,1015,1,30,sol
8489,4867,False,7,BR,Brasil,MA,São Domingos do Azeitão,NE,False,-6.81,-44.645,False,False,cities,8489,São Domingos do Azeitão,09/09/2026,Quarta-feira,10:24:00,25,11,NNE,15,53,Sol,1016,1,24,sol
8490,1601,False,7,BR,Brasil,MA,São Domingos do Maranhão,NE,False,-5.5809,-44.3822,False,False,cities,8490,São Domingos do Maranhão,09/09/2026,Quarta-feira,10:24:00,24,3,NE,35,83,Sol,1016,1,28,sol
8492,5904,False,7,BR,Brasil,MA,São Francisco do Brejão,NE,False,-5.123,-47.386,False,False,cities,8492,São Francisco do Brejão,09/09/2026,Quarta-feira,10:24:00,24,8,E,90,78,Sol,1015,1,26,sol
8493,6593,False,7,BR,Brasil,MA,São Francisco do Maranhão,NE,False,-6.251,-42.856,False,False,cities,8493,São Francisco do Maranhão,09/09/2026,Quarta-feira,11:09:00,28,8,NE,43,39,Sol,1016,1,28,sol
8491,5070,False,7,BR,Brasil,MA,São Félix de Balsas,NE,False,-7.083,-44.813,False,False,cities,8491,São Félix de Balsas,09/09/2026,Quarta-feira,10:24:00,24,10,NNE,14,53,Sol,1016,1,24,sol
8499,1544,False,7,BR,Brasil,MA,São José do Ribamar,NE,True,-2.53,-44.19,False,False,cities,8499,São José do Ribamar,09/09/2026,Quarta-feira,10:24:00,27,18,ENE,77,82,Sol,1014,1,30,sol
8500,5538,False,7,BR,Brasil,MA,São José dos Basílios,NE,False,-5.051,-44.584,False,False,cities,8500,São José dos Basílios,09/09/2026,Quarta-feira,10:24:00,25,2,NE,48,79,Sol,1015,1,29,sol
8494,5996,False,7,BR,Brasil,MA,São João Batista,NE,False,-2.955,-44.807,False,False,cities,8494,São João Batista,09/09/2026,Quarta-feira,10:24:00,27,11,ENE,68,82,Sol,1014,1,30,sol
8495,5997,False,7,BR,Brasil,MA,São João do Carú,NE,False,-3.554,-46.256,False,False,cities,8495,São João do Carú,09/09/2026,Quarta-feira,10:24:00,25,6,ENE,63,82,Sol,1015,1,28,sol
8496,5539,False,7,BR,Brasil,MA,São João do Paraíso,NE,False,-6.461,-47.057,False,False,cities,8496,São João do Paraíso,09/09/2026,Quarta-feira,11:09:00,24,12,ENE,60,72,Sol,1015,1,25,sol
8497,6594,False,7,BR,Brasil,MA,São João do Soter,NE,False,-5.114,-43.81,False,False,cities,8497,São João do Soter,09/09/2026,Quarta-feira,11:09:00,25,2,NE,47,81,Sol,1015,1,29,sol
8498,1545,False,7,BR,Brasil,MA,São João dos Patos,NE,False,-6.495,-43.702,False,False,cities,8498,São João dos Patos,09/09/2026,Quarta-feira,10:24:00,26,11,NNE,21,42,Sol,1017,1,25,sol
6867,94,True,7,BR,Brasil,MA,São Luís,NE,True,-2.527,-44.214,True,False,cities,6867,São Luís,09/09/2026,Quarta-feira,10:24:00,27,18,ENE,77,82,Sol,1014,1,30,sol
8501,4204,False,7,BR,Brasil,MA,São Luís Gonzaga do Maranhão,NE,False,-4.392,-44.65,False,False,cities,8501,São Luís Gonzaga do Maranhão,09/09/2026,Quarta-feira,10:24:00,26,4,ENE,61,80,Sol,1015,1,30,sol
8502,1602,False,7,BR,Brasil,MA,São Mateus do Maranhão,NE,False,-4.042,-44.475,False,False,cities,8502,São Mateus do Maranhão,09/09/2026,Quarta-feira,11:09:00,26,7,ENE,68,79,Sol,1015,1,30,sol
8503,6806,False,7,BR,Brasil,MA,São Pedro da Água Branca,NE,False,-5.085,-48.429,False,False,cities,8503,São Pedro da Água Branca,09/09/2026,Quarta-feira,10:24:00,24,9,ENE,78,85,Sol,1014,1,27,sol
8504,5998,False,7,BR,Brasil,MA,São Pedro dos Crentes,NE,False,-6.826,-46.532,False,False,cities,8504,São Pedro dos Crentes,09/09/2026,Quarta-feira,11:09:00,24,11,NNE,23,67,Sol,1016,1,25,sol
8505,2719,False,7,BR,Brasil,MA,São Raimundo das Mangabeiras,NE,False,-7.022,-45.481,False,False,cities,8505,São Raimundo das Mangabeiras,09/09/2026,Quarta-feira,11:09:00,24,7,N,8,71,Sol,1016,1,25,sol
8506,6850,False,7,BR,Brasil,MA,São Raimundo do Doca Bezerra,NE,False,-5.105,-45.077,False,False,cities,8506,São Raimundo do Doca Bezerra,09/09/2026,Quarta-feira,11:09:00,25,5,NE,50,81,Sol,1015,1,28,sol
8507,5999,False,7,BR,Brasil,MA,São Roberto,NE,False,-5.021,-44.991,False,False,cities,8507,São Roberto,09/09/2026,Quarta-feira,10:24:00,25,5,NE,51,81,Sol,1015,1,29,sol
4285,5322,False,7,BR,Brasil,MA,São Vicente Ferrer,NE,False,-2.894,-44.88,False,False,cities,4285,São Vicente Ferrer,09/09/2026,Quarta-feira,10:24:00,27,11,ENE,69,82,Sol,1014,1,30,sol
4525,5633,False,7,BR,Brasil,MA,Sítio Novo,NE,False,-5.878,-46.699,False,False,cities,4525,Sítio Novo,09/09/2026,Quarta-feira,11:09:00,25,9,ENE,68,74,Sol,1016,1,27,sol
8515,2721,False,7,BR,Brasil,MA,Tasso Fragoso,NE,False,-8.47,-45.75,False,False,cities,8515,Tasso Fragoso,09/09/2026,Quarta-feira,10:24:00,24,6,NE,40,49,Sol,1016,1,24,sol
8516,6000,False,7,BR,Brasil,MA,Timbiras,NE,False,-4.255,-43.941,False,False,cities,8516,Timbiras,09/09/2026,Quarta-feira,10:24:00,26,5,ENE,64,81,Sol,1015,1,30,sol
8517,1067,False,7,BR,Brasil,MA,Timon,NE,False,-5.094,-42.837,False,False,cities,8517,Timon,09/09/2026,Quarta-feira,10:24:00,27,6,ENE,57,67,Sol,1015,1,30,sol
8518,6001,False,7,BR,Brasil,MA,Trizidela do Vale,NE,False,-4.572,-44.621,False,False,cities,8518,Trizidela do Vale,09/09/2026,Quarta-feira,11:09:00,26,2,NE,56,77,Sol,1015,1,30,sol
8519,6002,False,7,BR,Brasil,MA,Tufilândia,NE,False,-3.729,-45.554,False,False,cities,8519,Tufilândia,09/09/2026,Quarta-feira,10:24:00,26,7,ENE,61,83,Sol,1014,1,30,sol
8520,1068,False,7,BR,Brasil,MA,Tuntum,NE,False,-5.258,-44.649,False,False,cities,8520,Tuntum,09/09/2026,Quarta-feira,10:24:00,25,4,NE,43,81,Sol,1015,1,29,sol
7670,1069,False,7,BR,Brasil,MA,Turiaçu,NE,True,-1.663,-45.372,False,False,cities,7670,Turiaçu,09/09/2026,Quarta-feira,11:09:00,27,17,WSW,250,85,Sol,1014,1,29,sol
8521,5540,False,7,BR,Brasil,MA,Turilândia,NE,False,-2.201,-45.343,False,False,cities,8521,Turilândia,09/09/2026,Quarta-feira,11:09:00,26,14,ENE,62,82,Sol,1014,1,29,sol
8522,1070,False,7,BR,Brasil,MA,Tutóia,NE,True,-2.762,-42.274,False,False,cities,8522,Tutóia,09/09/2026,Quarta-feira,11:09:00,27,31,E,84,79,Sol,1015,1,26,sol
8523,1071,False,7,BR,Brasil,MA,Urbano Santos,NE,False,-3.208,-43.404,False,False,cities,8523,Urbano Santos,09/09/2026,Quarta-feira,11:09:00,26,11,ENE,77,79,Sol,1015,1,29,sol
8524,1072,False,7,BR,Brasil,MA,Vargem Grande,NE,False,-3.543,-43.916,False,False,cities,8524,Vargem Grande,09/09/2026,Quarta-feira,11:09:00,26,9,ENE,74,81,Sol,1014,1,30,sol
8525,1073,False,7,BR,Brasil,MA,Viana,NE,False,-3.21,-45.0,False,False,cities,8525,Viana,09/09/2026,Quarta-feira,10:24:00,27,11,ENE,66,82,Sol,1014,1,30,sol
8526,6003,False,7,BR,Brasil,MA,Vila Nova dos Martírios,NE,False,-5.18,-48.14,False,False,cities,8526,Vila Nova dos Martírios,09/09/2026,Quarta-feira,10:24:00,25,10,E,80,82,Sol,1014,1,28,sol
8528,1074,False,7,BR,Brasil,MA,Vitorino Freire,NE,False,-4.289,-45.25,False,False,cities,8528,Vitorino Freire,09/09/2026,Quarta-feira,11:09:00,26,5,ENE,62,80,Sol,1015,1,29,sol
8527,1075,False,7,BR,Brasil,MA,Vitória do Mearim,NE,False,-3.462,-44.871,False,False,cities,8527,Vitória do Mearim,09/09/2026,Quarta-feira,11:09:00,26,11,ENE,66,83,Sol,1014,1,29,sol
4496,5602,False,7,BR,Brasil,MA,Zé Doca,NE,False,-3.275,-45.658,False,False,cities,4496,Zé Doca,09/09/2026,Quarta-feira,10:24:00,26,12,ENE,58,82,Sol,1014,1,28,sol
4786,6004,False,7,BR,Brasil,MA,Água Doce do Maranhão,NE,True,-2.841,-42.112,False,False,cities,4786,Água Doce do Maranhão,09/09/2026,Quarta-feira,10:24:00,27,21,E,85,77,Sol,1015,1,28,sol
6868,95,False,7,BR,Brasil,MG,Abaeté,SE,False,-19.16,-45.446,False,True,cities,6868,Abaeté,09/09/2026,Quarta-feira,11:09:00,19,7,ENE,75,74,Sol com muitas nuvens,1021,2r,19,sol-com-muitas-nuvens
3258,3569,False,7,BR,Brasil,MG,Abre Campo,SE,False,-20.301,-42.477,False,False,cities,3258,Abre Campo,09/09/2026,Quarta-feira,11:09:00,17,3,E,80,66,Nublado,1022,3,17,nublado
3259,3570,False,7,BR,Brasil,MG,Acaiaca,SE,False,-20.363,-43.145,False,False,cities,3259,Acaiaca,09/09/2026,Quarta-feira,11:09:00,18,7,ENE,78,74,Chuvoso,1022,5,18,chuvoso
3260,3571,False,7,BR,Brasil,MG,Aguanil,SE,False,-20.942,-45.393,False,False,cities,3260,Aguanil,09/09/2026,Quarta-feira,10:24:00,18,11,ENE,78,68,Sol com algumas nuvens,1021,2,16,sol-com-algumas-nuvens
6869,97,False,7,BR,Brasil,MG,Aimorés,SE,False,-19.496,-41.064,False,False,cities,6869,Aimorés,09/09/2026,Quarta-feira,10:24:00,21,3,E,90,85,Sol com muitas nuvens,1020,2r,24,sol-com-muitas-nuvens
3888,4798,False,7,BR,Brasil,MG,Aiuruoca,SE,False,-21.976,-44.603,False,False,cities,3888,Aiuruoca,09/09/2026,Quarta-feira,11:09:00,15,9,ENE,77,59,Sol com muitas nuvens,1021,2r,12,sol-com-muitas-nuvens
6529,729,False,7,BR,Brasil,MG,Alagoa,SE,False,-22.171,-44.642,False,False,cities,6529,Alagoa,09/09/2026,Quarta-feira,11:09:00,12,9,ENE,77,49,Sol com muitas nuvens,1020,2r,9,sol-com-muitas-nuvens
3261,3572,False,7,BR,Brasil,MG,Albertina,SE,False,-22.201,-46.616,False,False,cities,3261,Albertina,09/09/2026,Quarta-feira,10:24:00,17,3,E,83,68,Nublado,1020,3,17,nublado
8533,6809,False,7,BR,Brasil,MG,Alexandrita,SE,False,-19.7,-50.453,False,False,cities,8533,Alexandrita,09/09/2026,Quarta-feira,10:24:00,22,4,ENE,78,79,Nublado,1016,3,24,nublado
6870,98,False,7,BR,Brasil,MG,Alfenas,SE,False,-21.429,-45.947,False,True,cities,6870,Alfenas,09/09/2026,Quarta-feira,11:09:00,18,8,E,79,70,Sol com muitas nuvens,1020,2r,18,sol-com-muitas-nuvens
3262,3573,False,7,BR,Brasil,MG,Alfredo Vasconcelos,SE,False,-21.145,-43.777,False,False,cities,3262,Alfredo Vasconcelos,09/09/2026,Quarta-feira,11:09:00,15,9,ENE,75,60,Chuvoso,1022,5,13,chuvoso
6871,99,False,7,BR,Brasil,MG,Almenara,SE,False,-16.184,-40.694,False,False,cities,6871,Almenara,09/09/2026,Quarta-feira,10:24:00,22,3,ESE,120,85,Sol com muitas nuvens,1022,2r,24,sol-com-muitas-nuvens
3263,3574,False,7,BR,Brasil,MG,Alpercata,SE,False,-18.974,-41.97,False,False,cities,3263,Alpercata,09/09/2026,Quarta-feira,11:09:00,21,4,E,90,79,Sol com muitas nuvens,1021,2r,23,sol-com-muitas-nuvens
6872,100,False,7,BR,Brasil,MG,Alpinópolis,SE,False,-20.864,-46.388,False,False,cities,6872,Alpinópolis,09/09/2026,Quarta-feira,11:09:00,17,10,ENE,78,68,Sol com algumas nuvens,1020,2,16,sol-com-algumas-nuvens
3253,3520,False,7,BR,Brasil,MG,Alterosa,SE,False,-21.249,-46.143,False,False,cities,3253,Alterosa,09/09/2026,Quarta-feira,10:24:00,18,9,E,79,70,Sol com algumas nuvens,1020,2,17,sol-com-algumas-nuvens
3264,3575,False,7,BR,Brasil,MG,Alto Caparaó,SE,False,-20.433,-41.868,False,False,cities,3264,Alto Caparaó,09/09/2026,Quarta-feira,10:24:00,17,2,E,80,51,Sol com muitas nuvens,1022,2r,15,sol-com-muitas-nuvens
3265,3576,False,7,BR,Brasil,MG,Alto Jequitibá,SE,False,-20.424,-41.966,False,False,cities,3265,Alto Jequitibá,09/09/2026,Quarta-feira,10:24:00,20,2,E,79,74,Nublado,1022,3,21,nublado
3266,3577,False,7,BR,Brasil,MG,Alto Rio Doce,SE,False,-21.026,-43.411,False,False,cities,3266,Alto Rio Doce,09/09/2026,Quarta-feira,10:24:00,17,7,ENE,75,71,Chuvoso,1022,5,17,chuvoso
3267,3578,False,7,BR,Brasil,MG,Alvarenga,SE,False,-19.417,-41.729,False,False,cities,3267,Alvarenga,09/09/2026,Quarta-feira,11:09:00,18,2,E,90,68,Sol com muitas nuvens,1023,2r,18,sol-com-muitas-nuvens
3268,3579,False,7,BR,Brasil,MG,Alvinópolis,SE,False,-20.107,-43.049,False,False,cities,3268,Alvinópolis,09/09/2026,Quarta-feira,11:09:00,18,6,E,80,69,Chuvoso,1022,5,17,chuvoso
3269,3580,False,7,BR,Brasil,MG,Alvorada de Minas,SE,False,-18.736,-43.365,False,False,cities,3269,Alvorada de Minas,09/09/2026,Quarta-feira,10:24:00,18,7,E,90,69,Sol com muitas nuvens,1023,2r,18,sol-com-muitas-nuvens
8532,2713,False,7,BR,Brasil,MG,Além Paraíba,SE,False,-21.87,-42.68,False,False,cities,8532,Além Paraíba,09/09/2026,Quarta-feira,10:24:00,21,2,ENE,72,87,Nublado,1021,3,24,nublado
8534,5026,False,7,BR,Brasil,MG,Amarantina,SE,False,-20.311,-43.711,False,False,cities,8534,Amarantina,09/09/2026,Quarta-feira,10:24:00,17,11,ENE,78,64,Nublado,1021,3,14,nublado
3270,3581,False,7,BR,Brasil,MG,Amparo do Serra,SE,False,-20.507,-42.802,False,False,cities,3270,Amparo do Serra,09/09/2026,Quarta-feira,10:24:00,18,4,ENE,78,72,Chuvoso,1022,5,18,chuvoso
8535,1077,False,7,BR,Brasil,MG,Andradas,SE,False,-22.068,-46.569,False,True,cities,8535,Andradas,09/09/2026,Quarta-feira,11:09:00,17,4,E,83,66,Nublado,1020,3,17,nublado
8536,2036,False,7,BR,Brasil,MG,Andrelândia,SE,False,-21.74,-44.309,False,False,cities,8536,Andrelândia,09/09/2026,Quarta-feira,10:24:00,15,9,ENE,76,62,Sol com muitas nuvens,1022,2r,12,sol-com-muitas-nuvens
3271,3582,False,7,BR,Brasil,MG,Angelândia,SE,False,-17.73,-42.27,False,False,cities,3271,Angelândia,09/09/2026,Quarta-feira,11:09:00,17,8,E,101,64,Sol com algumas nuvens,1021,2,16,sol-com-algumas-nuvens
3889,4799,False,7,BR,Brasil,MG,Antônio Carlos,SE,False,-21.318,-43.747,False,False,cities,3889,Antônio Carlos,09/09/2026,Quarta-feira,11:09:00,15,8,ENE,74,59,Chuvoso,1022,5,13,chuvoso
3272,3583,False,7,BR,Brasil,MG,Antônio Dias,SE,False,-19.653,-42.872,False,False,cities,3272,Antônio Dias,09/09/2026,Quarta-feira,10:24:00,19,4,E,90,76,Nublado,1023,3,20,nublado
8537,4151,False,7,BR,Brasil,MG,Antônio Prado de Minas,SE,False,-21.016,-42.109,False,False,cities,8537,Antônio Prado de Minas,09/09/2026,Quarta-feira,10:24:00,19,2,ENE,77,81,Nublado,1021,3,21,nublado
6320,6938,False,7,BR,Brasil,MG,Aparecida de Minas,SE,False,-20.13,-49.233,False,False,cities,6320,Aparecida de Minas,09/09/2026,Quarta-feira,10:24:00,21,3,ENE,76,78,Nublado,1017,3,22,nublado
8538,3584,False,7,BR,Brasil,MG,Aracitaba,SE,False,-21.342,-43.378,False,False,cities,8538,Aracitaba,09/09/2026,Quarta-feira,10:24:00,19,5,ENE,74,75,Chuvoso,1020,5,20,chuvoso
8539,1078,False,7,BR,Brasil,MG,Araguari,SE,False,-18.647,-48.187,False,True,cities,8539,Araguari,09/09/2026,Quarta-feira,10:24:00,19,10,ENE,69,61,Nublado,1018,3,17,nublado
8540,3585,False,7,BR,Brasil,MG,Arantina,SE,False,-21.911,-44.256,False,False,cities,8540,Arantina,09/09/2026,Quarta-feira,10:24:00,14,9,ENE,75,60,Sol com muitas nuvens,1021,2r,12,sol-com-muitas-nuvens
8541,3586,False,7,BR,Brasil,MG,Araponga,SE,False,-20.667,-42.521,False,False,cities,8541,Araponga,09/09/2026,Quarta-feira,11:09:00,17,3,ENE,78,65,Nublado,1021,3,16,nublado
8542,2599,False,7,BR,Brasil,MG,Araporã,SE,False,-18.436,-49.185,False,False,cities,8542,Araporã,09/09/2026,Quarta-feira,10:24:00,22,9,ENE,69,71,Nublado,1017,3,22,nublado
8543,3587,False,7,BR,Brasil,MG,Arapuá,SE,False,-19.034,-46.156,False,False,cities,8543,Arapuá,09/09/2026,Quarta-feira,10:24:00,17,8,ENE,73,65,Sol com muitas nuvens,1021,2r,16,sol-com-muitas-nuvens
6873,101,False,7,BR,Brasil,MG,Araxá,SE,False,-19.593,-46.941,False,True,cities,6873,Araxá,09/09/2026,Quarta-feira,10:24:00,17,8,ENE,73,63,Nublado,1021,3,16,nublado
3273,3588,False,7,BR,Brasil,MG,Araçaí,SE,False,-19.199,-44.248,False,False,cities,3273,Araçaí,09/09/2026,Quarta-feira,10:24:00,20,8,E,82,65,Sol com muitas nuvens,1021,2r,19,sol-com-muitas-nuvens
6874,102,False,7,BR,Brasil,MG,Araçuaí,SE,False,-16.85,-42.07,False,False,cities,6874,Araçuaí,09/09/2026,Quarta-feira,10:24:00,22,6,E,101,74,Sol,1021,1,23,sol
8544,4152,False,7,BR,Brasil,MG,Araújos,SE,False,-19.948,-45.166,False,False,cities,8544,Araújos,09/09/2026,Quarta-feira,10:24:00,17,10,ENE,76,67,Nublado,1021,3,16,nublado
5356,2021,False,7,BR,Brasil,MG,Arceburgo,SE,False,-21.364,-46.94,False,False,cities,5356,Arceburgo,09/09/2026,Quarta-feira,10:24:00,19,8,E,81,74,Sol com muitas nuvens,1019,2r,19,sol-com-muitas-nuvens
8545,1079,False,7,BR,Brasil,MG,Arcos,SE,False,-20.282,-45.539,False,False,cities,8545,Arcos,09/09/2026,Quarta-feira,11:09:00,18,10,ENE,76,68,Chuvoso,1020,5,17,chuvoso
3212,3419,False,7,BR,Brasil,MG,Areado,SE,False,-21.359,-46.146,False,False,cities,3212,Areado,09/09/2026,Quarta-feira,10:24:00,18,8,E,80,68,Sol com algumas nuvens,1020,2,17,sol-com-algumas-nuvens
8546,3589,False,7,BR,Brasil,MG,Argirita,SE,False,-21.61,-42.836,False,False,cities,8546,Argirita,09/09/2026,Quarta-feira,11:09:00,19,2,ENE,73,75,Chuvoso,1021,5,20,chuvoso
8547,3590,False,7,BR,Brasil,MG,Aricanduva,SE,False,-17.867,-42.557,False,False,cities,8547,Aricanduva,09/09/2026,Quarta-feira,10:24:00,18,5,E,101,64,Sol com muitas nuvens,1022,2r,17,sol-com-muitas-nuvens
6875,103,False,7,BR,Brasil,MG,Arinos,SE,False,-15.917,-46.106,False,False,cities,6875,Arinos,09/09/2026,Quarta-feira,10:24:00,22,8,E,80,61,Nublado,1020,3,22,nublado
8548,3591,False,7,BR,Brasil,MG,Astolfo Dutra,SE,False,-21.315,-42.862,False,False,cities,8548,Astolfo Dutra,09/09/2026,Quarta-feira,10:24:00,20,2,ENE,74,79,Nublado,1020,3,21,nublado
8549,3592,False,7,BR,Brasil,MG,Ataléia,SE,False,-18.044,-41.11,False,False,cities,8549,Ataléia,09/09/2026,Quarta-feira,11:09:00,20,8,E,97,85,Sol com muitas nuvens,1022,2r,21,sol-com-muitas-nuvens
8550,3593,False,7,BR,Brasil,MG,Augusto de Lima,SE,False,-18.109,-44.267,False,False,cities,8550,Augusto de Lima,09/09/2026,Quarta-feira,11:09:00,21,8,E,90,67,Sol com algumas nuvens,1021,2,20,sol-com-algumas-nuvens
6876,104,False,7,BR,Brasil,MG,Açucena,SE,False,-19.073,-42.546,False,False,cities,6876,Açucena,09/09/2026,Quarta-feira,11:09:00,19,3,E,90,75,Sol com muitas nuvens,1022,2r,20,sol-com-muitas-nuvens
8551,1080,False,7,BR,Brasil,MG,Baependi,SE,False,-21.959,-44.89,False,False,cities,8551,Baependi,09/09/2026,Quarta-feira,10:24:00,17,8,ENE,77,67,Sol com muitas nuvens,1021,2r,15,sol-com-muitas-nuvens
8552,3594,False,7,BR,Brasil,MG,Baldim,SE,False,-19.288,-43.957,False,False,cities,8552,Baldim,09/09/2026,Quarta-feira,11:09:00,19,8,E,90,65,Sol com muitas nuvens,1021,2r,18,sol-com-muitas-nuvens
6877,105,False,7,BR,Brasil,MG,Bambuí,SE,False,-20.006,-45.977,False,True,cities,6877,Bambuí,09/09/2026,Quarta-feira,10:24:00,18,8,ENE,75,70,Sol com muitas nuvens,1021,2r,17,sol-com-muitas-nuvens
3274,3595,False,7,BR,Brasil,MG,Bandeira,SE,False,-15.885,-40.559,False,False,cities,3274,Bandeira,09/09/2026,Quarta-feira,10:24:00,19,4,E,90,72,Sol com muitas nuvens,1022,2r,19,sol-com-muitas-nuvens
8553,3596,False,7,BR,Brasil,MG,Bandeira do Sul,SE,False,-21.728,-46.386,False,False,cities,8553,Bandeira do Sul,09/09/2026,Quarta-feira,11:09:00,16,5,E,81,61,Sol com muitas nuvens,1020,2r,14,sol-com-muitas-nuvens
3275,3597,False,7,BR,Brasil,MG,Barra Longa,SE,False,-20.283,-43.041,False,False,cities,3275,Barra Longa,09/09/2026,Quarta-feira,10:24:00,18,6,E,79,71,Chuvoso,1022,5,18,chuvoso
3276,3598,False,7,BR,Brasil,MG,Barroso,SE,False,-21.187,-43.976,False,False,cities,3276,Barroso,09/09/2026,Quarta-feira,10:24:00,16,10,ENE,75,65,Chuvoso,1022,5,14,chuvoso
3277,3599,False,7,BR,Brasil,MG,Barão de Cocais,SE,False,-19.946,-43.487,False,False,cities,3277,Barão de Cocais,09/09/2026,Quarta-feira,11:09:00,18,9,E,80,65,Nublado,1022,3,16,nublado
3278,3600,False,7,BR,Brasil,MG,Barão de Monte Alto,SE,False,-21.245,-42.238,False,False,cities,3278,Barão de Monte Alto,09/09/2026,Quarta-feira,11:09:00,18,2,ENE,75,78,Nublado,1020,3,19,nublado
3279,3601,False,7,BR,Brasil,MG,Bela Vista de Minas,SE,False,-19.83,-43.091,False,False,cities,3279,Bela Vista de Minas,09/09/2026,Quarta-feira,10:24:00,18,6,E,82,71,Nublado,1023,3,17,nublado
3280,3602,False,7,BR,Brasil,MG,Belmiro Braga,SE,False,-21.949,-43.415,False,False,cities,3280,Belmiro Braga,09/09/2026,Quarta-feira,10:24:00,17,5,ENE,73,72,Sol com muitas nuvens,1021,2r,17,sol-com-muitas-nuvens
6879,107,True,7,BR,Brasil,MG,Belo Horizonte,SE,False,-19.98,-43.959,False,False,cities,6879,Belo Horizonte,09/09/2026,Quarta-feira,11:09:00,16,14,NNE,20,57,Nublado,1021,3,13,nublado
2964,2639,False,7,BR,Brasil,MG,Belo Oriente,SE,False,-19.22,-42.484,False,False,cities,2964,Belo Oriente,09/09/2026,Quarta-feira,10:24:00,20,3,E,90,80,Sol com muitas nuvens,1022,2r,22,sol-com-muitas-nuvens
3281,3603,False,7,BR,Brasil,MG,Belo Vale,SE,False,-20.408,-44.024,False,False,cities,3281,Belo Vale,09/09/2026,Quarta-feira,11:09:00,17,13,ENE,77,67,Chuvoso,1021,5,14,chuvoso
3282,3604,False,7,BR,Brasil,MG,Berilo,SE,False,-16.952,-42.466,False,False,cities,3282,Berilo,09/09/2026,Quarta-feira,10:24:00,21,5,ESE,102,66,Sol,1022,1,21,sol
3283,3605,False,7,BR,Brasil,MG,Berizal,SE,False,-15.613,-41.745,False,False,cities,3283,Berizal,09/09/2026,Quarta-feira,10:24:00,20,8,E,97,65,Sol com muitas nuvens,1022,2r,19,sol-com-muitas-nuvens
3284,3606,False,7,BR,Brasil,MG,Bertópolis,SE,False,-17.063,-40.574,False,False,cities,3284,Bertópolis,09/09/2026,Quarta-feira,10:24:00,21,7,E,93,88,Sol com muitas nuvens,1022,2r,23,sol-com-muitas-nuvens
6880,108,False,7,BR,Brasil,MG,Betim,SE,False,-19.968,-44.198,False,False,cities,6880,Betim,09/09/2026,Quarta-feira,10:24:00,18,13,ENE,77,66,Nublado,1021,3,16,nublado
3285,3607,False,7,BR,Brasil,MG,Bias Fortes,SE,False,-21.606,-43.757,False,False,cities,3285,Bias Fortes,09/09/2026,Quarta-feira,11:09:00,16,7,ENE,74,67,Chuvoso,1021,5,14,chuvoso
3286,3608,False,7,BR,Brasil,MG,Bicas,SE,False,-21.725,-43.059,False,False,cities,3286,Bicas,09/09/2026,Quarta-feira,11:09:00,19,3,ENE,73,73,Nublado,1020,3,19,nublado
3287,3609,False,7,BR,Brasil,MG,Biquinhas,SE,False,-18.783,-45.502,False,False,cities,3287,Biquinhas,09/09/2026,Quarta-feira,10:24:00,19,6,ENE,76,73,Sol com muitas nuvens,1020,2r,19,sol-com-muitas-nuvens
6881,109,False,7,BR,Brasil,MG,Boa Esperança,SE,False,-21.09,-45.566,False,True,cities,6881,Boa Esperança,09/09/2026,Quarta-feira,11:09:00,18,9,ENE,78,68,Sol com algumas nuvens,1020,2,16,sol-com-algumas-nuvens
3288,3610,False,7,BR,Brasil,MG,Bocaina de Minas,SE,False,-22.168,-44.395,False,False,cities,3288,Bocaina de Minas,09/09/2026,Quarta-feira,11:09:00,13,8,ENE,76,54,Sol com muitas nuvens,1021,2r,10,sol-com-muitas-nuvens
3289,3611,False,7,BR,Brasil,MG,Bom Jardim de Minas,SE,False,-21.947,-44.191,False,False,cities,3289,Bom Jardim de Minas,09/09/2026,Quarta-feira,10:24:00,14,9,ENE,75,59,Sol com muitas nuvens,1021,2r,12,sol-com-muitas-nuvens
6229,6810,False,7,BR,Brasil,MG,Bom Jesus da Cachoeira,SE,False,-21.259,-42.405,False,False,cities,6229,Bom Jesus da Cachoeira,09/09/2026,Quarta-feira,11:09:00,18,2,ENE,75,77,Nublado,1020,3,19,nublado
3290,3612,False,7,BR,Brasil,MG,Bom Jesus da Penha,SE,False,-21.017,-46.523,False,False,cities,3290,Bom Jesus da Penha,09/09/2026,Quarta-feira,11:09:00,17,10,ENE,79,67,Sol com muitas nuvens,1019,2r,16,sol-com-muitas-nuvens
3890,4800,False,7,BR,Brasil,MG,Bom Jesus do Amparo,SE,False,-19.704,-43.474,False,False,cities,3890,Bom Jesus do Amparo,09/09/2026,Quarta-feira,10:24:00,17,8,E,82,60,Nublado,1022,3,15,nublado
3291,3613,False,7,BR,Brasil,MG,Bom Jesus do Galho,SE,False,-19.829,-42.316,False,False,cities,3291,Bom Jesus do Galho,09/09/2026,Quarta-feira,10:24:00,19,2,E,83,69,Nublado,1022,3,19,nublado
3119,2664,False,7,BR,Brasil,MG,Bom Repouso,SE,False,-22.471,-46.145,False,False,cities,3119,Bom Repouso,09/09/2026,Quarta-feira,11:09:00,13,3,E,83,52,Nublado,1021,3,11,nublado
3292,3614,False,7,BR,Brasil,MG,Bom Sucesso,SE,False,-21.033,-44.758,False,False,cities,3292,Bom Sucesso,09/09/2026,Quarta-feira,10:24:00,15,14,ENE,76,59,Chuvoso,1021,5,11,chuvoso
8554,3615,False,7,BR,Brasil,MG,Bonfim,SE,False,-20.327,-44.239,False,False,cities,8554,Bonfim,09/09/2026,Quarta-feira,10:24:00,16,13,ENE,76,67,Chuvoso,1022,5,14,chuvoso
3142,2749,False,7,BR,Brasil,MG,Bonfinópolis de Minas,SE,False,-16.567,-45.99,False,True,cities,3142,Bonfinópolis de Minas,09/09/2026,Quarta-feira,11:09:00,20,17,E,79,61,Nublado,1020,3,17,nublado
8555,3616,False,7,BR,Brasil,MG,Bonito de Minas,SE,False,-15.323,-44.754,False,False,cities,8555,Bonito de Minas,09/09/2026,Quarta-feira,11:09:00,23,12,E,90,61,Sol com muitas nuvens,1019,2r,22,sol-com-muitas-nuvens
8556,3617,False,7,BR,Brasil,MG,Borda da Mata,SE,False,-22.274,-46.165,False,False,cities,8556,Borda da Mata,09/09/2026,Quarta-feira,10:24:00,17,3,E,82,69,Nublado,1021,3,17,nublado
6884,112,False,7,BR,Brasil,MG,Botelhos,SE,False,-21.633,-46.395,False,False,cities,6884,Botelhos,09/09/2026,Quarta-feira,10:24:00,17,6,E,81,67,Sol com muitas nuvens,1020,2r,16,sol-com-muitas-nuvens
8557,3618,False,7,BR,Brasil,MG,Botumirim,SE,False,-16.872,-43.011,False,False,cities,8557,Botumirim,09/09/2026,Quarta-feira,10:24:00,19,6,ESE,102,62,Sol com algumas nuvens,1022,2,18,sol-com-algumas-nuvens
8558,3619,False,7,BR,Brasil,MG,Brasilândia de Minas,SE,False,-17.01,-46.009,False,False,cities,8558,Brasilândia de Minas,09/09/2026,Quarta-feira,10:24:00,20,17,ENE,78,65,Sol com muitas nuvens,1020,2r,18,sol-com-muitas-nuvens
3143,2750,False,7,BR,Brasil,MG,Brasópolis,SE,False,-22.474,-45.608,False,False,cities,3143,Brasópolis,09/09/2026,Quarta-feira,10:24:00,16,5,E,81,59,Nublado,1020,3,14,nublado
8559,3620,False,7,BR,Brasil,MG,Braúnas,SE,False,-19.056,-42.716,False,False,cities,8559,Braúnas,09/09/2026,Quarta-feira,10:24:00,18,4,E,90,69,Sol com muitas nuvens,1022,2r,17,sol-com-muitas-nuvens
8560,3621,False,7,BR,Brasil,MG,Brumadinho,SE,False,-20.143,-44.2,False,False,cities,8560,Brumadinho,09/09/2026,Quarta-feira,10:24:00,17,13,ENE,77,65,Chuvoso,1021,5,15,chuvoso
3891,4801,False,7,BR,Brasil,MG,Brás Pires,SE,False,-20.921,-43.242,False,False,cities,3891,Brás Pires,09/09/2026,Quarta-feira,10:24:00,18,6,ENE,76,74,Chuvoso,1021,5,18,chuvoso
5310,1616,False,7,BR,Brasil,MG,Bueno Brandão,SE,False,-22.441,-46.351,False,False,cities,5310,Bueno Brandão,09/09/2026,Quarta-feira,11:09:00,15,3,E,83,57,Nublado,1020,3,13,nublado
8561,3622,False,7,BR,Brasil,MG,Buenópolis,SE,False,-17.873,-44.18,False,False,cities,8561,Buenópolis,09/09/2026,Quarta-feira,10:24:00,20,10,E,90,66,Sol com muitas nuvens,1022,2r,19,sol-com-muitas-nuvens
8562,3623,False,7,BR,Brasil,MG,Bugre,SE,False,-19.42,-42.26,False,False,cities,8562,Bugre,09/09/2026,Quarta-feira,11:09:00,20,2,E,90,78,Sol com muitas nuvens,1022,2r,22,sol-com-muitas-nuvens
3128,2706,False,7,BR,Brasil,MG,Cabeceira Grande,SE,False,-16.03,-47.091,False,True,cities,3128,Cabeceira Grande,09/09/2026,Quarta-feira,11:09:00,20,12,ENE,74,58,Nublado,1020,3,18,nublado
3144,2751,False,7,BR,Brasil,MG,Cabo Verde,SE,False,-21.472,-46.396,False,False,cities,3144,Cabo Verde,09/09/2026,Quarta-feira,11:09:00,17,7,E,80,65,Sol com muitas nuvens,1020,2r,15,sol-com-muitas-nuvens
8563,3624,False,7,BR,Brasil,MG,Cachoeira da Prata,SE,False,-19.525,-44.454,False,False,cities,8563,Cachoeira da Prata,09/09/2026,Quarta-feira,11:09:00,19,8,ENE,78,65,Nublado,1021,3,18,nublado
8564,3625,False,7,BR,Brasil,MG,Cachoeira de Minas,SE,False,-22.355,-45.779,False,False,cities,8564,Cachoeira de Minas,09/09/2026,Quarta-feira,11:09:00,16,4,E,81,65,Nublado,1021,3,15,nublado
3892,4802,False,7,BR,Brasil,MG,Cachoeira de Pajeú,SE,False,-15.966,-41.498,False,False,cities,3892,Cachoeira de Pajeú,09/09/2026,Quarta-feira,10:24:00,19,6,E,95,70,Sol com muitas nuvens,1022,2r,19,sol-com-muitas-nuvens
6182,6755,False,7,BR,Brasil,MG,Cachoeira do Campo,SE,False,-20.346,-43.67,False,False,cities,6182,Cachoeira do Campo,09/09/2026,Quarta-feira,11:09:00,15,11,ENE,77,61,Nublado,1021,3,13,nublado
8565,3626,False,7,BR,Brasil,MG,Caetanópolis,SE,False,-19.295,-44.419,False,False,cities,8565,Caetanópolis,09/09/2026,Quarta-feira,10:24:00,19,7,E,80,60,Sol com muitas nuvens,1021,2r,17,sol-com-muitas-nuvens
6888,116,False,7,BR,Brasil,MG,Caeté,SE,False,-19.88,-43.67,False,False,cities,6888,Caeté,09/09/2026,Quarta-feira,11:09:00,18,11,E,80,63,Nublado,1022,3,16,nublado
8566,3627,False,7,BR,Brasil,MG,Caiana,SE,False,-20.696,-41.925,False,False,cities,8566,Caiana,09/09/2026,Quarta-feira,10:24:00,19,2,ENE,78,71,Sol com muitas nuvens,1021,2r,20,sol-com-muitas-nuvens
8567,3628,False,7,BR,Brasil,MG,Cajuri,SE,False,-20.791,-42.797,False,False,cities,8567,Cajuri,09/09/2026,Quarta-feira,10:24:00,18,4,NE,45,72,Chuvoso,1021,5,18,chuvoso
8568,3629,False,7,BR,Brasil,MG,Camacho,SE,False,-20.625,-45.157,False,False,cities,8568,Camacho,09/09/2026,Quarta-feira,10:24:00,17,13,ENE,77,66,Chuvoso,1020,5,14,chuvoso
2518,2753,False,7,BR,Brasil,MG,Camanducaia,SE,False,-22.755,-46.145,False,True,cities,2518,Camanducaia,09/09/2026,Quarta-feira,11:09:00,16,3,E,84,61,Nublado,1020,3,15,nublado
8569,3630,False,7,BR,Brasil,MG,Cambuquira,SE,False,-21.852,-45.296,False,False,cities,8569,Cambuquira,09/09/2026,Quarta-feira,11:09:00,16,6,E,79,66,Sol com muitas nuvens,1020,2r,15,sol-com-muitas-nuvens
3178,3320,False,7,BR,Brasil,MG,Cambuí,SE,False,-22.612,-46.057,False,False,cities,3178,Cambuí,09/09/2026,Quarta-feira,10:24:00,18,4,E,83,67,Nublado,1020,3,18,nublado
8571,3631,False,7,BR,Brasil,MG,Campanha,SE,False,-21.836,-45.401,False,False,cities,8571,Campanha,09/09/2026,Quarta-feira,10:24:00,16,5,E,80,67,Sol com muitas nuvens,1020,2r,15,sol-com-muitas-nuvens
8570,3632,False,7,BR,Brasil,MG,Campanário,SE,False,-18.239,-41.748,False,False,cities,8570,Campanário,09/09/2026,Quarta-feira,10:24:00,21,5,E,96,76,Sol com muitas nuvens,1022,2r,22,sol-com-muitas-nuvens
6889,117,False,7,BR,Brasil,MG,Campestre,SE,False,-21.711,-46.246,False,True,cities,6889,Campestre,09/09/2026,Quarta-feira,10:24:00,16,5,E,80,62,Sol com muitas nuvens,1020,2r,14,sol-com-muitas-nuvens
8572,3633,False,7,BR,Brasil,MG,Campo Azul,SE,False,-16.504,-44.811,False,False,cities,8572,Campo Azul,09/09/2026,Quarta-feira,11:09:00,21,18,E,90,62,Nublado,1020,3,19,nublado
6890,118,False,7,BR,Brasil,MG,Campo Belo,SE,False,-20.897,-45.277,False,False,cities,6890,Campo Belo,09/09/2026,Quarta-feira,10:24:00,17,12,ENE,77,67,Sol e Chuva,1021,4,15,sol-e-chuva
5185,2134,False,7,BR,Brasil,MG,Campo Florido,SE,False,-19.761,-48.572,False,False,cities,5185,Campo Florido,09/09/2026,Quarta-feira,10:24:00,21,6,ENE,72,69,Nublado,1017,3,21,nublado
5330,1778,False,7,BR,Brasil,MG,Campo do Meio,SE,False,-21.15,-45.83,False,False,cities,5330,Campo do Meio,09/09/2026,Quarta-feira,10:24:00,18,10,ENE,78,69,Sol,1020,1,17,sol
5678,1081,False,7,BR,Brasil,MG,Campos Altos,SE,False,-19.696,-46.171,False,True,cities,5678,Campos Altos,09/09/2026,Quarta-feira,10:24:00,17,8,ENE,74,68,Sol com muitas nuvens,1021,2r,16,sol-com-muitas-nuvens
5371,2037,False,7,BR,Brasil,MG,Campos Gerais,SE,False,-21.235,-45.759,False,True,cities,5371,Campos Gerais,09/09/2026,Quarta-feira,11:09:00,17,8,ENE,79,68,Sol com algumas nuvens,1020,2,16,sol-com-algumas-nuvens
8574,3634,False,7,BR,Brasil,MG,Cana Verde,SE,False,-21.021,-45.182,False,False,cities,8574,Cana Verde,09/09/2026,Quarta-feira,10:24:00,18,12,ENE,77,69,Sol e Chuva,1021,4,16,sol-e-chuva
8573,3635,False,7,BR,Brasil,MG,Canaã,SE,False,-20.686,-42.62,False,False,cities,8573,Canaã,09/09/2026,Quarta-feira,10:24:00,17,3,ENE,78,65,Nublado,1021,3,16,nublado
3184,3346,False,7,BR,Brasil,MG,Candeias,SE,False,-20.767,-45.276,False,False,cities,3184,Candeias,09/09/2026,Quarta-feira,11:09:00,17,13,ENE,77,66,Sol com algumas nuvens,1020,2,15,sol-com-algumas-nuvens
4877,6131,False,7,BR,Brasil,MG,Canoeiros,SE,False,-18.041,-45.522,False,False,cities,4877,Canoeiros,09/09/2026,Quarta-feira,10:24:00,19,9,E,79,64,Sol com muitas nuvens,1020,2r,18,sol-com-muitas-nuvens
8575,3636,False,7,BR,Brasil,MG,Cantagalo,SE,False,-18.526,-42.627,False,False,cities,8575,Cantagalo,09/09/2026,Quarta-feira,11:09:00,18,4,E,96,74,Sol com algumas nuvens,1023,2,19,sol-com-algumas-nuvens
8576,3637,False,7,BR,Brasil,MG,Capela Nova,SE,False,-20.923,-43.618,False,False,cities,8576,Capela Nova,09/09/2026,Quarta-feira,11:09:00,17,8,ENE,75,69,Chuvoso,1022,5,16,chuvoso
8577,3638,False,7,BR,Brasil,MG,Capetinga,SE,False,-20.616,-47.054,False,False,cities,8577,Capetinga,09/09/2026,Quarta-feira,10:24:00,18,8,ENE,78,66,Nublado,1019,3,17,nublado
8578,3639,False,7,BR,Brasil,MG,Capim Branco,SE,False,-19.549,-44.117,False,False,cities,8578,Capim Branco,09/09/2026,Quarta-feira,10:24:00,19,9,E,81,63,Nublado,1021,3,18,nublado
8579,3640,False,7,BR,Brasil,MG,Capitão Andrade,SE,False,-19.067,-41.858,False,False,cities,8579,Capitão Andrade,09/09/2026,Quarta-feira,11:09:00,21,3,E,90,79,Sol com muitas nuvens,1022,2r,23,sol-com-muitas-nuvens
5186,2135,False,7,BR,Brasil,MG,Capitólio,SE,False,-20.615,-46.05,False,False,cities,5186,Capitólio,09/09/2026,Quarta-feira,10:24:00,18,12,ENE,77,70,Sol com muitas nuvens,1020,2r,16,sol-com-muitas-nuvens
8580,3641,False,7,BR,Brasil,MG,Caputira,SE,False,-20.172,-42.271,False,False,cities,8580,Caputira,09/09/2026,Quarta-feira,11:09:00,18,2,E,81,67,Nublado,1022,3,18,nublado
8582,3642,False,7,BR,Brasil,MG,Caranaíba,SE,False,-20.876,-43.739,False,False,cities,8582,Caranaíba,09/09/2026,Quarta-feira,11:09:00,17,9,ENE,75,68,Chuvoso,1022,5,15,chuvoso
8583,3643,False,7,BR,Brasil,MG,Carandaí,SE,False,-20.954,-43.806,False,True,cities,8583,Carandaí,09/09/2026,Quarta-feira,10:24:00,15,10,ENE,76,61,Chuvoso,1022,5,13,chuvoso
6892,121,False,7,BR,Brasil,MG,Carangola,SE,False,-20.733,-42.029,False,False,cities,6892,Carangola,09/09/2026,Quarta-feira,10:24:00,18,2,ENE,78,68,Nublado,1021,3,19,nublado
6893,122,False,7,BR,Brasil,MG,Caratinga,SE,False,-19.79,-42.139,False,False,cities,6893,Caratinga,09/09/2026,Quarta-feira,10:24:00,19,2,E,90,72,Nublado,1022,3,20,nublado
8584,3645,False,7,BR,Brasil,MG,Careaçu,SE,False,-22.043,-45.699,False,False,cities,8584,Careaçu,09/09/2026,Quarta-feira,11:09:00,17,5,E,81,68,Nublado,1021,3,17,nublado
3187,3355,False,7,BR,Brasil,MG,Carlos Chagas,SE,False,-17.703,-40.766,False,False,cities,3187,Carlos Chagas,09/09/2026,Quarta-feira,11:09:00,21,11,E,96,85,Sol com muitas nuvens,1022,2r,22,sol-com-muitas-nuvens
6895,124,False,7,BR,Brasil,MG,Carmo da Cachoeira,SE,False,-21.461,-45.224,False,True,cities,6895,Carmo da Cachoeira,09/09/2026,Quarta-feira,10:24:00,17,7,ENE,78,67,Sol,1020,1,15,sol
8586,3646,False,7,BR,Brasil,MG,Carmo da Mata,SE,False,-20.558,-44.871,False,False,cities,8586,Carmo da Mata,09/09/2026,Quarta-feira,11:09:00,17,15,ENE,76,66,Chuvoso,1021,5,14,chuvoso
3031,2754,False,7,BR,Brasil,MG,Carmo de Minas,SE,False,-22.122,-45.129,False,False,cities,3031,Carmo de Minas,09/09/2026,Quarta-feira,10:24:00,17,8,ENE,78,67,Sol com muitas nuvens,1020,2r,16,sol-com-muitas-nuvens
5322,1628,False,7,BR,Brasil,MG,Carmo do Paranaíba,SE,False,-19.001,-46.316,False,False,cities,5322,Carmo do Paranaíba,09/09/2026,Quarta-feira,10:24:00,18,8,ENE,73,65,Sol com muitas nuvens,1021,2r,16,sol-com-muitas-nuvens
6896,125,False,7,BR,Brasil,MG,Carmo do Rio Claro,SE,False,-20.972,-46.119,False,True,cities,6896,Carmo do Rio Claro,09/09/2026,Quarta-feira,11:09:00,19,12,ENE,78,71,Sol com algumas nuvens,1020,2,17,sol-com-algumas-nuvens
8585,3648,False,7,BR,Brasil,MG,Carmésia,SE,False,-19.089,-43.142,False,False,cities,8585,Carmésia,09/09/2026,Quarta-feira,10:24:00,19,6,E,90,70,Sol com muitas nuvens,1023,2r,18,sol-com-muitas-nuvens
8588,3649,False,7,BR,Brasil,MG,Carmópolis de Minas,SE,False,-20.541,-44.635,False,False,cities,8588,Carmópolis de Minas,09/09/2026,Quarta-feira,11:09:00,17,14,ENE,76,67,Chuvoso,1022,5,14,chuvoso
8589,3650,False,7,BR,Brasil,MG,Carneirinho,SE,False,-19.698,-50.688,False,False,cities,8589,Carneirinho,09/09/2026,Quarta-feira,10:24:00,22,4,E,81,80,Nublado,1016,3,24,nublado
8590,3651,False,7,BR,Brasil,MG,Carrancas,SE,False,-21.488,-44.642,False,False,cities,8590,Carrancas,09/09/2026,Quarta-feira,10:24:00,16,10,ENE,76,64,Sol com muitas nuvens,1021,2r,13,sol-com-muitas-nuvens
8592,3652,False,7,BR,Brasil,MG,Carvalhos,SE,False,-22.001,-44.461,False,False,cities,8592,Carvalhos,09/09/2026,Quarta-feira,10:24:00,14,9,ENE,76,59,Sol com muitas nuvens,1021,2r,12,sol-com-muitas-nuvens
8591,3653,False,7,BR,Brasil,MG,Carvalhópolis,SE,False,-21.778,-45.841,False,False,cities,8591,Carvalhópolis,09/09/2026,Quarta-feira,10:24:00,17,5,E,80,68,Sol com muitas nuvens,1021,2r,17,sol-com-muitas-nuvens
8593,3654,False,7,BR,Brasil,MG,Casa Grande,SE,False,-20.793,-43.93,False,False,cities,8593,Casa Grande,09/09/2026,Quarta-feira,11:09:00,16,11,ENE,76,67,Chuvoso,1022,5,14,chuvoso
8594,3655,False,7,BR,Brasil,MG,Cascalho Rico,SE,False,-18.576,-47.877,False,False,cities,8594,Cascalho Rico,09/09/2026,Quarta-feira,11:09:00,19,10,ENE,71,63,Nublado,1019,3,18,nublado
6897,126,False,7,BR,Brasil,MG,Cataguases,SE,False,-21.389,-42.697,False,False,cities,6897,Cataguases,09/09/2026,Quarta-feira,10:24:00,20,2,ENE,74,83,Nublado,1020,3,22,nublado
3893,4803,False,7,BR,Brasil,MG,Catas Altas,SE,False,-20.075,-43.407,False,False,cities,3893,Catas Altas,09/09/2026,Quarta-feira,10:24:00,13,9,E,79,50,Nublado,1022,3,10,nublado
8595,3656,False,7,BR,Brasil,MG,Catas Altas da Noruega,SE,False,-20.69,-43.498,False,False,cities,8595,Catas Altas da Noruega,09/09/2026,Quarta-feira,10:24:00,17,8,ENE,76,69,Chuvoso,1022,5,16,chuvoso
8596,3657,False,7,BR,Brasil,MG,Catuji,SE,False,-17.299,-41.517,False,False,cities,8596,Catuji,09/09/2026,Quarta-feira,10:24:00,18,7,E,99,74,Sol com algumas nuvens,1023,2,18,sol-com-algumas-nuvens
8597,3658,False,7,BR,Brasil,MG,Catuti,SE,False,-15.358,-42.963,False,False,cities,8597,Catuti,09/09/2026,Quarta-feira,11:09:00,23,10,E,99,59,Sol,1020,1,23,sol
6530,731,False,7,BR,Brasil,MG,Caxambu,SE,False,-21.977,-44.932,False,False,cities,6530,Caxambu,09/09/2026,Quarta-feira,10:24:00,17,8,ENE,77,67,Sol com muitas nuvens,1021,2r,15,sol-com-muitas-nuvens
8598,3659,False,7,BR,Brasil,MG,Cedro do Abaeté,SE,False,-19.148,-45.711,False,True,cities,8598,Cedro do Abaeté,09/09/2026,Quarta-feira,11:09:00,18,7,ENE,74,71,Sol com muitas nuvens,1021,2r,17,sol-com-muitas-nuvens
8599,3660,False,7,BR,Brasil,MG,Central de Minas,SE,False,-18.762,-41.306,False,False,cities,8599,Central de Minas,09/09/2026,Quarta-feira,11:09:00,21,3,E,90,80,Sol com muitas nuvens,1022,2r,24,sol-com-muitas-nuvens
2013,2604,False,7,BR,Brasil,MG,Centralina,SE,False,-18.584,-49.199,False,False,cities,2013,Centralina,09/09/2026,Quarta-feira,11:09:00,22,8,ENE,69,67,Nublado,1018,3,22,nublado
8601,3661,False,7,BR,Brasil,MG,Chalé,SE,False,-20.044,-41.688,False,False,cities,8601,Chalé,09/09/2026,Quarta-feira,11:09:00,20,2,E,83,78,Nublado,1023,3,21,nublado
3208,3408,False,7,BR,Brasil,MG,Chapada Gaúcha,SE,False,-15.306,-45.618,False,False,cities,3208,Chapada Gaúcha,09/09/2026,Quarta-feira,10:24:00,20,17,E,90,59,Sol com muitas nuvens,1020,2r,18,sol-com-muitas-nuvens
8602,3662,False,7,BR,Brasil,MG,Chapada do Norte,SE,False,-17.087,-42.535,False,False,cities,8602,Chapada do Norte,09/09/2026,Quarta-feira,10:24:00,20,5,ESE,102,67,Sol com algumas nuvens,1022,2,20,sol-com-algumas-nuvens
8603,3663,False,7,BR,Brasil,MG,Chiador,SE,False,-22.003,-43.058,False,False,cities,8603,Chiador,09/09/2026,Quarta-feira,11:09:00,18,3,ENE,72,73,Sol com muitas nuvens,1021,2r,18,sol-com-muitas-nuvens
3988,4918,False,7,BR,Brasil,MG,Chumbo,SE,False,-18.637,-46.189,False,False,cities,3988,Chumbo,09/09/2026,Quarta-feira,10:24:00,19,8,ENE,73,65,Nublado,1021,3,18,nublado
8600,3664,False,7,BR,Brasil,MG,Chácara,SE,False,-21.672,-43.222,False,False,cities,8600,Chácara,09/09/2026,Quarta-feira,11:09:00,18,3,ENE,73,68,Chuvoso,1020,5,18,chuvoso
8604,3665,False,7,BR,Brasil,MG,Cipotânea,SE,False,-20.905,-43.366,False,False,cities,8604,Cipotânea,09/09/2026,Quarta-feira,10:24:00,18,7,ENE,75,72,Chuvoso,1022,5,17,chuvoso
6188,6762,False,7,BR,Brasil,MG,Cisneiros,SE,False,-21.443,-42.361,False,False,cities,6188,Cisneiros,09/09/2026,Quarta-feira,11:09:00,20,2,ENE,74,87,Nublado,1020,3,23,nublado
3182,3328,False,7,BR,Brasil,MG,Claraval,SE,False,-20.399,-47.267,False,False,cities,3182,Claraval,09/09/2026,Quarta-feira,10:24:00,19,5,ENE,76,67,Nublado,1018,3,19,nublado
8605,3666,False,7,BR,Brasil,MG,Claro dos Poções,SE,False,-17.08,-44.209,False,False,cities,8605,Claro dos Poções,09/09/2026,Quarta-feira,10:24:00,20,11,E,97,61,Nublado,1021,3,18,nublado
8606,3667,False,7,BR,Brasil,MG,Cláudio,SE,False,-20.443,-44.766,False,False,cities,8606,Cláudio,09/09/2026,Quarta-feira,11:09:00,17,15,ENE,76,66,Chuvoso,1021,5,14,chuvoso
8607,3668,False,7,BR,Brasil,MG,Coimbra,SE,False,-20.857,-42.803,False,False,cities,8607,Coimbra,09/09/2026,Quarta-feira,10:24:00,18,4,ENE,76,71,Nublado,1021,3,18,nublado
8608,3669,False,7,BR,Brasil,MG,Coluna,SE,False,-18.234,-42.84,False,False,cities,8608,Coluna,09/09/2026,Quarta-feira,11:09:00,18,6,E,98,70,Sol com algumas nuvens,1023,2,18,sol-com-algumas-nuvens
8610,3671,False,7,BR,Brasil,MG,Comercinho,SE,False,-16.296,-41.793,False,False,cities,8610,Comercinho,09/09/2026,Quarta-feira,10:24:00,20,6,E,99,66,Sol,1022,1,20,sol
3168,3117,False,7,BR,Brasil,MG,Conceição da Aparecida,SE,False,-21.094,-46.204,False,False,cities,3168,Conceição da Aparecida,09/09/2026,Quarta-feira,11:09:00,18,11,E,79,69,Sol com algumas nuvens,1020,2,16,sol-com-algumas-nuvens
6234,6819,False,7,BR,Brasil,MG,Conceição da Barra de Minas,SE,False,-21.129,-44.472,False,False,cities,6234,Conceição da Barra de Minas,09/09/2026,Quarta-feira,11:09:00,16,12,ENE,76,67,Chuvoso,1021,5,14,chuvoso
8611,3672,False,7,BR,Brasil,MG,Conceição das Pedras,SE,False,-22.16,-45.455,False,False,cities,8611,Conceição das Pedras,09/09/2026,Quarta-feira,11:09:00,15,6,E,80,62,Sol com muitas nuvens,1020,2r,13,sol-com-muitas-nuvens
4031,4986,False,7,BR,Brasil,MG,Conceição do Ibitipoca,SE,False,-21.719,-43.924,False,False,cities,4031,Conceição do Ibitipoca,09/09/2026,Quarta-feira,11:09:00,14,8,ENE,75,60,Chuvoso,1021,5,11,chuvoso
8613,3674,False,7,BR,Brasil,MG,Conceição do Pará,SE,False,-19.753,-44.897,False,False,cities,8613,Conceição do Pará,09/09/2026,Quarta-feira,10:24:00,18,9,ENE,75,72,Sol com muitas nuvens,1022,2r,17,sol-com-muitas-nuvens
3239,3485,False,7,BR,Brasil,MG,Conceição do Rio Verde,SE,False,-21.881,-45.085,False,False,cities,3239,Conceição do Rio Verde,09/09/2026,Quarta-feira,11:09:00,17,7,ENE,78,67,Sol com muitas nuvens,1021,2r,15,sol-com-muitas-nuvens
8614,3675,False,7,BR,Brasil,MG,Conceição dos Ouros,SE,False,-22.413,-45.798,False,False,cities,8614,Conceição dos Ouros,09/09/2026,Quarta-feira,11:09:00,16,4,E,81,65,Nublado,1021,3,15,nublado
8616,3676,False,7,BR,Brasil,MG,Confins,SE,False,-19.633,-43.983,False,False,cities,8616,Confins,09/09/2026,Quarta-feira,10:24:00,18,10,SSE,160,63,Nublado,1021,3,17,nublado
5311,1617,False,7,BR,Brasil,MG,Congonhal,SE,False,-22.153,-46.039,False,False,cities,5311,Congonhal,09/09/2026,Quarta-feira,10:24:00,16,4,E,81,64,Nublado,1021,3,15,nublado
8617,3677,False,7,BR,Brasil,MG,Congonhas do Norte,SE,False,-18.807,-43.681,False,False,cities,8617,Congonhas do Norte,09/09/2026,Quarta-feira,10:24:00,16,8,E,90,58,Sol com muitas nuvens,1023,2r,14,sol-com-muitas-nuvens
3153,2785,False,7,BR,Brasil,MG,Conquista,SE,False,-19.937,-47.542,False,True,cities,3153,Conquista,09/09/2026,Quarta-feira,10:24:00,21,6,ENE,74,71,Nublado,1018,3,21,nublado
6899,129,False,7,BR,Brasil,MG,Conselheiro Lafaiete,SE,False,-20.66,-43.786,False,False,cities,6899,Conselheiro Lafaiete,09/09/2026,Quarta-feira,10:24:00,17,11,ENE,76,67,Chuvoso,1021,5,15,chuvoso
8618,3678,False,7,BR,Brasil,MG,Conselheiro Pena,SE,False,-19.172,-41.472,False,False,cities,8618,Conselheiro Pena,09/09/2026,Quarta-feira,11:09:00,22,3,E,90,79,Sol com algumas nuvens,1022,2,24,sol-com-algumas-nuvens
8619,3679,False,7,BR,Brasil,MG,Consolação,SE,False,-22.551,-45.921,False,False,cities,8619,Consolação,09/09/2026,Quarta-feira,10:24:00,16,4,E,82,64,Nublado,1021,3,16,nublado
8620,3680,False,7,BR,Brasil,MG,Coqueiral,SE,False,-21.189,-45.441,False,False,cities,8620,Coqueiral,09/09/2026,Quarta-feira,10:24:00,17,8,ENE,78,68,Sol com muitas nuvens,1020,2r,16,sol-com-muitas-nuvens
8621,131,False,7,BR,Brasil,MG,Coração de Jesus,SE,False,-16.685,-44.365,False,True,cities,8621,Coração de Jesus,09/09/2026,Quarta-feira,11:09:00,19,10,E,98,56,Nublado,1021,3,17,nublado
8622,127,False,7,BR,Brasil,MG,Cordisburgo,SE,False,-19.125,-44.321,False,False,cities,8622,Cordisburgo,09/09/2026,Quarta-feira,10:24:00,19,7,E,82,61,Sol com muitas nuvens,1021,2r,18,sol-com-muitas-nuvens
8623,3681,False,7,BR,Brasil,MG,Cordislândia,SE,False,-21.793,-45.701,False,False,cities,8623,Cordislândia,09/09/2026,Quarta-feira,10:24:00,17,5,E,80,70,Sol com muitas nuvens,1020,2r,17,sol-com-muitas-nuvens
8624,132,False,7,BR,Brasil,MG,Corinto,SE,False,-18.381,-44.456,False,False,cities,8624,Corinto,09/09/2026,Quarta-feira,11:09:00,20,7,E,90,66,Sol com algumas nuvens,1021,2,20,sol-com-algumas-nuvens
8625,3682,False,7,BR,Brasil,MG,Coroaci,SE,False,-18.622,-42.286,False,False,cities,8625,Coroaci,09/09/2026,Quarta-feira,10:24:00,18,4,E,90,69,Sol com muitas nuvens,1022,2r,18,sol-com-muitas-nuvens
5679,1085,False,7,BR,Brasil,MG,Coromandel,SE,False,-18.473,-47.2,False,True,cities,5679,Coromandel,09/09/2026,Quarta-feira,11:09:00,19,9,ENE,72,62,Sol com muitas nuvens,1020,2r,18,sol-com-muitas-nuvens
8626,133,False,7,BR,Brasil,MG,Coronel Fabriciano,SE,False,-19.519,-42.629,False,False,cities,8626,Coronel Fabriciano,09/09/2026,Quarta-feira,10:24:00,20,2,E,90,81,Nublado,1023,3,22,nublado
8627,3683,False,7,BR,Brasil,MG,Coronel Murta,SE,False,-16.619,-42.182,False,False,cities,8627,Coronel Murta,09/09/2026,Quarta-feira,10:24:00,22,6,E,101,75,Sol,1021,1,24,sol
8628,3684,False,7,BR,Brasil,MG,Coronel Pacheco,SE,False,-21.588,-43.266,False,False,cities,8628,Coronel Pacheco,09/09/2026,Quarta-feira,11:09:00,18,4,ENE,73,67,Chuvoso,1020,5,18,chuvoso
8629,3685,False,7,BR,Brasil,MG,Coronel Xavier Chaves,SE,False,-21.024,-44.223,False,False,cities,8629,Coronel Xavier Chaves,09/09/2026,Quarta-feira,10:24:00,15,12,ENE,76,66,Chuvoso,1022,5,13,chuvoso
8634,3686,False,7,BR,Brasil,MG,Couto de Magalhães de Minas,SE,False,-18.071,-43.471,False,False,cities,8634,Couto de Magalhães de Minas,09/09/2026,Quarta-feira,10:24:00,18,8,E,98,63,Nublado,1023,3,16,nublado
8636,3687,False,7,BR,Brasil,MG,Cristais,SE,False,-20.876,-45.519,False,True,cities,8636,Cristais,09/09/2026,Quarta-feira,10:24:00,19,11,ENE,78,70,Sol,1021,1,17,sol
8638,3688,False,7,BR,Brasil,MG,Cristiano Otoni,SE,False,-20.832,-43.806,False,False,cities,8638,Cristiano Otoni,09/09/2026,Quarta-feira,11:09:00,16,10,ENE,75,66,Chuvoso,1022,5,14,chuvoso
8639,3689,False,7,BR,Brasil,MG,Cristina,SE,False,-22.212,-45.264,False,False,cities,8639,Cristina,09/09/2026,Quarta-feira,10:24:00,14,6,E,80,55,Sol com muitas nuvens,1020,2r,12,sol-com-muitas-nuvens
8637,3690,False,7,BR,Brasil,MG,Cristália,SE,False,-16.8,-42.862,False,False,cities,8637,Cristália,09/09/2026,Quarta-feira,11:09:00,20,5,ESE,102,65,Sol,1022,1,20,sol
3293,3691,False,7,BR,Brasil,MG,Crisólia,SE,False,-22.247,-46.4,False,False,cities,3293,Crisólia,09/09/2026,Quarta-feira,10:24:00,17,3,E,83,67,Nublado,1020,3,17,nublado
8635,3692,False,7,BR,Brasil,MG,Crisólita,SE,False,-17.237,-40.912,False,False,cities,8635,Crisólita,09/09/2026,Quarta-feira,11:09:00,21,5,E,96,88,Sol com muitas nuvens,1022,2r,23,sol-com-muitas-nuvens
8640,3693,False,7,BR,Brasil,MG,Crucilândia,SE,False,-20.384,-44.337,False,False,cities,8640,Crucilândia,09/09/2026,Quarta-feira,10:24:00,16,13,ENE,76,66,Chuvoso,1022,5,14,chuvoso
8641,3694,False,7,BR,Brasil,MG,Cruzeiro da Fortaleza,SE,False,-18.946,-46.674,False,False,cities,8641,Cruzeiro da Fortaleza,09/09/2026,Quarta-feira,11:09:00,19,8,ENE,72,65,Sol com muitas nuvens,1020,2r,18,sol-com-muitas-nuvens
8642,3695,False,7,BR,Brasil,MG,Cruzília,SE,False,-21.839,-44.808,False,True,cities,8642,Cruzília,09/09/2026,Quarta-feira,10:24:00,16,9,ENE,77,63,Sol com algumas nuvens,1021,2,14,sol-com-algumas-nuvens
8643,3696,False,7,BR,Brasil,MG,Cuparaque,SE,False,-18.969,-41.099,False,False,cities,8643,Cuparaque,09/09/2026,Quarta-feira,10:24:00,19,3,E,90,71,Sol com muitas nuvens,1021,2r,20,sol-com-muitas-nuvens
8644,3697,False,7,BR,Brasil,MG,Curral de Dentro,SE,False,-15.938,-41.844,False,False,cities,8644,Curral de Dentro,09/09/2026,Quarta-feira,10:24:00,19,6,E,99,64,Sol com algumas nuvens,1022,2,18,sol-com-algumas-nuvens
8645,134,False,7,BR,Brasil,MG,Curvelo,SE,False,-18.756,-44.431,False,False,cities,8645,Curvelo,09/09/2026,Quarta-feira,10:24:00,20,6,WSW,243,67,Sol com muitas nuvens,1021,2r,20,sol-com-muitas-nuvens
3060,2643,False,7,BR,Brasil,MG,Cássia,SE,False,-20.583,-46.922,False,False,cities,3060,Cássia,09/09/2026,Quarta-feira,11:09:00,18,8,ENE,78,69,Sol com muitas nuvens,1019,2r,18,sol-com-muitas-nuvens
8630,3698,False,7,BR,Brasil,MG,Córrego Danta,SE,False,-19.824,-45.904,False,False,cities,8630,Córrego Danta,09/09/2026,Quarta-feira,11:09:00,18,8,ENE,75,70,Sol com muitas nuvens,1021,2r,17,sol-com-muitas-nuvens
8632,3699,False,7,BR,Brasil,MG,Córrego Fundo,SE,False,-20.449,-45.555,False,False,cities,8632,Córrego Fundo,09/09/2026,Quarta-feira,10:24:00,18,11,ENE,77,67,Sol com muitas nuvens,1020,2r,16,sol-com-muitas-nuvens
8633,3700,False,7,BR,Brasil,MG,Córrego Novo,SE,False,-19.832,-42.396,False,False,cities,8633,Córrego Novo,09/09/2026,Quarta-feira,10:24:00,20,3,E,83,74,Nublado,1022,3,21,nublado
8631,3701,False,7,BR,Brasil,MG,Córrego do Bom Jesus,SE,False,-22.63,-46.02,False,False,cities,8631,Córrego do Bom Jesus,09/09/2026,Quarta-feira,10:24:00,18,4,E,83,67,Nublado,1020,3,18,nublado
6331,6962,False,7,BR,Brasil,MG,Córrego do Ouro,SE,False,-21.369,-45.72,False,False,cities,6331,Córrego do Ouro,09/09/2026,Quarta-feira,10:24:00,18,7,E,79,70,Sol com muitas nuvens,1020,2r,17,sol-com-muitas-nuvens
8615,3702,False,7,BR,Brasil,MG,Cônego Marinho,SE,False,-15.294,-44.418,False,False,cities,8615,Cônego Marinho,09/09/2026,Quarta-feira,10:24:00,22,10,E,96,58,Sol com algumas nuvens,1018,2,22,sol-com-algumas-nuvens
8646,3703,False,7,BR,Brasil,MG,Datas,SE,False,-18.446,-43.656,False,False,cities,8646,Datas,09/09/2026,Quarta-feira,10:24:00,16,8,E,90,55,Sol com muitas nuvens,1023,2r,13,sol-com-muitas-nuvens
6531,732,False,7,BR,Brasil,MG,Delfim Moreira,SE,False,-22.509,-45.28,False,False,cities,6531,Delfim Moreira,09/09/2026,Quarta-feira,11:09:00,14,6,E,80,54,Nublado,1019,3,12,nublado
3120,2665,False,7,BR,Brasil,MG,Delfinópolis,SE,False,-20.344,-46.854,False,False,cities,3120,Delfinópolis,09/09/2026,Quarta-feira,10:24:00,19,8,ENE,77,72,Nublado,1020,3,19,nublado
8647,3704,False,7,BR,Brasil,MG,Delta,SE,False,-19.977,-47.771,False,False,cities,8647,Delta,09/09/2026,Quarta-feira,11:09:00,21,6,ENE,74,73,Nublado,1018,3,22,nublado
8648,3705,False,7,BR,Brasil,MG,Descoberto,SE,False,-21.46,-42.968,False,False,cities,8648,Descoberto,09/09/2026,Quarta-feira,10:24:00,20,3,ENE,73,78,Nublado,1020,3,21,nublado
3398,4154,False,7,BR,Brasil,MG,Desterro de Entre Rios,SE,False,-20.66,-44.333,False,False,cities,3398,Desterro de Entre Rios,09/09/2026,Quarta-feira,10:24:00,16,14,ENE,76,65,Chuvoso,1022,5,13,chuvoso
8649,3706,False,7,BR,Brasil,MG,Desterro do Melo,SE,False,-21.147,-43.518,False,False,cities,8649,Desterro do Melo,09/09/2026,Quarta-feira,10:24:00,16,8,ENE,75,66,Chuvoso,1022,5,14,chuvoso
8650,3707,False,7,BR,Brasil,MG,Diogo de Vasconcelos,SE,False,-20.488,-43.198,False,False,cities,8650,Diogo de Vasconcelos,09/09/2026,Quarta-feira,10:24:00,18,7,ENE,78,74,Chuvoso,1022,5,18,chuvoso
8651,3708,False,7,BR,Brasil,MG,Dionísio,SE,False,-19.843,-42.777,False,False,cities,8651,Dionísio,09/09/2026,Quarta-feira,10:24:00,18,5,E,82,72,Nublado,1023,3,17,nublado
3170,3120,False,7,BR,Brasil,MG,Divino,SE,False,-20.614,-42.149,False,True,cities,3170,Divino,09/09/2026,Quarta-feira,11:09:00,17,2,ENE,78,64,Nublado,1021,3,17,nublado
3399,4155,False,7,BR,Brasil,MG,Divino das Laranjeiras,SE,False,-18.778,-41.48,False,False,cities,3399,Divino das Laranjeiras,09/09/2026,Quarta-feira,11:09:00,21,3,E,90,76,Sol com muitas nuvens,1022,2r,22,sol-com-muitas-nuvens
8653,3709,False,7,BR,Brasil,MG,Divinolândia de Minas,SE,False,-18.801,-42.614,False,False,cities,8653,Divinolândia de Minas,09/09/2026,Quarta-feira,11:09:00,17,4,E,90,66,Sol com muitas nuvens,1022,2r,17,sol-com-muitas-nuvens
8652,3710,False,7,BR,Brasil,MG,Divinésia,SE,False,-20.99,-43.004,False,False,cities,8652,Divinésia,09/09/2026,Quarta-feira,10:24:00,18,4,ENE,76,74,Chuvoso,1021,5,19,chuvoso
8654,136,False,7,BR,Brasil,MG,Divinópolis,SE,False,-20.139,-44.884,False,False,cities,8654,Divinópolis,09/09/2026,Quarta-feira,11:09:00,18,11,E,90,69,Chuvoso,1022,5,16,chuvoso
8655,3711,False,7,BR,Brasil,MG,Divisa Alegre,SE,False,-15.726,-41.345,False,False,cities,8655,Divisa Alegre,09/09/2026,Quarta-feira,11:09:00,19,7,E,95,62,Sol com algumas nuvens,1022,2,19,sol-com-algumas-nuvens
8656,3712,False,7,BR,Brasil,MG,Divisa Nova,SE,False,-21.511,-46.196,False,False,cities,8656,Divisa Nova,09/09/2026,Quarta-feira,11:09:00,18,7,E,80,69,Sol com muitas nuvens,1020,2r,17,sol-com-muitas-nuvens
8657,3713,False,7,BR,Brasil,MG,Divisópolis,SE,False,-15.726,-41.0,False,False,cities,8657,Divisópolis,09/09/2026,Quarta-feira,10:24:00,19,6,E,90,70,Sol com algumas nuvens,1022,2,20,sol-com-algumas-nuvens
4070,5027,False,7,BR,Brasil,MG,Dom Bosco,SE,False,-16.652,-46.271,False,False,cities,4070,Dom Bosco,09/09/2026,Quarta-feira,10:24:00,21,17,ENE,76,63,Nublado,1020,3,18,nublado
8658,3714,False,7,BR,Brasil,MG,Dom Cavati,SE,False,-19.374,-42.106,False,False,cities,8658,Dom Cavati,09/09/2026,Quarta-feira,11:09:00,19,2,E,90,71,Sol com muitas nuvens,1022,2r,20,sol-com-muitas-nuvens
8659,3715,False,7,BR,Brasil,MG,Dom Joaquim,SE,False,-18.967,-43.256,False,False,cities,8659,Dom Joaquim,09/09/2026,Quarta-feira,10:24:00,17,6,E,90,65,Sol com muitas nuvens,1023,2r,16,sol-com-muitas-nuvens
8660,3716,False,7,BR,Brasil,MG,Dom Silvério,SE,False,-20.16,-42.968,False,False,cities,8660,Dom Silvério,09/09/2026,Quarta-feira,10:24:00,17,6,E,80,70,Chuvoso,1022,5,17,chuvoso
8661,3717,False,7,BR,Brasil,MG,Dom Viçoso,SE,False,-22.254,-45.161,False,False,cities,8661,Dom Viçoso,09/09/2026,Quarta-feira,10:24:00,13,7,E,79,53,Sol com muitas nuvens,1020,2r,11,sol-com-muitas-nuvens
8662,3718,False,7,BR,Brasil,MG,Dona Euzébia,SE,False,-21.316,-42.811,False,False,cities,8662,Dona Euzébia,09/09/2026,Quarta-feira,10:24:00,20,2,ENE,74,79,Nublado,1020,3,21,nublado
8663,3719,False,7,BR,Brasil,MG,Dores de Campos,SE,False,-21.109,-44.023,False,False,cities,8663,Dores de Campos,09/09/2026,Quarta-feira,10:24:00,16,11,ENE,75,67,Chuvoso,1022,5,14,chuvoso
8664,3720,False,7,BR,Brasil,MG,Dores de Guanhães,SE,False,-19.058,-42.929,False,False,cities,8664,Dores de Guanhães,09/09/2026,Quarta-feira,11:09:00,18,5,E,90,71,Sol com muitas nuvens,1022,2r,18,sol-com-muitas-nuvens
3885,4784,False,7,BR,Brasil,MG,Dores do Indaiá,SE,False,-19.463,-45.602,False,False,cities,3885,Dores do Indaiá,09/09/2026,Quarta-feira,10:24:00,18,8,ENE,74,72,Sol com muitas nuvens,1021,2r,18,sol-com-muitas-nuvens
8665,3721,False,7,BR,Brasil,MG,Dores do Turvo,SE,False,-20.976,-43.189,False,False,cities,8665,Dores do Turvo,09/09/2026,Quarta-feira,11:09:00,18,6,ENE,75,71,Chuvoso,1021,5,18,chuvoso
8666,3722,False,7,BR,Brasil,MG,Doresópolis,SE,False,-20.287,-45.903,False,False,cities,8666,Doresópolis,09/09/2026,Quarta-feira,10:24:00,18,8,ENE,76,71,Sol com muitas nuvens,1021,2r,17,sol-com-muitas-nuvens
8667,3723,False,7,BR,Brasil,MG,Douradoquara,SE,False,-18.431,-47.609,False,True,cities,8667,Douradoquara,09/09/2026,Quarta-feira,10:24:00,21,9,ENE,71,68,Nublado,1019,3,21,nublado
8668,3724,False,7,BR,Brasil,MG,Durandé,SE,False,-20.203,-41.798,False,False,cities,8668,Durandé,09/09/2026,Quarta-feira,11:09:00,19,2,E,81,69,Nublado,1022,3,20,nublado
6532,733,False,7,BR,Brasil,MG,Elói Mendes,SE,False,-21.61,-45.565,False,False,cities,6532,Elói Mendes,09/09/2026,Quarta-feira,11:09:00,16,4,E,79,67,Sol com muitas nuvens,1020,2r,16,sol-com-muitas-nuvens
8669,3725,False,7,BR,Brasil,MG,Engenheiro Caldas,SE,False,-19.219,-42.046,False,True,cities,8669,Engenheiro Caldas,09/09/2026,Quarta-feira,10:24:00,20,3,E,90,78,Sol com muitas nuvens,1022,2r,22,sol-com-muitas-nuvens
8670,3726,False,7,BR,Brasil,MG,Engenheiro Navarro,SE,False,-17.28,-43.95,False,False,cities,8670,Engenheiro Navarro,09/09/2026,Quarta-feira,11:09:00,19,10,E,99,58,Nublado,1021,3,18,nublado
8671,3727,False,7,BR,Brasil,MG,Entre Folhas,SE,False,-19.625,-42.231,False,False,cities,8671,Entre Folhas,09/09/2026,Quarta-feira,11:09:00,19,2,E,90,71,Sol com muitas nuvens,1022,2r,19,sol-com-muitas-nuvens
8672,3728,False,7,BR,Brasil,MG,Entre Rios de Minas,SE,False,-20.671,-44.066,False,False,cities,8672,Entre Rios de Minas,09/09/2026,Quarta-feira,10:24:00,16,12,ENE,76,67,Chuvoso,1022,5,14,chuvoso
8673,3729,False,7,BR,Brasil,MG,Ervália,SE,False,-20.84,-42.657,False,False,cities,8673,Ervália,09/09/2026,Quarta-feira,11:09:00,17,3,ENE,76,68,Nublado,1021,3,17,nublado
8674,3730,False,7,BR,Brasil,MG,Esmeraldas,SE,False,-19.762,-44.314,False,False,cities,8674,Esmeraldas,09/09/2026,Quarta-feira,10:24:00,18,10,ENE,78,63,Nublado,1021,3,16,nublado
8675,3731,False,7,BR,Brasil,MG,Espera Feliz,SE,False,-20.65,-41.907,False,False,cities,8675,Espera Feliz,09/09/2026,Quarta-feira,10:24:00,19,2,ENE,78,66,Sol com muitas nuvens,1022,2r,19,sol-com-muitas-nuvens
6312,6930,False,7,BR,Brasil,MG,Esteios,SE,False,-19.926,-45.703,False,False,cities,6312,Esteios,09/09/2026,Quarta-feira,11:09:00,18,9,ENE,75,72,Sol com muitas nuvens,1021,2r,18,sol-com-muitas-nuvens
8676,3732,False,7,BR,Brasil,MG,Estiva,SE,False,-22.463,-46.017,False,False,cities,8676,Estiva,09/09/2026,Quarta-feira,10:24:00,16,4,E,83,61,Nublado,1021,3,14,nublado
8677,3733,False,7,BR,Brasil,MG,Estrela Dalva,SE,False,-21.742,-42.461,False,False,cities,8677,Estrela Dalva,09/09/2026,Quarta-feira,10:24:00,21,2,ENE,73,87,Chuvoso,1020,5,23,chuvoso
8678,3734,False,7,BR,Brasil,MG,Estrela do Indaiá,SE,False,-19.522,-45.788,False,False,cities,8678,Estrela do Indaiá,09/09/2026,Quarta-feira,10:24:00,18,9,ENE,74,70,Nublado,1021,3,17,nublado
3154,2786,False,7,BR,Brasil,MG,Estrela do Sul,SE,False,-18.746,-47.693,False,False,cities,3154,Estrela do Sul,09/09/2026,Quarta-feira,11:09:00,19,10,ENE,71,64,Nublado,1020,3,18,nublado
8679,3735,False,7,BR,Brasil,MG,Eugenópolis,SE,False,-21.099,-42.187,False,False,cities,8679,Eugenópolis,09/09/2026,Quarta-feira,11:09:00,19,2,ENE,76,82,Nublado,1021,3,21,nublado
8680,3736,False,7,BR,Brasil,MG,Ewbank da Câmara,SE,False,-21.551,-43.51,False,False,cities,8680,Ewbank da Câmara,09/09/2026,Quarta-feira,10:24:00,18,5,ENE,74,70,Chuvoso,1021,5,18,chuvoso
5312,1618,False,7,BR,Brasil,MG,Extrema,SE,False,-22.855,-46.318,False,False,cities,5312,Extrema,09/09/2026,Quarta-feira,10:24:00,16,3,E,90,60,Nublado,1020,3,15,nublado
6533,734,False,7,BR,Brasil,MG,Fama,SE,False,-21.41,-45.83,False,False,cities,6533,Fama,09/09/2026,Quarta-feira,10:24:00,18,7,E,79,71,Sol com algumas nuvens,1020,2,18,sol-com-algumas-nuvens
8681,3737,False,7,BR,Brasil,MG,Faria Lemos,SE,False,-20.808,-42.03,False,False,cities,8681,Faria Lemos,09/09/2026,Quarta-feira,10:24:00,18,2,ENE,78,68,Nublado,1021,3,19,nublado
8683,3738,False,7,BR,Brasil,MG,Felisburgo,SE,False,-16.639,-40.761,False,False,cities,8683,Felisburgo,09/09/2026,Quarta-feira,10:24:00,19,4,E,90,75,Sol com muitas nuvens,1022,2r,20,sol-com-muitas-nuvens
8684,3370,False,7,BR,Brasil,MG,Felixlândia,SE,False,-18.758,-44.899,False,False,cities,8684,Felixlândia,09/09/2026,Quarta-feira,11:09:00,20,6,E,79,66,Sol com muitas nuvens,1021,2r,20,sol-com-muitas-nuvens
8682,3739,False,7,BR,Brasil,MG,Felício dos Santos,SE,False,-18.077,-43.247,False,False,cities,8682,Felício dos Santos,09/09/2026,Quarta-feira,10:24:00,17,7,E,98,61,Nublado,1023,3,15,nublado
8685,4804,False,7,BR,Brasil,MG,Fernandes Tourinho,SE,False,-19.154,-42.082,False,False,cities,8685,Fernandes Tourinho,09/09/2026,Quarta-feira,11:09:00,21,3,E,90,79,Sol com algumas nuvens,1022,2,22,sol-com-algumas-nuvens
8686,3740,False,7,BR,Brasil,MG,Ferros,SE,False,-19.232,-43.023,False,False,cities,8686,Ferros,09/09/2026,Quarta-feira,10:24:00,18,5,E,90,71,Sol com muitas nuvens,1022,2r,18,sol-com-muitas-nuvens
6534,735,False,7,BR,Brasil,MG,Formiga,SE,False,-20.464,-45.426,False,True,cities,6534,Formiga,09/09/2026,Quarta-feira,10:24:00,18,12,ENE,77,66,Sol e Chuva,1020,4,16,sol-e-chuva
8688,138,False,7,BR,Brasil,MG,Formoso,SE,False,-14.947,-46.232,False,True,cities,8688,Formoso,09/09/2026,Quarta-feira,11:09:00,20,14,E,83,58,Nublado,1020,3,18,nublado
8689,3743,False,7,BR,Brasil,MG,Fortaleza de Minas,SE,False,-20.849,-46.718,False,False,cities,8689,Fortaleza de Minas,09/09/2026,Quarta-feira,10:24:00,18,9,ENE,78,67,Sol com muitas nuvens,1019,2r,16,sol-com-muitas-nuvens
8690,3744,False,7,BR,Brasil,MG,Fortuna de Minas,SE,False,-19.561,-44.447,False,False,cities,8690,Fortuna de Minas,09/09/2026,Quarta-feira,11:09:00,19,8,ENE,78,65,Nublado,1021,3,18,nublado
8691,3745,False,7,BR,Brasil,MG,Francisco Badaró,SE,False,-16.992,-42.352,False,False,cities,8691,Francisco Badaró,09/09/2026,Quarta-feira,10:24:00,21,5,ESE,101,68,Sol,1022,1,22,sol
8692,3746,False,7,BR,Brasil,MG,Francisco Dumont,SE,False,-17.315,-44.234,False,False,cities,8692,Francisco Dumont,09/09/2026,Quarta-feira,10:24:00,19,13,E,97,57,Nublado,1021,3,17,nublado
8694,139,False,7,BR,Brasil,MG,Francisco Sá,SE,False,-16.476,-43.488,False,False,cities,8694,Francisco Sá,09/09/2026,Quarta-feira,10:24:00,19,5,ESE,103,61,Sol com muitas nuvens,1021,2r,18,sol-com-muitas-nuvens
8693,3747,False,7,BR,Brasil,MG,Franciscópolis,SE,False,-17.96,-42.009,False,False,cities,8693,Franciscópolis,09/09/2026,Quarta-feira,10:24:00,21,5,E,99,82,Sol com muitas nuvens,1022,2r,23,sol-com-muitas-nuvens
8695,3748,False,7,BR,Brasil,MG,Frei Gaspar,SE,False,-18.066,-41.429,False,False,cities,8695,Frei Gaspar,09/09/2026,Quarta-feira,11:09:00,20,6,E,97,78,Sol com muitas nuvens,1022,2r,21,sol-com-muitas-nuvens
8696,3749,False,7,BR,Brasil,MG,Frei Inocêncio,SE,False,-18.574,-41.909,False,False,cities,8696,Frei Inocêncio,09/09/2026,Quarta-feira,11:09:00,21,4,E,90,80,Sol com muitas nuvens,1022,2r,23,sol-com-muitas-nuvens
8697,3750,False,7,BR,Brasil,MG,Frei Lagonegro,SE,False,-18.168,-42.766,False,False,cities,8697,Frei Lagonegro,09/09/2026,Quarta-feira,10:24:00,18,6,E,99,67,Sol com muitas nuvens,1023,2r,18,sol-com-muitas-nuvens
8699,3751,False,7,BR,Brasil,MG,Fronteira,SE,False,-20.268,-49.199,False,False,cities,8699,Fronteira,09/09/2026,Quarta-feira,10:24:00,21,3,ENE,77,79,Nublado,1017,3,22,nublado
8698,3752,False,7,BR,Brasil,MG,Fronteira dos Vales,SE,False,-16.891,-40.925,False,False,cities,8698,Fronteira dos Vales,09/09/2026,Quarta-feira,10:24:00,20,5,E,95,80,Sol com muitas nuvens,1022,2r,21,sol-com-muitas-nuvens
8700,3753,False,7,BR,Brasil,MG,Fruta de Leite,SE,False,-16.131,-42.533,False,False,cities,8700,Fruta de Leite,09/09/2026,Quarta-feira,10:24:00,20,6,ESE,102,63,Sol com algumas nuvens,1021,2,20,sol-com-algumas-nuvens
5393,2093,False,7,BR,Brasil,MG,Frutal,SE,False,-20.025,-48.941,False,True,cities,5393,Frutal,09/09/2026,Quarta-feira,10:24:00,20,4,ENE,74,74,Sol com muitas nuvens,1017,2r,22,sol-com-muitas-nuvens
4127,5123,False,7,BR,Brasil,MG,Furnas,SE,False,-21.083,-45.55,False,False,cities,4127,Furnas,09/09/2026,Quarta-feira,10:24:00,18,9,ENE,78,68,Sol com algumas nuvens,1020,2,16,sol-com-algumas-nuvens
4436,5541,False,7,BR,Brasil,MG,Furquim,SE,False,-20.339,-43.209,False,False,cities,4436,Furquim,09/09/2026,Quarta-feira,10:24:00,18,7,ENE,78,74,Chuvoso,1022,5,18,chuvoso
8702,3755,False,7,BR,Brasil,MG,Galiléia,SE,False,-18.999,-41.538,False,False,cities,8702,Galiléia,09/09/2026,Quarta-feira,10:24:00,23,3,E,90,85,Sol com algumas nuvens,1022,2,26,sol-com-algumas-nuvens
8703,3756,False,7,BR,Brasil,MG,Gameleiras,SE,False,-15.082,-43.124,False,False,cities,8703,Gameleiras,09/09/2026,Quarta-feira,11:09:00,21,13,E,100,49,Sol,1019,1,19,sol
6235,6820,False,7,BR,Brasil,MG,Garapuava,SE,False,-16.089,-46.553,False,False,cities,6235,Garapuava,09/09/2026,Quarta-feira,10:24:00,20,21,ENE,75,56,Nublado,1020,3,16,nublado
8704,3757,False,7,BR,Brasil,MG,Glaucilândia,SE,False,-16.85,-43.697,False,False,cities,8704,Glaucilândia,09/09/2026,Quarta-feira,10:24:00,20,6,ESE,102,64,Sol com muitas nuvens,1021,2r,19,sol-com-muitas-nuvens
4537,5653,False,7,BR,Brasil,MG,Glucínio,SE,False,-18.209,-42.337,False,False,cities,4537,Glucínio,09/09/2026,Quarta-feira,11:09:00,19,4,E,97,73,Sol com muitas nuvens,1022,2r,19,sol-com-muitas-nuvens
8705,3758,False,7,BR,Brasil,MG,Goiabeira,SE,False,-18.982,-41.223,False,False,cities,8705,Goiabeira,09/09/2026,Quarta-feira,11:09:00,22,3,E,90,83,Sol com muitas nuvens,1021,2r,24,sol-com-muitas-nuvens
8706,3759,False,7,BR,Brasil,MG,Goianá,SE,False,-21.537,-43.202,False,False,cities,8706,Goianá,09/09/2026,Quarta-feira,10:24:00,20,4,NW,310,77,Chuvoso,1020,5,21,chuvoso
8708,3760,False,7,BR,Brasil,MG,Gonzaga,SE,False,-18.822,-42.479,False,False,cities,8708,Gonzaga,09/09/2026,Quarta-feira,11:09:00,18,4,E,90,70,Sol com muitas nuvens,1022,2r,18,sol-com-muitas-nuvens
8707,3321,False,7,BR,Brasil,MG,Gonçalves,SE,False,-22.659,-45.856,False,False,cities,8707,Gonçalves,09/09/2026,Quarta-feira,11:09:00,16,5,E,82,58,Nublado,1020,3,14,nublado
8709,3761,False,7,BR,Brasil,MG,Gouvêa,SE,False,-18.454,-43.741,False,False,cities,8709,Gouvêa,09/09/2026,Quarta-feira,11:09:00,16,8,E,90,55,Sol com muitas nuvens,1023,2r,13,sol-com-muitas-nuvens
8710,140,False,7,BR,Brasil,MG,Governador Valadares,SE,False,-18.851,-41.949,False,False,cities,8710,Governador Valadares,09/09/2026,Quarta-feira,11:09:00,21,4,N,9,80,Sol com muitas nuvens,1021,2r,23,sol-com-muitas-nuvens
8712,4805,False,7,BR,Brasil,MG,Grupiara,SE,False,-18.494,-47.722,False,False,cities,8712,Grupiara,09/09/2026,Quarta-feira,10:24:00,21,9,ENE,71,69,Nublado,1019,3,21,nublado
8711,141,False,7,BR,Brasil,MG,Grão Mogol,SE,False,-16.559,-42.89,False,False,cities,8711,Grão Mogol,09/09/2026,Quarta-feira,11:09:00,18,5,ESE,102,62,Sol,1022,1,18,sol
3370,4124,False,7,BR,Brasil,MG,Guanhães,SE,False,-18.775,-42.932,False,False,cities,3370,Guanhães,09/09/2026,Quarta-feira,11:09:00,17,5,E,99,66,Sol com muitas nuvens,1022,2r,16,sol-com-muitas-nuvens
8713,4806,False,7,BR,Brasil,MG,Guapé,SE,False,-20.8,-45.917,False,False,cities,8713,Guapé,09/09/2026,Quarta-feira,11:09:00,19,11,ENE,78,73,Sol com algumas nuvens,1020,2,18,sol-com-algumas-nuvens
8714,3762,False,7,BR,Brasil,MG,Guaraciaba,SE,False,-20.571,-43.008,False,False,cities,8714,Guaraciaba,09/09/2026,Quarta-feira,10:24:00,18,5,ENE,77,73,Chuvoso,1022,5,18,chuvoso
8715,3763,False,7,BR,Brasil,MG,Guaraciama,SE,False,-17.014,-43.673,False,False,cities,8715,Guaraciama,09/09/2026,Quarta-feira,10:24:00,19,7,ESE,102,62,Sol com muitas nuvens,1021,2r,18,sol-com-muitas-nuvens
8716,3764,False,7,BR,Brasil,MG,Guarani,SE,False,-21.352,-43.047,False,False,cities,8716,Guarani,09/09/2026,Quarta-feira,11:09:00,20,3,ENE,74,79,Nublado,1020,3,22,nublado
3145,2755,False,7,BR,Brasil,MG,Guaranésia,SE,False,-21.299,-46.802,False,False,cities,3145,Guaranésia,09/09/2026,Quarta-feira,11:09:00,18,8,E,80,67,Sol com muitas nuvens,1019,2r,17,sol-com-muitas-nuvens
8717,3765,False,7,BR,Brasil,MG,Guarará,SE,False,-21.732,-43.038,False,False,cities,8717,Guarará,09/09/2026,Quarta-feira,11:09:00,19,3,ENE,73,73,Sol com muitas nuvens,1020,2r,19,sol-com-muitas-nuvens
6323,6942,False,7,BR,Brasil,MG,Guarda dos Ferreiros,SE,False,-19.368,-46.122,False,False,cities,6323,Guarda dos Ferreiros,09/09/2026,Quarta-feira,10:24:00,17,8,ENE,73,68,Sol com muitas nuvens,1021,2r,16,sol-com-muitas-nuvens
3129,2707,False,7,BR,Brasil,MG,Guarda-Mor,SE,False,-17.771,-47.098,False,False,cities,3129,Guarda-Mor,09/09/2026,Quarta-feira,11:09:00,20,10,ENE,72,72,Sol com muitas nuvens,1019,2r,20,sol-com-muitas-nuvens
6213,6790,False,7,BR,Brasil,MG,Guardinha,SE,False,-20.915,-47.157,False,False,cities,6213,Guardinha,09/09/2026,Quarta-feira,10:24:00,19,8,E,79,67,Sol com muitas nuvens,1018,2r,18,sol-com-muitas-nuvens
5680,1088,False,7,BR,Brasil,MG,Guaxupé,SE,False,-21.305,-46.713,False,False,cities,5680,Guaxupé,09/09/2026,Quarta-feira,11:09:00,17,8,E,80,68,Sol com muitas nuvens,1020,2r,16,sol-com-muitas-nuvens
8718,3766,False,7,BR,Brasil,MG,Guidoval,SE,False,-21.152,-42.797,False,False,cities,8718,Guidoval,09/09/2026,Quarta-feira,10:24:00,19,3,ENE,75,78,Nublado,1021,3,20,nublado
8720,3768,False,7,BR,Brasil,MG,Guiricema,SE,False,-21.008,-42.718,False,False,cities,8720,Guiricema,09/09/2026,Quarta-feira,11:09:00,19,3,ENE,76,76,Chuvoso,1021,5,19,chuvoso
2057,2605,False,7,BR,Brasil,MG,Gurinhatã,SE,False,-19.213,-49.786,False,False,cities,2057,Gurinhatã,09/09/2026,Quarta-feira,11:09:00,21,6,ENE,73,72,Nublado,1017,3,22,nublado
8721,3769,False,7,BR,Brasil,MG,Heliodora,SE,False,-22.067,-45.542,False,True,cities,8721,Heliodora,09/09/2026,Quarta-feira,11:09:00,16,5,E,81,66,Sol com muitas nuvens,1021,2r,15,sol-com-muitas-nuvens
6329,6954,False,7,BR,Brasil,MG,Honorópolis,SE,False,-19.565,-50.011,False,False,cities,6329,Honorópolis,09/09/2026,Quarta-feira,10:24:00,22,4,ENE,75,74,Nublado,1017,3,23,nublado
8722,3770,False,7,BR,Brasil,MG,Iapu,SE,False,-19.437,-42.218,False,False,cities,8722,Iapu,09/09/2026,Quarta-feira,10:24:00,20,2,E,90,78,Sol com muitas nuvens,1022,2r,22,sol-com-muitas-nuvens
8723,3771,False,7,BR,Brasil,MG,Ibertioga,SE,False,-21.43,-43.963,False,False,cities,8723,Ibertioga,09/09/2026,Quarta-feira,10:24:00,15,9,ENE,75,61,Chuvoso,1022,5,13,chuvoso
8724,142,False,7,BR,Brasil,MG,Ibiaí,SE,False,-16.861,-44.914,False,False,cities,8724,Ibiaí,09/09/2026,Quarta-feira,11:09:00,21,12,E,90,66,Nublado,1020,3,20,nublado
8726,3772,False,7,BR,Brasil,MG,Ibiracatu,SE,False,-15.664,-44.164,False,False,cities,8726,Ibiracatu,09/09/2026,Quarta-feira,11:09:00,22,8,E,99,59,Sol com muitas nuvens,1019,2r,22,sol-com-muitas-nuvens
8727,3329,False,7,BR,Brasil,MG,Ibiraci,SE,False,-20.462,-47.122,False,False,cities,8727,Ibiraci,09/09/2026,Quarta-feira,11:09:00,17,7,ENE,77,61,Nublado,1019,3,15,nublado
6535,736,False,7,BR,Brasil,MG,Ibirité,SE,False,-20.022,-44.059,False,False,cities,6535,Ibirité,09/09/2026,Quarta-feira,10:24:00,18,13,ENE,77,64,Nublado,1021,3,16,nublado
8728,3773,False,7,BR,Brasil,MG,Ibitiúra de Minas,SE,False,-22.061,-46.44,False,False,cities,8728,Ibitiúra de Minas,09/09/2026,Quarta-feira,10:24:00,16,4,E,82,60,Nublado,1020,3,15,nublado
8729,3774,False,7,BR,Brasil,MG,Ibituruna,SE,False,-21.152,-44.748,False,False,cities,8729,Ibituruna,09/09/2026,Quarta-feira,10:24:00,17,13,ENE,76,68,Sol e Chuva,1021,4,14,sol-e-chuva
8725,2787,False,7,BR,Brasil,MG,Ibiá,SE,False,-19.478,-46.539,False,True,cities,8725,Ibiá,09/09/2026,Quarta-feira,11:09:00,18,8,ENE,73,67,Sol com muitas nuvens,1021,2r,17,sol-com-muitas-nuvens
8730,3775,False,7,BR,Brasil,MG,Icaraí de Minas,SE,False,-16.217,-44.906,False,False,cities,8730,Icaraí de Minas,09/09/2026,Quarta-feira,11:09:00,22,11,E,90,61,Nublado,1020,3,21,nublado
8731,3776,False,7,BR,Brasil,MG,Igarapé,SE,False,-20.07,-44.302,False,False,cities,8731,Igarapé,09/09/2026,Quarta-feira,10:24:00,16,13,ENE,76,59,Nublado,1021,3,12,nublado
8732,3777,False,7,BR,Brasil,MG,Igaratinga,SE,False,-19.955,-44.709,False,False,cities,8732,Igaratinga,09/09/2026,Quarta-feira,10:24:00,17,10,ENE,76,66,Chuvoso,1022,5,16,chuvoso
3122,2670,False,7,BR,Brasil,MG,Iguatama,SE,False,-20.174,-45.711,False,False,cities,3122,Iguatama,09/09/2026,Quarta-feira,11:09:00,18,10,ENE,76,71,Sol com muitas nuvens,1021,2r,17,sol-com-muitas-nuvens
8733,3778,False,7,BR,Brasil,MG,Ijaci,SE,False,-21.17,-44.925,False,False,cities,8733,Ijaci,09/09/2026,Quarta-feira,11:09:00,17,12,ENE,77,69,Sol e Chuva,1021,4,15,sol-e-chuva
8735,3780,False,7,BR,Brasil,MG,Imbé de Minas,SE,False,-19.597,-41.971,False,False,cities,8735,Imbé de Minas,09/09/2026,Quarta-feira,10:24:00,19,2,E,90,72,Sol com muitas nuvens,1022,2r,19,sol-com-muitas-nuvens
8736,3781,False,7,BR,Brasil,MG,Indaiabira,SE,False,-15.492,-42.197,False,False,cities,8736,Indaiabira,09/09/2026,Quarta-feira,10:24:00,18,9,E,98,57,Sol com muitas nuvens,1022,2r,16,sol-com-muitas-nuvens
8737,2788,False,7,BR,Brasil,MG,Indianópolis,SE,False,-19.039,-47.917,False,True,cities,8737,Indianópolis,09/09/2026,Quarta-feira,10:24:00,19,11,ENE,71,66,Nublado,1019,3,18,nublado
8738,3782,False,7,BR,Brasil,MG,Ingaí,SE,False,-21.401,-44.917,False,False,cities,8738,Ingaí,09/09/2026,Quarta-feira,11:09:00,16,10,ENE,77,65,Sol com muitas nuvens,1021,2r,14,sol-com-muitas-nuvens
8739,143,False,7,BR,Brasil,MG,Inhapim,SE,False,-19.549,-42.12,False,False,cities,8739,Inhapim,09/09/2026,Quarta-feira,10:24:00,19,2,E,90,70,Sol com muitas nuvens,1022,2r,19,sol-com-muitas-nuvens
8740,3783,False,7,BR,Brasil,MG,Inhaúma,SE,False,-19.491,-44.39,False,False,cities,8740,Inhaúma,09/09/2026,Quarta-feira,10:24:00,19,8,ENE,78,65,Nublado,1021,3,18,nublado
8741,3784,False,7,BR,Brasil,MG,Inimutaba,SE,False,-18.729,-44.361,False,False,cities,8741,Inimutaba,09/09/2026,Quarta-feira,11:09:00,20,6,E,90,67,Sol com muitas nuvens,1021,2r,20,sol-com-muitas-nuvens
8742,3785,False,7,BR,Brasil,MG,Ipaba,SE,False,-19.414,-42.419,False,False,cities,8742,Ipaba,09/09/2026,Quarta-feira,11:09:00,21,2,E,90,83,Sol com muitas nuvens,1022,2r,23,sol-com-muitas-nuvens
3221,3437,False,7,BR,Brasil,MG,Ipanema,SE,False,-19.801,-41.713,False,False,cities,3221,Ipanema,09/09/2026,Quarta-feira,10:24:00,20,2,E,90,80,Nublado,1023,3,22,nublado
8743,144,False,7,BR,Brasil,MG,Ipatinga,SE,False,-19.468,-42.537,False,True,cities,8743,Ipatinga,09/09/2026,Quarta-feira,10:24:00,20,2,E,90,81,Sol com muitas nuvens,1023,2r,22,sol-com-muitas-nuvens
2066,2606,False,7,BR,Brasil,MG,Ipiaçu,SE,False,-18.692,-49.943,False,False,cities,2066,Ipiaçu,09/09/2026,Quarta-feira,10:24:00,22,9,ENE,72,76,Nublado,1017,3,22,nublado
8744,3786,False,7,BR,Brasil,MG,Ipuiúna,SE,False,-22.099,-46.19,False,False,cities,8744,Ipuiúna,09/09/2026,Quarta-feira,11:09:00,16,4,E,82,61,Nublado,1021,3,15,nublado
8745,3337,False,7,BR,Brasil,MG,Iraí de Minas,SE,False,-18.984,-47.461,False,False,cities,8745,Iraí de Minas,09/09/2026,Quarta-feira,11:09:00,19,10,ENE,72,63,Nublado,1020,3,17,nublado
8746,145,False,7,BR,Brasil,MG,Itabira,SE,False,-19.619,-43.227,False,False,cities,8746,Itabira,09/09/2026,Quarta-feira,11:09:00,17,7,E,90,63,Nublado,1023,3,16,nublado
8747,3787,False,7,BR,Brasil,MG,Itabirinha,SE,False,-18.566,-41.233,False,False,cities,8747,Itabirinha,09/09/2026,Quarta-feira,11:09:00,21,4,E,90,80,Sol com muitas nuvens,1022,2r,23,sol-com-muitas-nuvens
8748,3348,False,7,BR,Brasil,MG,Itabirito,SE,False,-20.253,-43.801,False,False,cities,8748,Itabirito,09/09/2026,Quarta-feira,10:24:00,16,12,ENE,77,63,Nublado,1021,3,14,nublado
8749,3330,False,7,BR,Brasil,MG,Itacambira,SE,False,-17.065,-43.309,False,False,cities,8749,Itacambira,09/09/2026,Quarta-feira,10:24:00,16,7,ESE,102,57,Sol com algumas nuvens,1022,2,13,sol-com-algumas-nuvens
8751,3789,False,7,BR,Brasil,MG,Itaguara,SE,False,-20.392,-44.488,False,False,cities,8751,Itaguara,09/09/2026,Quarta-feira,10:24:00,16,13,ENE,76,66,Chuvoso,1022,5,14,chuvoso
8752,3790,False,7,BR,Brasil,MG,Itaipé,SE,False,-17.402,-41.669,False,False,cities,8752,Itaipé,09/09/2026,Quarta-feira,11:09:00,19,7,E,100,77,Sol com algumas nuvens,1023,2,20,sol-com-algumas-nuvens
6536,737,False,7,BR,Brasil,MG,Itajubá,SE,False,-22.426,-45.453,False,False,cities,6536,Itajubá,09/09/2026,Quarta-feira,11:09:00,17,6,E,80,66,Nublado,1020,3,16,nublado
8753,146,False,7,BR,Brasil,MG,Itamarandiba,SE,False,-17.857,-42.859,False,False,cities,8753,Itamarandiba,09/09/2026,Quarta-feira,10:24:00,19,7,E,101,65,Sol com muitas nuvens,1023,2r,18,sol-com-muitas-nuvens
8754,3791,False,7,BR,Brasil,MG,Itamarati de Minas,SE,False,-21.416,-42.818,False,False,cities,8754,Itamarati de Minas,09/09/2026,Quarta-feira,11:09:00,20,2,ENE,74,79,Nublado,1020,3,21,nublado
8755,3356,False,7,BR,Brasil,MG,Itambacuri,SE,False,-18.031,-41.685,False,False,cities,8755,Itambacuri,09/09/2026,Quarta-feira,11:09:00,20,5,E,98,77,Sol com muitas nuvens,1022,2r,20,sol-com-muitas-nuvens
8756,3792,False,7,BR,Brasil,MG,Itambé do Mato Dentro,SE,False,-19.414,-43.321,False,False,cities,8756,Itambé do Mato Dentro,09/09/2026,Quarta-feira,10:24:00,17,7,E,90,64,Nublado,1023,3,16,nublado
8757,3793,False,7,BR,Brasil,MG,Itamogi,SE,False,-21.078,-47.048,False,False,cities,8757,Itamogi,09/09/2026,Quarta-feira,10:24:00,18,9,E,80,65,Sol com muitas nuvens,1019,2r,17,sol-com-muitas-nuvens
6537,738,False,7,BR,Brasil,MG,Itamonte,SE,False,-22.284,-44.87,False,False,cities,6537,Itamonte,09/09/2026,Quarta-feira,10:24:00,15,9,ENE,77,57,Sol com muitas nuvens,1019,2r,12,sol-com-muitas-nuvens
6230,6811,False,7,BR,Brasil,MG,Itamuri,SE,False,-20.992,-42.372,False,False,cities,6230,Itamuri,09/09/2026,Quarta-feira,11:09:00,18,2,ENE,76,74,Nublado,1021,3,19,nublado
6538,739,False,7,BR,Brasil,MG,Itanhandu,SE,False,-22.296,-44.935,False,False,cities,6538,Itanhandu,09/09/2026,Quarta-feira,11:09:00,17,9,ENE,78,66,Sol com muitas nuvens,1019,2r,16,sol-com-muitas-nuvens
8758,3794,False,7,BR,Brasil,MG,Itanhomi,SE,False,-19.172,-41.865,False,False,cities,8758,Itanhomi,09/09/2026,Quarta-feira,11:09:00,21,3,E,90,79,Sol com muitas nuvens,1022,2r,23,sol-com-muitas-nuvens
8759,147,False,7,BR,Brasil,MG,Itaobim,SE,False,-16.562,-41.503,False,False,cities,8759,Itaobim,09/09/2026,Quarta-feira,11:09:00,21,6,E,98,75,Sol com algumas nuvens,1022,2,22,sol-com-algumas-nuvens
2165,2607,False,7,BR,Brasil,MG,Itapagipe,SE,False,-19.909,-49.381,False,False,cities,2165,Itapagipe,09/09/2026,Quarta-feira,10:24:00,21,4,ENE,75,77,Sol com muitas nuvens,1017,2r,22,sol-com-muitas-nuvens
8760,3795,False,7,BR,Brasil,MG,Itapecerica,SE,False,-20.472,-45.126,False,False,cities,8760,Itapecerica,09/09/2026,Quarta-feira,11:09:00,17,14,ENE,76,67,Chuvoso,1021,5,15,chuvoso
8761,3796,False,7,BR,Brasil,MG,Itapeva,SE,False,-22.768,-46.221,False,False,cities,8761,Itapeva,09/09/2026,Quarta-feira,10:24:00,16,3,E,84,61,Nublado,1020,3,15,nublado
6236,6821,False,7,BR,Brasil,MG,Itapirucu,SE,False,-21.46,-42.351,False,False,cities,6236,Itapirucu,09/09/2026,Quarta-feira,11:09:00,20,2,ENE,74,87,Nublado,1020,3,23,nublado
8762,3797,False,7,BR,Brasil,MG,Itatiaiuçu,SE,False,-20.197,-44.421,False,False,cities,8762,Itatiaiuçu,09/09/2026,Quarta-feira,10:24:00,16,13,ENE,76,64,Chuvoso,1022,5,14,chuvoso
8765,3798,False,7,BR,Brasil,MG,Itaverava,SE,False,-20.678,-43.61,False,False,cities,8765,Itaverava,09/09/2026,Quarta-feira,10:24:00,15,9,ENE,76,60,Chuvoso,1021,5,12,chuvoso
8763,3799,False,7,BR,Brasil,MG,Itaú de Minas,SE,False,-20.739,-46.752,False,False,cities,8763,Itaú de Minas,09/09/2026,Quarta-feira,10:24:00,18,9,ENE,78,70,Sol com muitas nuvens,1019,2r,17,sol-com-muitas-nuvens
8764,148,False,7,BR,Brasil,MG,Itaúna,SE,False,-20.075,-44.576,False,False,cities,8764,Itaúna,09/09/2026,Quarta-feira,10:24:00,17,12,ENE,76,64,Nublado,1022,3,14,nublado
8766,3800,False,7,BR,Brasil,MG,Itinga,SE,False,-16.613,-41.765,False,False,cities,8766,Itinga,09/09/2026,Quarta-feira,11:09:00,24,7,E,100,74,Sol,1021,1,26,sol
8767,3801,False,7,BR,Brasil,MG,Itueta,SE,False,-19.394,-41.17,False,False,cities,8767,Itueta,09/09/2026,Quarta-feira,10:24:00,21,2,E,90,84,Sol com muitas nuvens,1021,2r,23,sol-com-muitas-nuvens
6539,740,False,7,BR,Brasil,MG,Ituiutaba,SE,False,-18.969,-49.465,False,True,cities,6539,Ituiutaba,09/09/2026,Quarta-feira,11:09:00,21,7,ENE,71,68,Sol com muitas nuvens,1017,2r,22,sol-com-muitas-nuvens
8768,3802,False,7,BR,Brasil,MG,Itumirim,SE,False,-21.317,-44.871,False,False,cities,8768,Itumirim,09/09/2026,Quarta-feira,10:24:00,17,11,ENE,77,67,Sol e Chuva,1021,4,15,sol-e-chuva
8769,2136,False,7,BR,Brasil,MG,Iturama,SE,False,-19.728,-50.196,False,False,cities,8769,Iturama,09/09/2026,Quarta-feira,10:24:00,22,4,ENE,77,76,Nublado,1016,3,23,nublado
8770,3803,False,7,BR,Brasil,MG,Itutinga,SE,False,-21.298,-44.658,False,False,cities,8770,Itutinga,09/09/2026,Quarta-feira,10:24:00,17,12,ENE,76,68,Sol e Chuva,1021,4,14,sol-e-chuva
8771,3804,False,7,BR,Brasil,MG,Jaboticatubas,SE,False,-19.514,-43.745,False,False,cities,8771,Jaboticatubas,09/09/2026,Quarta-feira,10:24:00,18,9,E,83,63,Nublado,1022,3,17,nublado
8772,3805,False,7,BR,Brasil,MG,Jacinto,SE,False,-16.144,-40.293,False,False,cities,8772,Jacinto,09/09/2026,Quarta-feira,10:24:00,23,4,E,90,89,Sol com muitas nuvens,1022,2r,26,sol-com-muitas-nuvens
5372,2038,False,7,BR,Brasil,MG,Jacutinga,SE,False,-22.286,-46.612,False,False,cities,5372,Jacutinga,09/09/2026,Quarta-feira,11:09:00,17,3,E,83,68,Nublado,1020,3,17,nublado
8773,3806,False,7,BR,Brasil,MG,Jacuí,SE,False,-21.017,-46.741,False,False,cities,8773,Jacuí,09/09/2026,Quarta-feira,10:24:00,17,9,E,79,67,Sol com muitas nuvens,1019,2r,16,sol-com-muitas-nuvens
8774,3807,False,7,BR,Brasil,MG,Jaguaraçu,SE,False,-19.649,-42.75,False,False,cities,8774,Jaguaraçu,09/09/2026,Quarta-feira,10:24:00,18,3,E,90,71,Nublado,1023,3,18,nublado
8776,3808,False,7,BR,Brasil,MG,Jampruca,SE,False,-18.463,-41.804,False,False,cities,8776,Jampruca,09/09/2026,Quarta-feira,10:24:00,22,4,E,95,81,Sol com muitas nuvens,1022,2r,24,sol-com-muitas-nuvens
5681,1089,False,7,BR,Brasil,MG,Janaúba,SE,False,-15.803,-43.309,False,False,cities,5681,Janaúba,09/09/2026,Quarta-feira,10:24:00,23,7,SSE,162,60,Sol,1019,1,23,sol
8777,149,False,7,BR,Brasil,MG,Januária,SE,False,-15.48,-44.36,False,False,cities,8777,Januária,09/09/2026,Quarta-feira,10:24:00,24,9,E,98,63,Sol com muitas nuvens,1018,2r,24,sol-com-muitas-nuvens
8778,3809,False,7,BR,Brasil,MG,Japaraíba,SE,False,-20.141,-45.503,False,False,cities,8778,Japaraíba,09/09/2026,Quarta-feira,10:24:00,18,10,ENE,76,67,Chuvoso,1021,5,17,chuvoso
8779,3810,False,7,BR,Brasil,MG,Japonvar,SE,False,-15.995,-44.27,False,False,cities,8779,Japonvar,09/09/2026,Quarta-feira,11:09:00,21,9,E,98,60,Sol com muitas nuvens,1021,2r,20,sol-com-muitas-nuvens
8775,3811,False,7,BR,Brasil,MG,Jaíba,SE,False,-15.338,-43.674,False,True,cities,8775,Jaíba,09/09/2026,Quarta-feira,10:24:00,24,8,ESE,102,59,Sol,1020,1,24,sol
8780,4807,False,7,BR,Brasil,MG,Jeceaba,SE,False,-20.535,-43.983,False,False,cities,8780,Jeceaba,09/09/2026,Quarta-feira,11:09:00,16,12,ENE,76,64,Chuvoso,1021,5,13,chuvoso
8782,3813,False,7,BR,Brasil,MG,Jequeri,SE,False,-20.456,-42.666,False,False,cities,8782,Jequeri,09/09/2026,Quarta-feira,11:09:00,18,4,ENE,78,73,Chuvoso,1022,5,19,chuvoso
8783,3814,False,7,BR,Brasil,MG,Jequitaí,SE,False,-17.236,-44.446,False,False,cities,8783,Jequitaí,09/09/2026,Quarta-feira,10:24:00,21,15,E,90,63,Nublado,1021,3,19,nublado
8784,3815,False,7,BR,Brasil,MG,Jequitibá,SE,False,-19.236,-44.028,False,False,cities,8784,Jequitibá,09/09/2026,Quarta-feira,11:09:00,20,8,E,83,68,Sol com muitas nuvens,1021,2r,20,sol-com-muitas-nuvens
8785,150,False,7,BR,Brasil,MG,Jequitinhonha,SE,False,-16.434,-41.003,False,False,cities,8785,Jequitinhonha,09/09/2026,Quarta-feira,10:24:00,21,4,E,93,86,Sol com muitas nuvens,1022,2r,24,sol-com-muitas-nuvens
8786,3816,False,7,BR,Brasil,MG,Jesuânia,SE,False,-21.998,-45.291,False,False,cities,8786,Jesuânia,09/09/2026,Quarta-feira,11:09:00,16,6,E,79,64,Sol com muitas nuvens,1020,2r,14,sol-com-muitas-nuvens
8788,3817,False,7,BR,Brasil,MG,Joanésia,SE,False,-19.172,-42.679,False,False,cities,8788,Joanésia,09/09/2026,Quarta-feira,10:24:00,20,4,E,90,80,Sol com muitas nuvens,1022,2r,21,sol-com-muitas-nuvens
8791,3818,False,7,BR,Brasil,MG,Joaquim Felício,SE,False,-17.758,-44.172,False,False,cities,8791,Joaquim Felício,09/09/2026,Quarta-feira,10:24:00,19,11,E,90,62,Sol com muitas nuvens,1022,2r,17,sol-com-muitas-nuvens
8787,3357,False,7,BR,Brasil,MG,Joaíma,SE,False,-16.654,-41.031,False,False,cities,8787,Joaíma,09/09/2026,Quarta-feira,10:24:00,20,5,E,95,86,Sol com muitas nuvens,1022,2r,22,sol-com-muitas-nuvens
8792,3819,False,7,BR,Brasil,MG,Jordânia,SE,False,-15.9,-40.178,False,False,cities,8792,Jordânia,09/09/2026,Quarta-feira,11:09:00,22,4,E,90,83,Sol com muitas nuvens,1021,2r,24,sol-com-muitas-nuvens
8794,3820,False,7,BR,Brasil,MG,Josenópolis,SE,False,-16.547,-42.515,False,False,cities,8794,Josenópolis,09/09/2026,Quarta-feira,11:09:00,19,5,ESE,102,63,Sol,1022,1,18,sol
8793,3821,False,7,BR,Brasil,MG,José Gonçalves de Minas,SE,False,-16.9053,-42.6013,False,False,cities,8793,José Gonçalves de Minas,09/09/2026,Quarta-feira,10:24:00,20,6,ESE,102,67,Sol com algumas nuvens,1022,2,20,sol-com-algumas-nuvens
8795,3822,False,7,BR,Brasil,MG,José Raydan,SE,False,-18.219,-42.499,False,False,cities,8795,José Raydan,09/09/2026,Quarta-feira,10:24:00,20,4,E,98,77,Sol com muitas nuvens,1022,2r,21,sol-com-muitas-nuvens
8789,2012,False,7,BR,Brasil,MG,João Monlevade,SE,False,-19.81,-43.174,False,False,cities,8789,João Monlevade,09/09/2026,Quarta-feira,10:24:00,18,7,E,83,67,Nublado,1023,3,17,nublado
8790,151,False,7,BR,Brasil,MG,João Pinheiro,SE,False,-17.742,-46.172,False,False,cities,8790,João Pinheiro,09/09/2026,Quarta-feira,10:24:00,20,10,ENE,75,65,Sol com muitas nuvens,1020,2r,19,sol-com-muitas-nuvens
8796,3823,False,7,BR,Brasil,MG,Juatuba,SE,False,-19.952,-44.343,False,False,cities,8796,Juatuba,09/09/2026,Quarta-feira,10:24:00,18,12,ENE,77,67,Nublado,1021,3,16,nublado
6332,6963,False,7,BR,Brasil,MG,Jubaí,SE,False,-19.898,-47.687,False,False,cities,6332,Jubaí,09/09/2026,Quarta-feira,11:09:00,21,7,ENE,74,72,Nublado,1018,3,22,nublado
8797,152,False,7,BR,Brasil,MG,Juiz de Fora,SE,False,-21.764,-43.35,False,False,cities,8797,Juiz de Fora,09/09/2026,Quarta-feira,10:24:00,18,4,NNE,30,69,Chuvoso,1020,5,18,chuvoso
8798,3824,False,7,BR,Brasil,MG,Juramento,SE,False,-16.848,-43.587,False,False,cities,8798,Juramento,09/09/2026,Quarta-feira,10:24:00,19,6,ESE,102,61,Sol com muitas nuvens,1022,2r,18,sol-com-muitas-nuvens
8799,3825,False,7,BR,Brasil,MG,Juruaia,SE,False,-21.253,-46.577,False,False,cities,8799,Juruaia,09/09/2026,Quarta-feira,10:24:00,17,8,E,80,68,Sol com muitas nuvens,1020,2r,16,sol-com-muitas-nuvens
8800,3826,False,7,BR,Brasil,MG,Juvenília,SE,False,-14.262,-44.16,False,False,cities,8800,Juvenília,09/09/2026,Quarta-feira,10:24:00,25,14,E,96,59,Sol com muitas nuvens,1019,2r,24,sol-com-muitas-nuvens
8801,3827,False,7,BR,Brasil,MG,Ladainha,SE,False,-17.632,-41.738,False,False,cities,8801,Ladainha,09/09/2026,Quarta-feira,10:24:00,20,5,E,100,80,Sol,1022,1,21,sol
8803,3829,False,7,BR,Brasil,MG,Lagoa Dourada,SE,False,-20.914,-44.078,False,True,cities,8803,Lagoa Dourada,09/09/2026,Quarta-feira,10:24:00,16,12,ENE,76,68,Chuvoso,1022,5,14,chuvoso
8804,3830,False,7,BR,Brasil,MG,Lagoa Formosa,SE,False,-18.779,-46.407,False,True,cities,8804,Lagoa Formosa,09/09/2026,Quarta-feira,10:24:00,19,8,ENE,72,65,Sol com muitas nuvens,1021,2r,19,sol-com-muitas-nuvens
8805,3831,False,7,BR,Brasil,MG,Lagoa Grande,SE,False,-17.835,-46.514,False,False,cities,8805,Lagoa Grande,09/09/2026,Quarta-feira,10:24:00,20,10,ENE,73,69,Sol com muitas nuvens,1020,2r,20,sol-com-muitas-nuvens
8806,153,False,7,BR,Brasil,MG,Lagoa Santa,SE,False,-19.65,-43.91,False,False,cities,8806,Lagoa Santa,09/09/2026,Quarta-feira,10:24:00,18,10,SSE,160,63,Nublado,1021,3,17,nublado
5682,1090,False,7,BR,Brasil,MG,Lagoa da Prata,SE,False,-20.022,-45.544,False,False,cities,5682,Lagoa da Prata,09/09/2026,Quarta-feira,10:24:00,18,9,ENE,75,71,Sol com muitas nuvens,1021,2r,18,sol-com-muitas-nuvens
3295,3832,False,7,BR,Brasil,MG,Lagoa dos Patos,SE,False,-16.983,-44.582,False,False,cities,3295,Lagoa dos Patos,09/09/2026,Quarta-feira,10:24:00,21,13,E,90,62,Nublado,1021,3,19,nublado
3169,3118,False,7,BR,Brasil,MG,Lajinha,SE,False,-20.151,-41.623,False,True,cities,3169,Lajinha,09/09/2026,Quarta-feira,10:24:00,19,2,E,82,71,Sol com muitas nuvens,1022,2r,20,sol-com-muitas-nuvens
5683,1091,False,7,BR,Brasil,MG,Lambari,SE,False,-21.976,-45.35,False,False,cities,5683,Lambari,09/09/2026,Quarta-feira,10:24:00,16,6,E,79,64,Sol com muitas nuvens,1020,2r,14,sol-com-muitas-nuvens
8807,3833,False,7,BR,Brasil,MG,Lamim,SE,False,-20.79,-43.474,False,False,cities,8807,Lamim,09/09/2026,Quarta-feira,10:24:00,17,8,ENE,76,69,Chuvoso,1022,5,16,chuvoso
8808,3834,False,7,BR,Brasil,MG,Laranjal,SE,False,-21.374,-42.477,False,False,cities,8808,Laranjal,09/09/2026,Quarta-feira,10:24:00,20,2,ENE,74,83,Nublado,1020,3,22,nublado
8809,3835,False,7,BR,Brasil,MG,Lassance,SE,False,-17.887,-44.578,False,False,cities,8809,Lassance,09/09/2026,Quarta-feira,10:24:00,21,6,E,90,67,Sol com muitas nuvens,1021,2r,21,sol-com-muitas-nuvens
8810,154,False,7,BR,Brasil,MG,Lavras,SE,False,-21.245,-45.0,False,False,cities,8810,Lavras,09/09/2026,Quarta-feira,10:24:00,17,11,ENE,77,66,Sol com muitas nuvens,1021,2r,15,sol-com-muitas-nuvens
8811,3121,False,7,BR,Brasil,MG,Lavras Novas,SE,False,-20.483,-43.517,False,False,cities,8811,Lavras Novas,09/09/2026,Quarta-feira,11:09:00,14,9,ENE,77,58,Chuvoso,1021,5,11,chuvoso
8812,3836,False,7,BR,Brasil,MG,Leandro Ferreira,SE,False,-19.718,-45.025,False,False,cities,8812,Leandro Ferreira,09/09/2026,Quarta-feira,10:24:00,18,8,ENE,75,71,Sol com muitas nuvens,1021,2r,17,sol-com-muitas-nuvens
8813,3837,False,7,BR,Brasil,MG,Leme do Prado,SE,False,-17.083,-42.692,False,False,cities,8813,Leme do Prado,09/09/2026,Quarta-feira,11:09:00,20,6,ESE,103,68,Sol com algumas nuvens,1022,2,20,sol-com-algumas-nuvens
8814,2039,False,7,BR,Brasil,MG,Leopoldina,SE,False,-21.532,-42.643,False,False,cities,8814,Leopoldina,09/09/2026,Quarta-feira,11:09:00,20,2,ENE,74,84,Nublado,1021,3,23,nublado
3254,3521,False,7,BR,Brasil,MG,Liberdade,SE,False,-22.029,-44.32,False,True,cities,3254,Liberdade,09/09/2026,Quarta-feira,10:24:00,14,9,ENE,76,59,Sol com muitas nuvens,1021,2r,12,sol-com-muitas-nuvens
8815,3838,False,7,BR,Brasil,MG,Lima Duarte,SE,False,-21.842,-43.793,False,False,cities,8815,Lima Duarte,09/09/2026,Quarta-feira,10:24:00,16,8,ENE,74,69,Chuvoso,1021,5,15,chuvoso
8816,3839,False,7,BR,Brasil,MG,Limeira do Oeste,SE,False,-19.551,-50.581,False,False,cities,8816,Limeira do Oeste,09/09/2026,Quarta-feira,11:09:00,21,5,ENE,78,78,Nublado,1016,3,23,nublado
8817,3840,False,7,BR,Brasil,MG,Lontra,SE,False,-15.903,-44.305,False,False,cities,8817,Lontra,09/09/2026,Quarta-feira,11:09:00,21,9,E,98,59,Nublado,1020,3,20,nublado
8818,3841,False,7,BR,Brasil,MG,Luisburgo,SE,False,-20.44,-42.103,False,False,cities,8818,Luisburgo,09/09/2026,Quarta-feira,10:24:00,16,2,E,79,67,Nublado,1022,3,16,nublado
8819,3842,False,7,BR,Brasil,MG,Luislândia,SE,False,-16.117,-44.589,False,False,cities,8819,Luislândia,09/09/2026,Quarta-feira,10:24:00,21,11,E,95,61,Nublado,1020,3,20,nublado
8820,3843,False,7,BR,Brasil,MG,Luminárias,SE,False,-21.511,-44.903,False,False,cities,8820,Luminárias,09/09/2026,Quarta-feira,10:24:00,17,9,ENE,77,67,Sol com algumas nuvens,1021,2,15,sol-com-algumas-nuvens
8821,3371,False,7,BR,Brasil,MG,Luz,SE,False,-19.801,-45.686,False,False,cities,8821,Luz,09/09/2026,Quarta-feira,10:24:00,18,9,ENE,75,72,Nublado,1021,3,18,nublado
8822,3844,False,7,BR,Brasil,MG,Machacalis,SE,False,-17.077,-40.716,False,False,cities,8822,Machacalis,09/09/2026,Quarta-feira,10:24:00,21,7,E,94,87,Sol com muitas nuvens,1022,2r,23,sol-com-muitas-nuvens
8823,155,False,7,BR,Brasil,MG,Machado,SE,False,-21.675,-45.92,False,True,cities,8823,Machado,09/09/2026,Quarta-feira,11:09:00,17,6,E,80,68,Sol com muitas nuvens,1021,2r,16,sol-com-muitas-nuvens
8824,4157,False,7,BR,Brasil,MG,Madre de Deus de Minas,SE,False,-21.482,-44.33,False,True,cities,8824,Madre de Deus de Minas,09/09/2026,Quarta-feira,11:09:00,16,10,ENE,76,67,Chuvoso,1021,5,14,chuvoso
8825,156,False,7,BR,Brasil,MG,Malacacheta,SE,False,-17.842,-42.077,False,False,cities,8825,Malacacheta,09/09/2026,Quarta-feira,11:09:00,19,6,E,99,72,Sol com muitas nuvens,1022,2r,19,sol-com-muitas-nuvens
8826,3845,False,7,BR,Brasil,MG,Mamonas,SE,False,-15.05,-42.949,False,False,cities,8826,Mamonas,09/09/2026,Quarta-feira,10:24:00,23,15,E,100,58,Sol,1019,1,22,sol
8827,157,False,7,BR,Brasil,MG,Manga,SE,False,-14.76,-43.94,False,False,cities,8827,Manga,09/09/2026,Quarta-feira,10:24:00,24,11,E,100,60,Sol,1019,1,24,sol
8828,158,False,7,BR,Brasil,MG,Manhuaçu,SE,False,-20.258,-42.034,False,True,cities,8828,Manhuaçu,09/09/2026,Quarta-feira,11:09:00,17,2,E,80,68,Nublado,1022,3,17,nublado
8829,3846,False,7,BR,Brasil,MG,Manhumirim,SE,False,-20.358,-41.958,False,False,cities,8829,Manhumirim,09/09/2026,Quarta-feira,10:24:00,20,2,E,79,74,Nublado,1022,3,21,nublado
8830,159,False,7,BR,Brasil,MG,Mantena,SE,False,-18.782,-40.98,False,False,cities,8830,Mantena,09/09/2026,Quarta-feira,10:24:00,20,3,E,87,79,Sol com muitas nuvens,1021,2r,22,sol-com-muitas-nuvens
8832,3847,False,7,BR,Brasil,MG,Mar de Espanha,SE,False,-21.867,-43.01,False,False,cities,8832,Mar de Espanha,09/09/2026,Quarta-feira,11:09:00,17,2,ENE,72,67,Nublado,1021,3,17,nublado
8831,3848,False,7,BR,Brasil,MG,Maravilhas,SE,False,-19.516,-44.676,False,False,cities,8831,Maravilhas,09/09/2026,Quarta-feira,10:24:00,18,8,ENE,77,63,Nublado,1022,3,17,nublado
8833,3849,False,7,BR,Brasil,MG,Maria da Fé,SE,False,-22.308,-45.375,False,False,cities,8833,Maria da Fé,09/09/2026,Quarta-feira,10:24:00,14,6,E,80,55,Sol com muitas nuvens,1020,2r,12,sol-com-muitas-nuvens
8834,160,False,7,BR,Brasil,MG,Mariana,SE,False,-20.378,-43.416,False,False,cities,8834,Mariana,09/09/2026,Quarta-feira,11:09:00,16,9,ENE,78,65,Chuvoso,1022,5,14,chuvoso
6287,6905,False,7,BR,Brasil,MG,Maringá,SE,False,-22.167,-44.4,False,False,cities,6287,Maringá,09/09/2026,Quarta-feira,11:09:00,13,8,ENE,76,54,Sol com muitas nuvens,1021,2r,10,sol-com-muitas-nuvens
8837,3851,False,7,BR,Brasil,MG,Maripá de Minas,SE,False,-21.698,-42.959,False,False,cities,8837,Maripá de Minas,09/09/2026,Quarta-feira,11:09:00,18,2,ENE,73,69,Nublado,1021,3,18,nublado
8838,3852,False,7,BR,Brasil,MG,Marliéria,SE,False,-19.712,-42.732,False,False,cities,8838,Marliéria,09/09/2026,Quarta-feira,11:09:00,19,4,E,83,74,Nublado,1023,3,19,nublado
6540,741,False,7,BR,Brasil,MG,Marmelópolis,SE,False,-22.449,-45.165,False,False,cities,6540,Marmelópolis,09/09/2026,Quarta-feira,11:09:00,12,7,E,79,48,Nublado,1019,3,9,nublado
8839,3853,False,7,BR,Brasil,MG,Martinho Campos,SE,False,-19.332,-45.237,False,False,cities,8839,Martinho Campos,09/09/2026,Quarta-feira,10:24:00,19,7,ENE,75,72,Sol com muitas nuvens,1022,2r,19,sol-com-muitas-nuvens
8840,4158,False,7,BR,Brasil,MG,Martins Soares,SE,False,-20.257,-41.877,False,False,cities,8840,Martins Soares,09/09/2026,Quarta-feira,10:24:00,19,2,E,81,69,Nublado,1022,3,20,nublado
8841,3854,False,7,BR,Brasil,MG,Mata Verde,SE,False,-15.686,-40.741,False,False,cities,8841,Mata Verde,09/09/2026,Quarta-feira,11:09:00,18,6,E,90,69,Sol com muitas nuvens,1022,2r,18,sol-com-muitas-nuvens
8842,3855,False,7,BR,Brasil,MG,Materlândia,SE,False,-18.474,-43.06,False,False,cities,8842,Materlândia,09/09/2026,Quarta-feira,11:09:00,18,6,E,90,66,Sol com muitas nuvens,1023,2r,17,sol-com-muitas-nuvens
8843,3856,False,7,BR,Brasil,MG,Mateus Leme,SE,False,-19.986,-44.428,False,False,cities,8843,Mateus Leme,09/09/2026,Quarta-feira,10:24:00,17,12,ENE,76,64,Chuvoso,1021,5,15,chuvoso
8844,4808,False,7,BR,Brasil,MG,Mathias Lobato,SE,False,-18.58,-41.92,False,False,cities,8844,Mathias Lobato,09/09/2026,Quarta-feira,11:09:00,21,4,E,90,80,Sol com muitas nuvens,1022,2r,23,sol-com-muitas-nuvens
8845,4794,False,7,BR,Brasil,MG,Matias Barbosa,SE,False,-21.869,-43.319,False,False,cities,8845,Matias Barbosa,09/09/2026,Quarta-feira,10:24:00,18,4,ENE,73,74,Sol com muitas nuvens,1021,2r,18,sol-com-muitas-nuvens
8846,3857,False,7,BR,Brasil,MG,Matias Cardoso,SE,False,-14.855,-43.922,False,False,cities,8846,Matias Cardoso,09/09/2026,Quarta-feira,10:24:00,23,10,E,100,60,Sol,1019,1,23,sol
8847,3858,False,7,BR,Brasil,MG,Matipó,SE,False,-20.284,-42.341,False,False,cities,8847,Matipó,09/09/2026,Quarta-feira,10:24:00,18,2,E,80,70,Nublado,1022,3,19,nublado
8848,3859,False,7,BR,Brasil,MG,Mato Verde,SE,False,-15.397,-42.866,False,True,cities,8848,Mato Verde,09/09/2026,Quarta-feira,10:24:00,22,11,E,99,57,Sol,1020,1,21,sol
8849,1779,False,7,BR,Brasil,MG,Matozinhos,SE,False,-19.558,-44.081,False,False,cities,8849,Matozinhos,09/09/2026,Quarta-feira,10:24:00,19,9,E,81,63,Nublado,1021,3,18,nublado
8850,3860,False,7,BR,Brasil,MG,Matutina,SE,False,-19.222,-45.969,False,False,cities,8850,Matutina,09/09/2026,Quarta-feira,10:24:00,17,8,ENE,73,67,Nublado,1021,3,15,nublado
8851,3861,False,7,BR,Brasil,MG,Medeiros,SE,False,-19.996,-46.226,False,True,cities,8851,Medeiros,09/09/2026,Quarta-feira,11:09:00,17,8,ENE,75,68,Sol com muitas nuvens,1021,2r,16,sol-com-muitas-nuvens
8852,161,False,7,BR,Brasil,MG,Medina,SE,False,-16.222,-41.477,False,False,cities,8852,Medina,09/09/2026,Quarta-feira,10:24:00,20,5,E,97,73,Sol com algumas nuvens,1022,2,21,sol-com-algumas-nuvens
8853,3862,False,7,BR,Brasil,MG,Mendes Pimentel,SE,False,-18.661,-41.405,False,False,cities,8853,Mendes Pimentel,09/09/2026,Quarta-feira,10:24:00,20,4,E,90,73,Sol com muitas nuvens,1022,2r,21,sol-com-muitas-nuvens
8854,3863,False,7,BR,Brasil,MG,Mercês,SE,False,-21.194,-43.341,False,False,cities,8854,Mercês,09/09/2026,Quarta-feira,10:24:00,19,5,ENE,74,75,Chuvoso,1021,5,19,chuvoso
4071,5028,False,7,BR,Brasil,MG,Mercês de Água Limpa,SE,False,-21.041,-44.603,False,False,cities,4071,Mercês de Água Limpa,09/09/2026,Quarta-feira,11:09:00,16,14,ENE,76,66,Chuvoso,1021,5,13,chuvoso
8855,3864,False,7,BR,Brasil,MG,Mesquita,SE,False,-19.222,-42.607,False,False,cities,8855,Mesquita,09/09/2026,Quarta-feira,11:09:00,20,3,E,90,77,Sol com muitas nuvens,1022,2r,21,sol-com-muitas-nuvens
8856,6215,False,7,BR,Brasil,MG,Milagre,SE,False,-21.306,-47.013,False,False,cities,8856,Milagre,09/09/2026,Quarta-feira,10:24:00,18,9,E,80,65,Sol com muitas nuvens,1019,2r,17,sol-com-muitas-nuvens
6231,6812,False,7,BR,Brasil,MG,Milho Verde,SE,False,-18.469,-43.499,False,False,cities,6231,Milho Verde,09/09/2026,Quarta-feira,10:24:00,16,7,E,90,61,Sol com muitas nuvens,1023,2r,15,sol-com-muitas-nuvens
8857,162,False,7,BR,Brasil,MG,Minas Novas,SE,False,-17.219,-42.59,False,False,cities,8857,Minas Novas,09/09/2026,Quarta-feira,10:24:00,20,7,ESE,102,68,Sol,1022,1,20,sol
8858,3865,False,7,BR,Brasil,MG,Minduri,SE,False,-21.682,-44.604,False,False,cities,8858,Minduri,09/09/2026,Quarta-feira,11:09:00,15,10,ENE,76,60,Sol com algumas nuvens,1022,2,12,sol-com-algumas-nuvens
8859,3866,False,7,BR,Brasil,MG,Mirabela,SE,False,-16.263,-44.164,False,False,cities,8859,Mirabela,09/09/2026,Quarta-feira,11:09:00,20,8,E,100,59,Nublado,1021,3,19,nublado
8860,3867,False,7,BR,Brasil,MG,Miradouro,SE,False,-20.891,-42.343,False,False,cities,8860,Miradouro,09/09/2026,Quarta-feira,10:24:00,18,2,ENE,77,73,Nublado,1021,3,19,nublado
8862,3868,False,7,BR,Brasil,MG,Miravânia,SE,False,-14.741,-44.404,False,False,cities,8862,Miravânia,09/09/2026,Quarta-feira,10:24:00,22,13,E,95,57,Sol,1020,1,20,sol
8861,3869,False,7,BR,Brasil,MG,Miraí,SE,False,-21.195,-42.614,False,False,cities,8861,Miraí,09/09/2026,Quarta-feira,11:09:00,19,2,ENE,75,77,Chuvoso,1020,5,20,chuvoso
8863,3870,False,7,BR,Brasil,MG,Moeda,SE,False,-20.333,-44.053,False,False,cities,8863,Moeda,09/09/2026,Quarta-feira,10:24:00,17,13,ENE,77,67,Chuvoso,1021,5,14,chuvoso
8864,3871,False,7,BR,Brasil,MG,Moema,SE,False,-19.843,-45.411,False,False,cities,8864,Moema,09/09/2026,Quarta-feira,11:09:00,18,9,ENE,75,70,Nublado,1021,3,17,nublado
8865,3872,False,7,BR,Brasil,MG,Monjolos,SE,False,-18.325,-44.119,False,False,cities,8865,Monjolos,09/09/2026,Quarta-feira,11:09:00,20,8,E,90,68,Sol com algumas nuvens,1021,2,20,sol-com-algumas-nuvens
8866,3873,False,7,BR,Brasil,MG,Monsenhor Paulo,SE,False,-21.758,-45.541,False,False,cities,8866,Monsenhor Paulo,09/09/2026,Quarta-feira,10:24:00,16,4,E,80,68,Sol com muitas nuvens,1020,2r,16,sol-com-muitas-nuvens
8867,3874,False,7,BR,Brasil,MG,Montalvânia,SE,False,-14.423,-44.366,False,False,cities,8867,Montalvânia,09/09/2026,Quarta-feira,10:24:00,24,14,E,95,57,Sol com algumas nuvens,1019,2,23,sol-com-algumas-nuvens
2175,2608,False,7,BR,Brasil,MG,Monte Alegre de Minas,SE,False,-18.871,-48.881,False,True,cities,2175,Monte Alegre de Minas,09/09/2026,Quarta-feira,11:09:00,20,6,ENE,69,62,Nublado,1018,3,20,nublado
8868,163,False,7,BR,Brasil,MG,Monte Azul,SE,False,-15.155,-42.875,False,False,cities,8868,Monte Azul,09/09/2026,Quarta-feira,10:24:00,21,13,E,100,53,Sol,1019,1,19,sol
5684,1092,False,7,BR,Brasil,MG,Monte Carmelo,SE,False,-18.725,-47.499,False,True,cities,5684,Monte Carmelo,09/09/2026,Quarta-feira,11:09:00,19,9,ENE,71,64,Nublado,1020,3,17,nublado
8869,3876,False,7,BR,Brasil,MG,Monte Formoso,SE,False,-16.866,-41.255,False,False,cities,8869,Monte Formoso,09/09/2026,Quarta-feira,11:09:00,19,6,E,97,76,Sol com algumas nuvens,1022,2,19,sol-com-algumas-nuvens
8870,2040,False,7,BR,Brasil,MG,Monte Santo de Minas,SE,False,-21.19,-46.98,False,True,cities,8870,Monte Santo de Minas,09/09/2026,Quarta-feira,10:24:00,18,8,E,80,67,Sol com muitas nuvens,1019,2r,17,sol-com-muitas-nuvens
4248,2587,False,7,BR,Brasil,MG,Monte Sião,SE,False,-22.433,-46.573,False,False,cities,4248,Monte Sião,09/09/2026,Quarta-feira,11:09:00,17,3,E,84,67,Nublado,1020,3,17,nublado
4098,2586,False,7,BR,Brasil,MG,Monte Verde,SE,False,-22.864,-46.035,True,False,cities,4098,Monte Verde,09/09/2026,Quarta-feira,11:09:00,14,4,W,271,50,Nublado,1020,3,12,nublado
8871,164,False,7,BR,Brasil,MG,Montes Claros,SE,False,-16.735,-43.862,True,False,cities,8871,Montes Claros,09/09/2026,Quarta-feira,10:24:00,19,6,N,357,61,Sol com muitas nuvens,1020,2r,19,sol-com-muitas-nuvens
8872,3877,False,7,BR,Brasil,MG,Montezuma,SE,False,-15.172,-42.497,False,False,cities,8872,Montezuma,09/09/2026,Quarta-feira,10:24:00,18,12,E,99,55,Sol com muitas nuvens,1021,2r,16,sol-com-muitas-nuvens
8873,3878,False,7,BR,Brasil,MG,Morada Nova de Minas,SE,False,-18.604,-45.357,False,False,cities,8873,Morada Nova de Minas,09/09/2026,Quarta-feira,11:09:00,20,6,ENE,77,69,Sol com muitas nuvens,1020,2r,20,sol-com-muitas-nuvens
8874,3879,False,7,BR,Brasil,MG,Morro da Garça,SE,False,-18.547,-44.602,False,False,cities,8874,Morro da Garça,09/09/2026,Quarta-feira,10:24:00,20,6,E,84,66,Sol com algumas nuvens,1021,2,20,sol-com-algumas-nuvens
8875,3880,False,7,BR,Brasil,MG,Morro do Pilar,SE,False,-19.216,-43.376,False,False,cities,8875,Morro do Pilar,09/09/2026,Quarta-feira,11:09:00,19,7,E,90,69,Sol com muitas nuvens,1023,2r,19,sol-com-muitas-nuvens
8876,3881,False,7,BR,Brasil,MG,Munhoz,SE,False,-22.613,-46.361,False,False,cities,8876,Munhoz,09/09/2026,Quarta-feira,10:24:00,14,3,E,90,54,Nublado,1020,3,12,nublado
8877,165,False,7,BR,Brasil,MG,Muriaé,SE,False,-21.131,-42.366,False,False,cities,8877,Muriaé,09/09/2026,Quarta-feira,10:24:00,20,2,WSW,243,84,Nublado,1020,3,22,nublado
8878,166,False,7,BR,Brasil,MG,Mutum,SE,False,-19.8,-41.438,False,False,cities,8878,Mutum,09/09/2026,Quarta-feira,10:24:00,21,2,E,90,79,Sol com muitas nuvens,1022,2r,23,sol-com-muitas-nuvens
8836,3882,False,7,BR,Brasil,MG,Mário Campos,SE,False,-20.056,-44.188,False,False,cities,8836,Mário Campos,09/09/2026,Quarta-feira,11:09:00,18,13,ENE,77,66,Nublado,1021,3,16,nublado
8880,3883,False,7,BR,Brasil,MG,Nacip Raydan,SE,False,-18.459,-42.249,False,False,cities,8880,Nacip Raydan,09/09/2026,Quarta-feira,10:24:00,19,4,E,95,73,Sol com muitas nuvens,1022,2r,20,sol-com-muitas-nuvens
5685,1093,False,7,BR,Brasil,MG,Nanuque,SE,False,-17.839,-40.354,False,False,cities,5685,Nanuque,09/09/2026,Quarta-feira,10:24:00,21,8,E,93,91,Sol com muitas nuvens,1021,2r,24,sol-com-muitas-nuvens
8881,3884,False,7,BR,Brasil,MG,Naque,SE,False,-19.23,-42.328,False,False,cities,8881,Naque,09/09/2026,Quarta-feira,11:09:00,21,3,E,90,82,Sol com muitas nuvens,1022,2r,23,sol-com-muitas-nuvens
4686,5881,False,7,BR,Brasil,MG,Natalândia,SE,False,-16.504,-46.493,False,False,cities,4686,Natalândia,09/09/2026,Quarta-feira,10:24:00,21,18,ENE,75,61,Nublado,1020,3,18,nublado
8882,3885,False,7,BR,Brasil,MG,Natércia,SE,False,-22.12,-45.512,False,False,cities,8882,Natércia,09/09/2026,Quarta-feira,11:09:00,15,6,E,80,62,Sol com muitas nuvens,1020,2r,13,sol-com-muitas-nuvens
8883,3886,False,7,BR,Brasil,MG,Nazareno,SE,False,-21.216,-44.611,False,False,cities,8883,Nazareno,09/09/2026,Quarta-feira,10:24:00,16,12,ENE,76,67,Sol e Chuva,1021,4,14,sol-e-chuva
6195,6770,False,7,BR,Brasil,MG,Neolândia,SE,False,-20.34,-45.152,False,False,cities,6195,Neolândia,09/09/2026,Quarta-feira,11:09:00,17,12,ENE,77,67,Chuvoso,1020,5,15,chuvoso
8884,1619,False,7,BR,Brasil,MG,Nepomuceno,SE,False,-21.236,-45.236,False,True,cities,8884,Nepomuceno,09/09/2026,Quarta-feira,10:24:00,17,10,ENE,78,67,Sol,1020,1,16,sol
8885,3887,False,7,BR,Brasil,MG,Ninheira,SE,False,-15.321,-41.754,False,False,cities,8885,Ninheira,09/09/2026,Quarta-feira,10:24:00,20,9,E,97,67,Sol com muitas nuvens,1022,2r,19,sol-com-muitas-nuvens
8886,3888,False,7,BR,Brasil,MG,Nova Belém,SE,False,-18.475,-41.017,False,False,cities,8886,Nova Belém,09/09/2026,Quarta-feira,10:24:00,19,5,E,90,74,Sol com muitas nuvens,1022,2r,20,sol-com-muitas-nuvens
8887,3889,False,7,BR,Brasil,MG,Nova Era,SE,False,-19.75,-43.038,False,False,cities,8887,Nova Era,09/09/2026,Quarta-feira,11:09:00,18,6,E,83,71,Nublado,1023,3,18,nublado
8889,3890,False,7,BR,Brasil,MG,Nova Módica,SE,False,-18.437,-41.501,False,True,cities,8889,Nova Módica,09/09/2026,Quarta-feira,10:24:00,21,5,E,95,74,Sol com muitas nuvens,1022,2r,21,sol-com-muitas-nuvens
8890,2789,False,7,BR,Brasil,MG,Nova Ponte,SE,False,-19.152,-47.675,False,True,cities,8890,Nova Ponte,09/09/2026,Quarta-feira,10:24:00,19,10,ENE,72,68,Nublado,1020,3,18,nublado
8891,3891,False,7,BR,Brasil,MG,Nova Porteirinha,SE,False,-15.803,-43.301,False,True,cities,8891,Nova Porteirinha,09/09/2026,Quarta-feira,10:24:00,23,7,SSE,162,60,Sol,1019,1,23,sol
3243,3492,False,7,BR,Brasil,MG,Nova Resende,SE,False,-21.126,-46.42,False,False,cities,3243,Nova Resende,09/09/2026,Quarta-feira,10:24:00,16,10,E,79,64,Sol com muitas nuvens,1020,2r,14,sol-com-muitas-nuvens
8892,3892,False,7,BR,Brasil,MG,Nova Serrana,SE,False,-19.876,-44.984,False,False,cities,8892,Nova Serrana,09/09/2026,Quarta-feira,11:09:00,17,9,ENE,75,68,Nublado,1021,3,16,nublado
8893,3893,False,7,BR,Brasil,MG,Nova União,SE,False,-19.69,-43.58,False,False,cities,8893,Nova União,09/09/2026,Quarta-feira,11:09:00,18,9,E,82,62,Nublado,1022,3,16,nublado
8894,169,False,7,BR,Brasil,MG,Novo Cruzeiro,SE,False,-17.468,-41.875,False,False,cities,8894,Novo Cruzeiro,09/09/2026,Quarta-feira,11:09:00,18,5,E,100,69,Sol com algumas nuvens,1023,2,17,sol-com-algumas-nuvens
8895,3894,False,7,BR,Brasil,MG,Novo Oriente de Minas,SE,False,-17.415,-41.215,False,False,cities,8895,Novo Oriente de Minas,09/09/2026,Quarta-feira,11:09:00,19,7,E,98,78,Sol com algumas nuvens,1022,2,19,sol-com-algumas-nuvens
8896,3895,False,7,BR,Brasil,MG,Novorizonte,SE,False,-16.017,-42.408,False,False,cities,8896,Novorizonte,09/09/2026,Quarta-feira,11:09:00,19,6,E,101,59,Sol com algumas nuvens,1021,2,18,sol-com-algumas-nuvens
8897,3896,False,7,BR,Brasil,MG,Olaria,SE,False,-21.861,-43.937,False,False,cities,8897,Olaria,09/09/2026,Quarta-feira,10:24:00,16,8,ENE,74,68,Chuvoso,1021,5,14,chuvoso
4911,3897,False,7,BR,Brasil,MG,Olhos-d'Água,SE,False,-17.397,-43.573,False,False,cities,4911,Olhos-d'Água,09/09/2026,Quarta-feira,11:09:00,20,9,E,101,66,Sol com muitas nuvens,1022,2r,19,sol-com-muitas-nuvens
5221,2177,False,7,BR,Brasil,MG,Oliveira,SE,False,-20.696,-44.827,False,False,cities,5221,Oliveira,09/09/2026,Quarta-feira,11:09:00,16,17,NE,52,65,Chuvoso,1021,5,13,chuvoso
3296,3898,False,7,BR,Brasil,MG,Oliveira Fortes,SE,False,-21.339,-43.456,False,False,cities,3296,Oliveira Fortes,09/09/2026,Quarta-feira,11:09:00,17,6,ENE,74,68,Chuvoso,1021,5,17,chuvoso
3297,3899,False,7,BR,Brasil,MG,Olímpio Noronha,SE,False,-22.068,-45.264,False,False,cities,3297,Olímpio Noronha,09/09/2026,Quarta-feira,10:24:00,14,6,E,79,58,Sol com muitas nuvens,1020,2r,12,sol-com-muitas-nuvens
3298,3900,False,7,BR,Brasil,MG,Onça de Pitangui,SE,False,-19.73,-44.807,False,False,cities,3298,Onça de Pitangui,09/09/2026,Quarta-feira,11:09:00,18,9,ENE,76,71,Sol com muitas nuvens,1022,2r,17,sol-com-muitas-nuvens
3299,3901,False,7,BR,Brasil,MG,Oratórios,SE,False,-20.431,-42.806,False,False,cities,3299,Oratórios,09/09/2026,Quarta-feira,10:24:00,18,5,E,79,75,Chuvoso,1022,5,19,chuvoso
3300,3902,False,7,BR,Brasil,MG,Orizânia,SE,False,-20.506,-42.21,False,False,cities,3300,Orizânia,09/09/2026,Quarta-feira,10:24:00,16,2,E,79,64,Nublado,1021,3,15,nublado
3301,3903,False,7,BR,Brasil,MG,Ouro Branco,SE,False,-20.521,-43.692,False,False,cities,3301,Ouro Branco,09/09/2026,Quarta-feira,10:24:00,15,10,NE,38,60,Chuvoso,1021,5,12,chuvoso
5686,1094,False,7,BR,Brasil,MG,Ouro Fino,SE,False,-22.283,-46.369,False,False,cities,5686,Ouro Fino,09/09/2026,Quarta-feira,10:24:00,17,3,E,83,68,Nublado,1021,3,17,nublado
6901,170,False,7,BR,Brasil,MG,Ouro Preto,SE,False,-20.288,-43.508,True,False,cities,6901,Ouro Preto,09/09/2026,Quarta-feira,11:09:00,17,9,ENE,79,66,Nublado,1022,3,15,nublado
3302,3904,False,7,BR,Brasil,MG,Ouro Verde de Minas,SE,False,-18.071,-41.27,False,False,cities,3302,Ouro Verde de Minas,09/09/2026,Quarta-feira,10:24:00,20,6,E,96,76,Sol com muitas nuvens,1022,2r,20,sol-com-muitas-nuvens
3303,3905,False,7,BR,Brasil,MG,Padre Carvalho,SE,False,-16.364,-42.515,False,False,cities,3303,Padre Carvalho,09/09/2026,Quarta-feira,10:24:00,19,5,ESE,102,61,Sol com algumas nuvens,1022,2,18,sol-com-algumas-nuvens
3304,3906,False,7,BR,Brasil,MG,Padre Paraíso,SE,False,-17.074,-41.484,False,False,cities,3304,Padre Paraíso,09/09/2026,Quarta-feira,11:09:00,19,6,E,98,77,Sol,1023,1,19,sol
3305,3907,False,7,BR,Brasil,MG,Pai Pedro,SE,False,-15.517,-43.065,False,False,cities,3305,Pai Pedro,09/09/2026,Quarta-feira,11:09:00,24,9,E,100,58,Sol,1020,1,24,sol
3306,3908,False,7,BR,Brasil,MG,Paineiras,SE,False,-18.908,-45.532,False,False,cities,3306,Paineiras,09/09/2026,Quarta-feira,11:09:00,19,7,ENE,75,74,Sol com muitas nuvens,1021,2r,19,sol-com-muitas-nuvens
3307,3909,False,7,BR,Brasil,MG,Pains,SE,False,-20.371,-45.661,False,False,cities,3307,Pains,09/09/2026,Quarta-feira,10:24:00,18,11,ENE,77,69,Sol com muitas nuvens,1020,2r,16,sol-com-muitas-nuvens
3308,3910,False,7,BR,Brasil,MG,Paiva,SE,False,-21.289,-43.416,False,False,cities,3308,Paiva,09/09/2026,Quarta-feira,11:09:00,17,6,ENE,74,70,Chuvoso,1021,5,17,chuvoso
3309,3911,False,7,BR,Brasil,MG,Palma,SE,False,-21.375,-42.314,False,False,cities,3309,Palma,09/09/2026,Quarta-feira,10:24:00,20,2,ENE,75,85,Nublado,1020,3,22,nublado
3310,3912,False,7,BR,Brasil,MG,Palmópolis,SE,False,-16.735,-40.42,False,False,cities,3310,Palmópolis,09/09/2026,Quarta-feira,11:09:00,19,5,E,90,77,Sol com algumas nuvens,1022,2,20,sol-com-algumas-nuvens
3125,2691,False,7,BR,Brasil,MG,Papagaios,SE,False,-19.449,-44.748,False,False,cities,3125,Papagaios,09/09/2026,Quarta-feira,11:09:00,18,8,ENE,77,63,Sol com muitas nuvens,1022,2r,17,sol-com-muitas-nuvens
6902,171,False,7,BR,Brasil,MG,Paracatu,SE,False,-17.222,-46.875,False,True,cities,6902,Paracatu,09/09/2026,Quarta-feira,10:24:00,21,13,ENE,73,65,Nublado,1018,3,20,nublado
6541,743,False,7,BR,Brasil,MG,Paraguaçu,SE,False,-21.547,-45.738,False,True,cities,6541,Paraguaçu,09/09/2026,Quarta-feira,11:09:00,18,6,E,79,71,Sol com muitas nuvens,1020,2r,17,sol-com-muitas-nuvens
3179,3322,False,7,BR,Brasil,MG,Paraisópolis,SE,False,-22.554,-45.78,False,False,cities,3179,Paraisópolis,09/09/2026,Quarta-feira,11:09:00,18,4,E,82,68,Nublado,1020,3,17,nublado
3311,3913,False,7,BR,Brasil,MG,Paraopeba,SE,False,-19.274,-44.404,False,False,cities,3311,Paraopeba,09/09/2026,Quarta-feira,10:24:00,19,7,E,80,60,Sol com muitas nuvens,1021,2r,17,sol-com-muitas-nuvens
6903,172,False,7,BR,Brasil,MG,Pará de Minas,SE,False,-19.86,-44.608,False,False,cities,6903,Pará de Minas,09/09/2026,Quarta-feira,11:09:00,17,10,ENE,76,63,Nublado,1021,3,15,nublado
5687,1095,False,7,BR,Brasil,MG,Passa Quatro,SE,False,-22.39,-44.967,False,False,cities,5687,Passa Quatro,09/09/2026,Quarta-feira,10:24:00,16,8,NNE,12,59,Sol com muitas nuvens,1019,2r,14,sol-com-muitas-nuvens
3312,3914,False,7,BR,Brasil,MG,Passa Tempo,SE,False,-20.651,-44.496,False,False,cities,3312,Passa Tempo,09/09/2026,Quarta-feira,11:09:00,16,14,ENE,76,66,Chuvoso,1022,5,14,chuvoso
3313,3915,False,7,BR,Brasil,MG,Passa Vinte,SE,False,-22.209,-44.234,False,False,cities,3313,Passa Vinte,09/09/2026,Quarta-feira,11:09:00,17,8,ENE,75,72,Chuvoso,1021,5,16,chuvoso
3314,3916,False,7,BR,Brasil,MG,Passabém,SE,False,-19.353,-43.136,False,False,cities,3314,Passabém,09/09/2026,Quarta-feira,10:24:00,18,5,E,90,70,Nublado,1023,3,18,nublado
5688,1096,False,7,BR,Brasil,MG,Passos,SE,False,-20.719,-46.61,False,False,cities,5688,Passos,09/09/2026,Quarta-feira,10:24:00,18,9,ENE,78,71,Sol com muitas nuvens,1019,2r,17,sol-com-muitas-nuvens
3315,3917,False,7,BR,Brasil,MG,Patis,SE,False,-16.076,-44.082,False,False,cities,3315,Patis,09/09/2026,Quarta-feira,10:24:00,20,7,ESE,101,62,Sol com muitas nuvens,1021,2r,20,sol-com-muitas-nuvens
6904,173,False,7,BR,Brasil,MG,Patos de Minas,SE,False,-18.579,-46.518,False,True,cities,6904,Patos de Minas,09/09/2026,Quarta-feira,11:09:00,20,8,ENE,72,65,Sol com muitas nuvens,1020,2r,19,sol-com-muitas-nuvens
5689,1097,False,7,BR,Brasil,MG,Patrocínio,SE,False,-18.944,-46.992,False,True,cities,5689,Patrocínio,09/09/2026,Quarta-feira,11:09:00,19,9,E,86,63,Nublado,1020,3,17,nublado
3316,3918,False,7,BR,Brasil,MG,Patrocínio do Muriaé,SE,False,-21.152,-42.215,False,False,cities,3316,Patrocínio do Muriaé,09/09/2026,Quarta-feira,10:24:00,19,2,ENE,76,82,Nublado,1021,3,21,nublado
3317,3919,False,7,BR,Brasil,MG,Paula Cândido,SE,False,-20.874,-42.98,False,False,cities,3317,Paula Cândido,09/09/2026,Quarta-feira,11:09:00,18,4,ENE,76,71,Chuvoso,1021,5,17,chuvoso
3318,3920,False,7,BR,Brasil,MG,Paulistas,SE,False,-18.428,-42.868,False,False,cities,3318,Paulistas,09/09/2026,Quarta-feira,11:09:00,19,5,E,97,74,Sol com algumas nuvens,1023,2,19,sol-com-algumas-nuvens
3319,3921,False,7,BR,Brasil,MG,Pavão,SE,False,-17.428,-40.999,False,False,cities,3319,Pavão,09/09/2026,Quarta-feira,10:24:00,21,6,E,97,87,Sol com algumas nuvens,1022,2,22,sol-com-algumas-nuvens
6905,174,False,7,BR,Brasil,MG,Pedra Azul,SE,False,-16.005,-41.297,False,False,cities,6905,Pedra Azul,09/09/2026,Quarta-feira,10:24:00,20,6,E,95,75,Sol com muitas nuvens,1022,2r,20,sol-com-muitas-nuvens
3320,3922,False,7,BR,Brasil,MG,Pedra Bonita,SE,False,-20.521,-42.33,False,False,cities,3320,Pedra Bonita,09/09/2026,Quarta-feira,11:09:00,16,2,ENE,78,64,Nublado,1021,3,16,nublado
3321,3923,False,7,BR,Brasil,MG,Pedra Dourada,SE,False,-20.83,-42.154,False,False,cities,3321,Pedra Dourada,09/09/2026,Quarta-feira,11:09:00,16,2,ENE,77,64,Nublado,1021,3,16,nublado
3322,3924,False,7,BR,Brasil,MG,Pedra do Anta,SE,False,-20.597,-42.714,False,False,cities,3322,Pedra do Anta,09/09/2026,Quarta-feira,10:24:00,18,4,ENE,78,70,Nublado,1021,3,18,nublado
3323,3925,False,7,BR,Brasil,MG,Pedra do Indaiá,SE,False,-20.258,-45.209,False,False,cities,3323,Pedra do Indaiá,09/09/2026,Quarta-feira,11:09:00,17,11,ENE,76,66,Chuvoso,1021,5,15,chuvoso
6301,6918,False,7,BR,Brasil,MG,Pedra do Sino,SE,False,-20.904,-43.827,False,False,cities,6301,Pedra do Sino,09/09/2026,Quarta-feira,10:24:00,16,10,ENE,75,66,Chuvoso,1022,5,14,chuvoso
3324,3926,False,7,BR,Brasil,MG,Pedralva,SE,False,-22.243,-45.466,False,False,cities,3324,Pedralva,09/09/2026,Quarta-feira,11:09:00,16,6,E,80,65,Nublado,1020,3,15,nublado
3403,4159,False,7,BR,Brasil,MG,Pedras de Maria da Cruz,SE,False,-15.607,-44.391,False,False,cities,3403,Pedras de Maria da Cruz,09/09/2026,Quarta-feira,11:09:00,24,10,E,97,64,Sol com muitas nuvens,1019,2r,24,sol-com-muitas-nuvens
3155,2790,False,7,BR,Brasil,MG,Pedrinópolis,SE,False,-19.228,-47.462,False,False,cities,3155,Pedrinópolis,09/09/2026,Quarta-feira,11:09:00,19,10,ENE,72,67,Nublado,1020,3,17,nublado
5332,1780,False,7,BR,Brasil,MG,Pedro Leopoldo,SE,False,-19.618,-44.043,False,False,cities,5332,Pedro Leopoldo,09/09/2026,Quarta-feira,11:09:00,18,10,E,80,62,Nublado,1021,3,17,nublado
3325,3927,False,7,BR,Brasil,MG,Pedro Teixeira,SE,False,-21.706,-43.746,False,True,cities,3325,Pedro Teixeira,09/09/2026,Quarta-feira,11:09:00,17,7,ENE,74,71,Chuvoso,1021,5,16,chuvoso
3327,3929,False,7,BR,Brasil,MG,Pequi,SE,False,-19.633,-44.659,False,False,cities,3327,Pequi,09/09/2026,Quarta-feira,11:09:00,17,8,ENE,76,63,Sol com muitas nuvens,1022,2r,16,sol-com-muitas-nuvens
3328,3930,False,7,BR,Brasil,MG,Perdigão,SE,False,-19.953,-45.084,False,False,cities,3328,Perdigão,09/09/2026,Quarta-feira,11:09:00,17,10,ENE,76,65,Chuvoso,1021,5,15,chuvoso
3156,2791,False,7,BR,Brasil,MG,Perdizes,SE,False,-19.353,-47.293,False,True,cities,3156,Perdizes,09/09/2026,Quarta-feira,10:24:00,18,9,ENE,72,67,Nublado,1020,3,17,nublado
3329,3931,False,7,BR,Brasil,MG,Perdões,SE,False,-21.091,-45.091,False,False,cities,3329,Perdões,09/09/2026,Quarta-feira,10:24:00,17,12,ENE,77,67,Sol e Chuva,1021,4,15,sol-e-chuva
3330,3932,False,7,BR,Brasil,MG,Periquito,SE,False,-19.16,-42.24,False,False,cities,3330,Periquito,09/09/2026,Quarta-feira,11:09:00,21,3,E,90,82,Sol com algumas nuvens,1022,2,23,sol-com-algumas-nuvens
3331,3933,False,7,BR,Brasil,MG,Pescador,SE,False,-18.357,-41.598,False,False,cities,3331,Pescador,09/09/2026,Quarta-feira,10:24:00,21,5,E,95,75,Sol com muitas nuvens,1022,2r,22,sol-com-muitas-nuvens
3332,3934,False,7,BR,Brasil,MG,Peçanha,SE,False,-18.549,-42.557,False,False,cities,3332,Peçanha,09/09/2026,Quarta-feira,10:24:00,18,4,E,96,74,Sol com muitas nuvens,1023,2r,19,sol-com-muitas-nuvens
3333,3935,False,7,BR,Brasil,MG,Piau,SE,False,-21.509,-43.323,False,False,cities,3333,Piau,09/09/2026,Quarta-feira,11:09:00,20,4,ENE,73,75,Chuvoso,1020,5,20,chuvoso
3334,3936,False,7,BR,Brasil,MG,Piedade de Caratinga,SE,False,-19.759,-42.076,False,True,cities,3334,Piedade de Caratinga,09/09/2026,Quarta-feira,10:24:00,17,2,S,170,64,Nublado,1022,3,17,nublado
3335,3937,False,7,BR,Brasil,MG,Piedade de Ponte Nova,SE,False,-20.245,-42.734,False,False,cities,3335,Piedade de Ponte Nova,09/09/2026,Quarta-feira,10:24:00,19,4,E,80,77,Chuvoso,1022,5,20,chuvoso
6906,175,False,7,BR,Brasil,MG,Piedade do Rio Grande,SE,False,-21.469,-44.196,False,False,cities,6906,Piedade do Rio Grande,09/09/2026,Quarta-feira,11:09:00,16,10,ENE,75,66,Chuvoso,1022,5,14,chuvoso
3336,3938,False,7,BR,Brasil,MG,Piedade dos Gerais,SE,False,-20.471,-44.227,False,False,cities,3336,Piedade dos Gerais,09/09/2026,Quarta-feira,10:24:00,16,13,ENE,76,67,Chuvoso,1022,5,14,chuvoso
3194,3372,False,7,BR,Brasil,MG,Pimenta,SE,False,-20.484,-45.799,False,False,cities,3194,Pimenta,09/09/2026,Quarta-feira,10:24:00,18,11,ENE,77,72,Sol com muitas nuvens,1020,2r,17,sol-com-muitas-nuvens
6337,4919,False,7,BR,Brasil,MG,Pindaíbas,SE,False,-19.53333,-45.51667,False,False,cities,6337,Pindaíbas,09/09/2026,Quarta-feira,11:09:00,18,8,ENE,74,72,Nublado,1021,3,18,nublado
6313,6931,False,7,BR,Brasil,MG,Pinhotiba,SE,False,-20.97,-42.182,False,False,cities,6313,Pinhotiba,09/09/2026,Quarta-feira,11:09:00,18,2,ENE,76,74,Nublado,1021,3,19,nublado
3338,3940,False,7,BR,Brasil,MG,Pintópolis,SE,False,-16.059,-45.156,False,False,cities,3338,Pintópolis,09/09/2026,Quarta-feira,11:09:00,22,12,E,90,61,Nublado,1020,3,21,nublado
3339,3941,False,7,BR,Brasil,MG,Piracema,SE,False,-20.508,-44.483,False,False,cities,3339,Piracema,09/09/2026,Quarta-feira,11:09:00,16,14,ENE,76,66,Chuvoso,1022,5,14,chuvoso
3157,2792,False,7,BR,Brasil,MG,Pirajuba,SE,False,-19.907,-48.701,False,False,cities,3157,Pirajuba,09/09/2026,Quarta-feira,11:09:00,21,5,ENE,73,71,Sol com muitas nuvens,1017,2r,21,sol-com-muitas-nuvens
3340,3942,False,7,BR,Brasil,MG,Piranga,SE,False,-20.685,-43.3,False,False,cities,3340,Piranga,09/09/2026,Quarta-feira,10:24:00,17,7,ENE,77,68,Chuvoso,1022,5,16,chuvoso
8899,3943,False,7,BR,Brasil,MG,Piranguinho,SE,False,-22.401,-45.532,False,False,cities,8899,Piranguinho,09/09/2026,Quarta-feira,11:09:00,17,5,E,81,66,Nublado,1020,3,16,nublado
8898,3944,False,7,BR,Brasil,MG,Piranguçu,SE,False,-22.528,-45.495,False,False,cities,8898,Piranguçu,09/09/2026,Quarta-feira,10:24:00,16,6,E,81,59,Nublado,1020,3,14,nublado
8900,3945,False,7,BR,Brasil,MG,Pirapetinga,SE,False,-21.656,-42.346,False,False,cities,8900,Pirapetinga,09/09/2026,Quarta-feira,11:09:00,20,2,ENE,73,83,Nublado,1020,3,21,nublado
6907,176,False,7,BR,Brasil,MG,Pirapora,SE,False,-17.345,-44.942,False,False,cities,6907,Pirapora,09/09/2026,Quarta-feira,10:24:00,21,12,E,90,66,Nublado,1020,3,20,nublado
8901,3946,False,7,BR,Brasil,MG,Piraúba,SE,False,-21.276,-43.026,False,False,cities,8901,Piraúba,09/09/2026,Quarta-feira,11:09:00,20,4,ENE,74,78,Chuvoso,1020,5,21,chuvoso
6908,177,False,7,BR,Brasil,MG,Pitangui,SE,False,-19.683,-44.89,False,False,cities,6908,Pitangui,09/09/2026,Quarta-feira,11:09:00,18,8,ENE,75,73,Sol com muitas nuvens,1022,2r,18,sol-com-muitas-nuvens
6246,6851,False,7,BR,Brasil,MG,Pitarana,SE,False,-14.363,-44.458,False,False,cities,6246,Pitarana,09/09/2026,Quarta-feira,10:24:00,24,14,E,94,57,Sol com muitas nuvens,1020,2r,22,sol-com-muitas-nuvens
5389,2088,False,7,BR,Brasil,MG,Piumhi,SE,False,-20.383,-46.133,False,True,cities,5389,Piumhi,09/09/2026,Quarta-feira,11:09:00,18,9,ENE,76,71,Sol com muitas nuvens,1021,2r,17,sol-com-muitas-nuvens
5690,1099,False,7,BR,Brasil,MG,Piuí,SE,False,-20.465,-45.958,False,False,cities,5690,Piuí,09/09/2026,Quarta-feira,10:24:00,17,12,ENE,77,67,Sol com muitas nuvens,1021,2r,15,sol-com-muitas-nuvens
3158,2793,False,7,BR,Brasil,MG,Planura,SE,False,-20.138,-48.702,False,False,cities,3158,Planura,09/09/2026,Quarta-feira,10:24:00,21,4,ENE,75,75,Nublado,1017,3,22,nublado
8902,3947,False,7,BR,Brasil,MG,Pocrane,SE,False,-19.62,-41.637,False,False,cities,8902,Pocrane,09/09/2026,Quarta-feira,11:09:00,20,2,E,90,82,Sol com muitas nuvens,1023,2r,22,sol-com-muitas-nuvens
6909,178,False,7,BR,Brasil,MG,Pompéu,SE,False,-19.224,-44.935,False,True,cities,6909,Pompéu,09/09/2026,Quarta-feira,10:24:00,19,7,NNW,340,68,Sol com muitas nuvens,1023,2r,19,sol-com-muitas-nuvens
6910,179,False,7,BR,Brasil,MG,Ponte Nova,SE,False,-20.416,-42.909,False,False,cities,6910,Ponte Nova,09/09/2026,Quarta-feira,10:24:00,19,5,ENE,79,76,Chuvoso,1022,5,19,chuvoso
8903,3948,False,7,BR,Brasil,MG,Ponto Chique,SE,False,-16.631,-45.066,False,False,cities,8903,Ponto Chique,09/09/2026,Quarta-feira,11:09:00,22,11,E,90,64,Nublado,1020,3,21,nublado
8904,3949,False,7,BR,Brasil,MG,Ponto dos Volantes,SE,False,-16.753,-41.504,False,False,cities,8904,Ponto dos Volantes,09/09/2026,Quarta-feira,10:24:00,20,8,E,98,74,Sol com algumas nuvens,1022,2,20,sol-com-algumas-nuvens
6911,180,False,7,BR,Brasil,MG,Porteirinha,SE,False,-15.743,-43.028,False,False,cities,6911,Porteirinha,09/09/2026,Quarta-feira,11:09:00,22,8,E,101,59,Sol,1020,1,22,sol
8905,3950,False,7,BR,Brasil,MG,Porto Firme,SE,False,-20.673,-43.084,False,False,cities,8905,Porto Firme,09/09/2026,Quarta-feira,10:24:00,18,6,ENE,77,75,Chuvoso,1022,5,19,chuvoso
8906,3951,False,7,BR,Brasil,MG,Poté,SE,False,-17.807,-41.786,False,False,cities,8906,Poté,09/09/2026,Quarta-feira,11:09:00,19,5,E,100,73,Sol com algumas nuvens,1022,2,20,sol-com-algumas-nuvens
5691,1100,False,7,BR,Brasil,MG,Pouso Alegre,SE,False,-22.23,-45.936,False,True,cities,5691,Pouso Alegre,09/09/2026,Quarta-feira,10:24:00,16,4,E,82,68,Nublado,1021,3,16,nublado
6542,744,False,7,BR,Brasil,MG,Pouso Alto,SE,False,-22.194,-44.973,False,False,cities,6542,Pouso Alto,09/09/2026,Quarta-feira,11:09:00,17,9,ENE,78,66,Sol com muitas nuvens,1019,2r,16,sol-com-muitas-nuvens
6912,181,False,7,BR,Brasil,MG,Poço Fundo,SE,False,-21.781,-45.965,False,False,cities,6912,Poço Fundo,09/09/2026,Quarta-feira,11:09:00,18,5,E,80,69,Sol com muitas nuvens,1021,2r,17,sol-com-muitas-nuvens
6913,182,False,7,BR,Brasil,MG,Poços de Caldas,SE,False,-21.788,-46.561,True,False,cities,6913,Poços de Caldas,09/09/2026,Quarta-feira,10:24:00,16,6,E,81,60,Sol com muitas nuvens,1020,2r,14,sol-com-muitas-nuvens
3225,3453,False,7,BR,Brasil,MG,Prata,SE,False,-19.307,-48.924,False,False,cities,3225,Prata,09/09/2026,Quarta-feira,11:09:00,20,5,ENE,70,70,Sol com muitas nuvens,1018,2r,21,sol-com-muitas-nuvens
8909,3953,False,7,BR,Brasil,MG,Pratinha,SE,False,-19.751,-46.378,False,False,cities,8909,Pratinha,09/09/2026,Quarta-feira,11:09:00,16,8,ENE,74,62,Sol com muitas nuvens,1021,2r,14,sol-com-muitas-nuvens
8910,3955,False,7,BR,Brasil,MG,Presidente Bernardes,SE,False,-20.769,-43.188,False,False,cities,8910,Presidente Bernardes,09/09/2026,Quarta-feira,10:24:00,18,6,ENE,76,74,Chuvoso,1022,5,18,chuvoso
8911,3956,False,7,BR,Brasil,MG,Presidente Juscelino,SE,False,-18.637,-44.058,False,False,cities,8911,Presidente Juscelino,09/09/2026,Quarta-feira,10:24:00,20,8,E,90,68,Sol com algumas nuvens,1021,2,20,sol-com-algumas-nuvens
8912,3957,False,7,BR,Brasil,MG,Presidente Kubitschek,SE,False,-18.614,-43.562,False,False,cities,8912,Presidente Kubitschek,09/09/2026,Quarta-feira,10:24:00,15,7,E,90,57,Sol com muitas nuvens,1023,2r,13,sol-com-muitas-nuvens
8913,3958,False,7,BR,Brasil,MG,Prudente de Morais,SE,False,-19.482,-44.155,False,False,cities,8913,Prudente de Morais,09/09/2026,Quarta-feira,10:24:00,18,9,ENE,60,61,Nublado,1020,3,17,nublado
8914,3959,False,7,BR,Brasil,MG,Quartel Geral,SE,False,-19.274,-45.557,False,False,cities,8914,Quartel Geral,09/09/2026,Quarta-feira,11:09:00,18,7,ENE,74,71,Sol com muitas nuvens,1021,2r,18,sol-com-muitas-nuvens
7374,3960,False,7,BR,Brasil,MG,Queluzito,SE,False,-20.74,-43.884,False,False,cities,7374,Queluzito,09/09/2026,Quarta-feira,10:24:00,16,10,ENE,76,67,Chuvoso,1021,5,15,chuvoso
8915,3961,False,7,BR,Brasil,MG,Raposos,SE,False,-19.967,-43.804,False,False,cities,8915,Raposos,09/09/2026,Quarta-feira,10:24:00,18,12,E,79,63,Nublado,1021,3,15,nublado
6914,183,False,7,BR,Brasil,MG,Raul Soares,SE,False,-20.102,-42.453,False,True,cities,6914,Raul Soares,09/09/2026,Quarta-feira,10:24:00,20,3,E,81,74,Nublado,1022,3,21,nublado
4687,5882,False,7,BR,Brasil,MG,Ravena,SE,False,-19.787,-43.753,False,False,cities,4687,Ravena,09/09/2026,Quarta-feira,10:24:00,18,10,E,81,62,Nublado,1022,3,16,nublado
8916,3962,False,7,BR,Brasil,MG,Recreio,SE,False,-21.525,-42.469,False,False,cities,8916,Recreio,09/09/2026,Quarta-feira,10:24:00,20,2,ENE,73,87,Nublado,1020,3,23,nublado
8917,3963,False,7,BR,Brasil,MG,Reduto,SE,False,-20.219,-41.983,False,False,cities,8917,Reduto,09/09/2026,Quarta-feira,10:24:00,19,2,E,81,75,Nublado,1022,3,21,nublado
8918,3964,False,7,BR,Brasil,MG,Resende Costa,SE,False,-20.922,-44.238,False,False,cities,8918,Resende Costa,09/09/2026,Quarta-feira,10:24:00,14,12,ENE,76,60,Chuvoso,1022,5,11,chuvoso
8919,3965,False,7,BR,Brasil,MG,Resplendor,SE,False,-19.326,-41.255,False,False,cities,8919,Resplendor,09/09/2026,Quarta-feira,11:09:00,21,2,E,90,84,Sol com muitas nuvens,1021,2r,23,sol-com-muitas-nuvens
8920,3966,False,7,BR,Brasil,MG,Ressaquinha,SE,False,-21.062,-43.763,False,False,cities,8920,Ressaquinha,09/09/2026,Quarta-feira,11:09:00,15,10,ENE,76,61,Chuvoso,1022,5,13,chuvoso
8921,3967,False,7,BR,Brasil,MG,Riachinho,SE,False,-16.23,-45.992,False,False,cities,8921,Riachinho,09/09/2026,Quarta-feira,10:24:00,21,10,E,80,62,Nublado,1020,3,20,nublado
8922,3968,False,7,BR,Brasil,MG,Riacho dos Machados,SE,False,-16.006,-43.049,False,True,cities,8922,Riacho dos Machados,09/09/2026,Quarta-feira,10:24:00,20,7,ESE,102,58,Sol,1021,1,19,sol
3894,4809,False,7,BR,Brasil,MG,Ribeirão Vermelho,SE,False,-21.191,-45.062,False,False,cities,3894,Ribeirão Vermelho,09/09/2026,Quarta-feira,10:24:00,17,10,ENE,77,67,Sol,1021,1,15,sol
6915,184,False,7,BR,Brasil,MG,Ribeirão das Neves,SE,False,-19.767,-44.087,False,False,cities,6915,Ribeirão das Neves,09/09/2026,Quarta-feira,11:09:00,18,11,E,79,62,Nublado,1021,3,16,nublado
8923,3969,False,7,BR,Brasil,MG,Rio Acima,SE,False,-20.087,-43.789,False,False,cities,8923,Rio Acima,09/09/2026,Quarta-feira,11:09:00,17,13,ENE,78,62,Nublado,1021,3,14,nublado
8924,3970,False,7,BR,Brasil,MG,Rio Casca,SE,False,-20.226,-42.651,False,False,cities,8924,Rio Casca,09/09/2026,Quarta-feira,11:09:00,19,4,E,80,77,Chuvoso,1022,5,20,chuvoso
8925,3971,False,7,BR,Brasil,MG,Rio Doce,SE,False,-20.245,-42.896,False,False,cities,8925,Rio Doce,09/09/2026,Quarta-feira,10:24:00,19,5,E,80,75,Chuvoso,1022,5,19,chuvoso
8926,3972,False,7,BR,Brasil,MG,Rio Espera,SE,False,-20.855,-43.474,False,False,cities,8926,Rio Espera,09/09/2026,Quarta-feira,11:09:00,17,8,ENE,75,69,Chuvoso,1022,5,16,chuvoso
8927,3973,False,7,BR,Brasil,MG,Rio Manso,SE,False,-20.265,-44.308,False,False,cities,8927,Rio Manso,09/09/2026,Quarta-feira,10:24:00,16,13,ENE,76,64,Chuvoso,1022,5,13,chuvoso
8928,3974,False,7,BR,Brasil,MG,Rio Novo,SE,False,-21.457,-43.125,False,False,cities,8928,Rio Novo,09/09/2026,Quarta-feira,10:24:00,20,3,ENE,73,78,Nublado,1020,3,22,nublado
8929,2794,False,7,BR,Brasil,MG,Rio Paranaíba,SE,False,-19.194,-46.247,False,True,cities,8929,Rio Paranaíba,09/09/2026,Quarta-feira,10:24:00,17,8,ENE,73,68,Sol com muitas nuvens,1021,2r,16,sol-com-muitas-nuvens
6916,185,False,7,BR,Brasil,MG,Rio Pardo de Minas,SE,False,-15.61,-42.54,False,False,cities,6916,Rio Pardo de Minas,09/09/2026,Quarta-feira,11:09:00,20,9,E,100,59,Sol com algumas nuvens,1021,2,18,sol-com-algumas-nuvens
8930,3975,False,7,BR,Brasil,MG,Rio Piracicaba,SE,False,-19.929,-43.174,False,False,cities,8930,Rio Piracicaba,09/09/2026,Quarta-feira,10:24:00,17,7,E,82,63,Nublado,1023,3,15,nublado
8931,3976,False,7,BR,Brasil,MG,Rio Pomba,SE,False,-21.275,-43.179,False,False,cities,8931,Rio Pomba,09/09/2026,Quarta-feira,11:09:00,19,4,ENE,74,76,Chuvoso,1021,5,20,chuvoso
3341,3977,False,7,BR,Brasil,MG,Rio Preto,SE,False,-22.089,-43.828,False,False,cities,3341,Rio Preto,09/09/2026,Quarta-feira,10:24:00,17,8,ENE,74,73,Chuvoso,1021,5,16,chuvoso
3342,3978,False,7,BR,Brasil,MG,Rio Vermelho,SE,False,-18.294,-43.009,False,False,cities,3342,Rio Vermelho,09/09/2026,Quarta-feira,11:09:00,18,6,E,98,69,Sol com muitas nuvens,1023,2r,18,sol-com-muitas-nuvens
8932,3981,False,7,BR,Brasil,MG,Rochedo de Minas,SE,False,-21.63,-43.02,False,False,cities,8932,Rochedo de Minas,09/09/2026,Quarta-feira,11:09:00,19,3,ENE,73,75,Nublado,1020,3,21,nublado
8933,3982,False,7,BR,Brasil,MG,Rodeiro,SE,False,-21.2,-42.865,False,False,cities,8933,Rodeiro,09/09/2026,Quarta-feira,10:24:00,19,3,ENE,75,77,Chuvoso,1020,5,20,chuvoso
8934,2795,False,7,BR,Brasil,MG,Romaria,SE,False,-18.883,-47.586,False,False,cities,8934,Romaria,09/09/2026,Quarta-feira,10:24:00,19,10,ENE,71,63,Nublado,1020,3,17,nublado
8935,3983,False,7,BR,Brasil,MG,Rosário da Limeira,SE,False,-20.979,-42.512,False,False,cities,8935,Rosário da Limeira,09/09/2026,Quarta-feira,10:24:00,18,2,ENE,76,73,Nublado,1021,3,18,nublado
8936,3984,False,7,BR,Brasil,MG,Rubelita,SE,False,-16.407,-42.263,False,False,cities,8936,Rubelita,09/09/2026,Quarta-feira,10:24:00,21,6,ESE,101,70,Sol,1021,1,22,sol
8937,3985,False,7,BR,Brasil,MG,Rubim,SE,False,-16.375,-40.538,False,False,cities,8937,Rubim,09/09/2026,Quarta-feira,10:24:00,22,3,E,90,85,Sol com muitas nuvens,1022,2r,25,sol-com-muitas-nuvens
6917,186,False,7,BR,Brasil,MG,Sabará,SE,False,-19.886,-43.807,False,False,cities,6917,Sabará,09/09/2026,Quarta-feira,10:24:00,18,11,E,80,63,Nublado,1021,3,16,nublado
8938,3986,False,7,BR,Brasil,MG,Sabinópolis,SE,False,-18.666,-43.084,False,False,cities,8938,Sabinópolis,09/09/2026,Quarta-feira,10:24:00,17,6,E,90,65,Sol com muitas nuvens,1022,2r,17,sol-com-muitas-nuvens
8939,2796,False,7,BR,Brasil,MG,Sacramento,SE,False,-19.865,-47.44,False,True,cities,8939,Sacramento,09/09/2026,Quarta-feira,10:24:00,19,6,ENE,74,66,Nublado,1019,3,19,nublado
6918,187,False,7,BR,Brasil,MG,Salinas,SE,False,-16.17,-42.29,False,False,cities,6918,Salinas,09/09/2026,Quarta-feira,10:24:00,22,6,SE,140,69,Sol,1021,1,22,sol
8940,3987,False,7,BR,Brasil,MG,Salto da Divisa,SE,False,-16.003,-39.947,False,False,cities,8940,Salto da Divisa,09/09/2026,Quarta-feira,11:09:00,23,5,E,87,87,Sol com muitas nuvens,1021,2r,25,sol-com-muitas-nuvens
8941,3988,False,7,BR,Brasil,MG,Santa Bárbara,SE,False,-19.9603,-43.4101,False,False,cities,8941,Santa Bárbara,09/09/2026,Quarta-feira,11:09:00,18,9,E,80,65,Nublado,1022,3,16,nublado
3425,4181,False,7,BR,Brasil,MG,Santa Bárbara do Leste,SE,False,-19.978,-42.14,False,False,cities,3425,Santa Bárbara do Leste,09/09/2026,Quarta-feira,10:24:00,17,2,E,82,65,Nublado,1022,3,17,nublado
3423,4179,False,7,BR,Brasil,MG,Santa Bárbara do Monte Verde,SE,False,-21.959,-43.702,False,False,cities,3423,Santa Bárbara do Monte Verde,09/09/2026,Quarta-feira,10:24:00,16,7,ENE,74,68,Sol com muitas nuvens,1021,2r,15,sol-com-muitas-nuvens
3424,4180,False,7,BR,Brasil,MG,Santa Bárbara do Tugúrio,SE,False,-21.246,-43.559,False,False,cities,3424,Santa Bárbara do Tugúrio,09/09/2026,Quarta-feira,10:24:00,16,7,ENE,75,66,Chuvoso,1022,5,15,chuvoso
8942,3989,False,7,BR,Brasil,MG,Santa Cruz de Minas,SE,False,-21.12,-44.223,False,False,cities,8942,Santa Cruz de Minas,09/09/2026,Quarta-feira,11:09:00,16,11,ENE,76,67,Chuvoso,1022,5,13,chuvoso
8943,3990,False,7,BR,Brasil,MG,Santa Cruz de Salinas,SE,False,-16.098,-41.746,False,False,cities,8943,Santa Cruz de Salinas,09/09/2026,Quarta-feira,10:24:00,19,6,E,98,65,Sol,1022,1,18,sol
3421,4177,False,7,BR,Brasil,MG,Santa Cruz do Escalvado,SE,False,-20.236,-42.814,False,False,cities,3421,Santa Cruz do Escalvado,09/09/2026,Quarta-feira,10:24:00,19,5,E,79,82,Chuvoso,1022,5,21,chuvoso
3422,4178,False,7,BR,Brasil,MG,Santa Efigênia de Minas,SE,False,-18.827,-42.448,False,False,cities,3422,Santa Efigênia de Minas,09/09/2026,Quarta-feira,10:24:00,18,4,E,90,70,Sol com muitas nuvens,1022,2r,18,sol-com-muitas-nuvens
8944,3991,False,7,BR,Brasil,MG,Santa Fé de Minas,SE,False,-16.69,-45.414,False,False,cities,8944,Santa Fé de Minas,09/09/2026,Quarta-feira,10:24:00,21,13,E,83,64,Nublado,1020,3,20,nublado
8945,3992,False,7,BR,Brasil,MG,Santa Helena de Minas,SE,False,-16.983,-40.686,False,False,cities,8945,Santa Helena de Minas,09/09/2026,Quarta-feira,10:24:00,21,6,E,94,87,Sol com muitas nuvens,1022,2r,23,sol-com-muitas-nuvens
3126,2697,False,7,BR,Brasil,MG,Santa Juliana,SE,False,-19.309,-47.525,False,False,cities,3126,Santa Juliana,09/09/2026,Quarta-feira,10:24:00,18,10,ENE,72,66,Nublado,1020,3,17,nublado
6919,188,False,7,BR,Brasil,MG,Santa Luzia,SE,False,-19.77,-43.851,False,False,cities,6919,Santa Luzia,09/09/2026,Quarta-feira,10:24:00,19,10,E,80,64,Nublado,1022,3,17,nublado
8946,3993,False,7,BR,Brasil,MG,Santa Margarida,SE,False,-20.384,-42.251,False,True,cities,8946,Santa Margarida,09/09/2026,Quarta-feira,11:09:00,16,2,E,80,67,Nublado,1022,3,16,nublado
8947,4182,False,7,BR,Brasil,MG,Santa Maria de Itabira,SE,False,-19.449,-43.113,False,False,cities,8947,Santa Maria de Itabira,09/09/2026,Quarta-feira,10:24:00,17,6,E,90,65,Nublado,1023,3,16,nublado
4105,5092,False,7,BR,Brasil,MG,Santa Maria do Itabira,SE,False,-19.449,-43.113,False,False,cities,4105,Santa Maria do Itabira,09/09/2026,Quarta-feira,10:24:00,17,6,E,90,65,Nublado,1023,3,16,nublado
8948,3994,False,7,BR,Brasil,MG,Santa Maria do Salto,SE,False,-16.249,-40.149,False,False,cities,8948,Santa Maria do Salto,09/09/2026,Quarta-feira,11:09:00,22,4,E,90,79,Sol com muitas nuvens,1022,2r,24,sol-com-muitas-nuvens
8949,3995,False,7,BR,Brasil,MG,Santa Maria do Suaçuí,SE,False,-18.19,-42.414,False,False,cities,8949,Santa Maria do Suaçuí,09/09/2026,Quarta-feira,10:24:00,20,4,E,98,77,Sol com muitas nuvens,1022,2r,21,sol-com-muitas-nuvens
8960,3996,False,7,BR,Brasil,MG,Santa Rita de Caldas,SE,False,-22.029,-46.337,False,False,cities,8960,Santa Rita de Caldas,09/09/2026,Quarta-feira,11:09:00,16,4,E,82,61,Nublado,1020,3,15,nublado
8961,4183,False,7,BR,Brasil,MG,Santa Rita de Ibitipoca,SE,False,-21.563,-43.915,False,False,cities,8961,Santa Rita de Ibitipoca,09/09/2026,Quarta-feira,11:09:00,14,8,ENE,75,59,Chuvoso,1021,5,11,chuvoso
8962,4184,False,7,BR,Brasil,MG,Santa Rita de Jacutinga,SE,False,-22.149,-44.095,False,False,cities,8962,Santa Rita de Jacutinga,09/09/2026,Quarta-feira,11:09:00,17,8,ENE,75,73,Chuvoso,1021,5,17,chuvoso
8963,3997,False,7,BR,Brasil,MG,Santa Rita de Minas,SE,False,-19.874,-42.132,False,False,cities,8963,Santa Rita de Minas,09/09/2026,Quarta-feira,11:09:00,17,2,E,83,66,Nublado,1022,3,17,nublado
8964,3998,False,7,BR,Brasil,MG,Santa Rita do Itueto,SE,False,-19.36,-41.38,False,False,cities,8964,Santa Rita do Itueto,09/09/2026,Quarta-feira,11:09:00,19,2,E,90,77,Sol com muitas nuvens,1021,2r,20,sol-com-muitas-nuvens
5493,1547,False,7,BR,Brasil,MG,Santa Rita do Sapucaí,SE,False,-22.252,-45.703,False,False,cities,5493,Santa Rita do Sapucaí,09/09/2026,Quarta-feira,10:24:00,17,5,E,81,67,Nublado,1020,3,16,nublado
8965,3999,False,7,BR,Brasil,MG,Santa Rosa da Serra,SE,False,-19.53,-45.966,False,False,cities,8965,Santa Rosa da Serra,09/09/2026,Quarta-feira,10:24:00,17,9,ENE,74,69,Nublado,1021,3,16,nublado
2193,2610,False,7,BR,Brasil,MG,Santa Vitória,SE,False,-18.839,-50.121,False,False,cities,2193,Santa Vitória,09/09/2026,Quarta-feira,10:24:00,22,8,ENE,72,77,Nublado,1017,3,23,nublado
8950,4000,False,7,BR,Brasil,MG,Santana da Vargem,SE,False,-21.249,-45.507,False,False,cities,8950,Santana da Vargem,09/09/2026,Quarta-feira,10:24:00,17,8,ENE,78,68,Sol,1020,1,16,sol
8951,4001,False,7,BR,Brasil,MG,Santana de Cataguases,SE,False,-21.287,-42.557,False,False,cities,8951,Santana de Cataguases,09/09/2026,Quarta-feira,10:24:00,19,2,ENE,75,77,Nublado,1020,3,20,nublado
8952,4002,False,7,BR,Brasil,MG,Santana de Pirapama,SE,False,-19.006,-44.043,False,False,cities,8952,Santana de Pirapama,09/09/2026,Quarta-feira,11:09:00,20,7,E,90,66,Sol com muitas nuvens,1021,2r,20,sol-com-muitas-nuvens
8953,6132,False,7,BR,Brasil,MG,Santana do Capivari,SE,False,-22.247,-44.932,False,False,cities,8953,Santana do Capivari,09/09/2026,Quarta-feira,11:09:00,17,9,ENE,78,66,Sol com muitas nuvens,1019,2r,16,sol-com-muitas-nuvens
8954,4003,False,7,BR,Brasil,MG,Santana do Deserto,SE,False,-21.95,-43.166,False,False,cities,8954,Santana do Deserto,09/09/2026,Quarta-feira,11:09:00,18,4,ENE,73,76,Sol com muitas nuvens,1021,2r,19,sol-com-muitas-nuvens
8955,4004,False,7,BR,Brasil,MG,Santana do Garambéu,SE,False,-21.601,-44.104,False,False,cities,8955,Santana do Garambéu,09/09/2026,Quarta-feira,10:24:00,15,9,ENE,75,65,Chuvoso,1022,5,13,chuvoso
8956,4005,False,7,BR,Brasil,MG,Santana do Jacaré,SE,False,-20.898,-45.131,False,False,cities,8956,Santana do Jacaré,09/09/2026,Quarta-feira,11:09:00,17,14,ENE,77,67,Sol e Chuva,1021,4,15,sol-e-chuva
8957,4006,False,7,BR,Brasil,MG,Santana do Manhuaçu,SE,False,-20.108,-41.925,False,False,cities,8957,Santana do Manhuaçu,09/09/2026,Quarta-feira,10:24:00,19,2,E,81,75,Nublado,1022,3,20,nublado
8958,4007,False,7,BR,Brasil,MG,Santana do Paraíso,SE,False,-19.364,-42.569,False,False,cities,8958,Santana do Paraíso,09/09/2026,Quarta-feira,10:24:00,19,3,E,90,75,Sol com muitas nuvens,1023,2r,20,sol-com-muitas-nuvens
8959,4008,False,7,BR,Brasil,MG,Santana do Riacho,SE,False,-19.169,-43.714,False,False,cities,8959,Santana do Riacho,09/09/2026,Quarta-feira,11:09:00,16,8,E,90,58,Sol com muitas nuvens,1022,2r,14,sol-com-muitas-nuvens
3895,4810,False,7,BR,Brasil,MG,Santana dos Montes,SE,False,-20.788,-43.692,False,False,cities,3895,Santana dos Montes,09/09/2026,Quarta-feira,10:24:00,17,10,ENE,76,67,Chuvoso,1022,5,15,chuvoso
8966,4186,False,7,BR,Brasil,MG,Santo Antônio do Amparo,SE,False,-20.946,-44.919,False,True,cities,8966,Santo Antônio do Amparo,09/09/2026,Quarta-feira,10:24:00,17,14,ENE,76,67,Chuvoso,1021,5,14,chuvoso
8967,4160,False,7,BR,Brasil,MG,Santo Antônio do Aventureiro,SE,False,-21.758,-42.816,False,False,cities,8967,Santo Antônio do Aventureiro,09/09/2026,Quarta-feira,10:24:00,18,2,ENE,72,72,Nublado,1021,3,19,nublado
8968,4190,False,7,BR,Brasil,MG,Santo Antônio do Grama,SE,False,-20.314,-42.609,False,False,cities,8968,Santo Antônio do Grama,09/09/2026,Quarta-feira,10:24:00,18,3,E,79,70,Nublado,1022,3,18,nublado
8969,4187,False,7,BR,Brasil,MG,Santo Antônio do Itambé,SE,False,-18.466,-43.307,False,False,cities,8969,Santo Antônio do Itambé,09/09/2026,Quarta-feira,10:24:00,18,7,E,90,66,Sol com muitas nuvens,1023,2r,17,sol-com-muitas-nuvens
8970,4188,False,7,BR,Brasil,MG,Santo Antônio do Jacinto,SE,False,-16.534,-40.176,False,False,cities,8970,Santo Antônio do Jacinto,09/09/2026,Quarta-feira,10:24:00,20,4,E,90,75,Sol com muitas nuvens,1022,2r,21,sol-com-muitas-nuvens
3123,2671,False,7,BR,Brasil,MG,Santo Antônio do Monte,SE,False,-20.087,-45.294,False,False,cities,3123,Santo Antônio do Monte,09/09/2026,Quarta-feira,11:09:00,17,10,ENE,76,66,Chuvoso,1021,5,15,chuvoso
8971,4189,False,7,BR,Brasil,MG,Santo Antônio do Retiro,SE,False,-15.339,-42.624,False,False,cities,8971,Santo Antônio do Retiro,09/09/2026,Quarta-feira,10:24:00,19,11,E,99,55,Sol com algumas nuvens,1021,2,17,sol-com-algumas-nuvens
8972,4185,False,7,BR,Brasil,MG,Santo Antônio do Rio Abaixo,SE,False,-19.228,-43.254,False,False,cities,8972,Santo Antônio do Rio Abaixo,09/09/2026,Quarta-feira,10:24:00,19,6,E,90,70,Nublado,1023,3,18,nublado
8973,4009,False,7,BR,Brasil,MG,Santo Hipólito,SE,False,-18.297,-44.223,False,False,cities,8973,Santo Hipólito,09/09/2026,Quarta-feira,11:09:00,20,8,E,90,65,Sol com algumas nuvens,1021,2,20,sol-com-algumas-nuvens
5390,2089,False,7,BR,Brasil,MG,Santos Dumont,SE,False,-21.457,-43.552,False,False,cities,5390,Santos Dumont,09/09/2026,Quarta-feira,10:24:00,17,6,ENE,74,68,Chuvoso,1021,5,16,chuvoso
9021,4010,False,7,BR,Brasil,MG,Sapucaí-Mirim,SE,False,-22.748,-45.742,False,True,cities,9021,Sapucaí-Mirim,09/09/2026,Quarta-feira,11:09:00,17,5,E,82,62,Nublado,1020,3,16,nublado
9022,4011,False,7,BR,Brasil,MG,Sardoá,SE,False,-18.784,-42.365,False,False,cities,9022,Sardoá,09/09/2026,Quarta-feira,11:09:00,19,4,E,90,70,Sol com muitas nuvens,1022,2r,19,sol-com-muitas-nuvens
9023,4012,False,7,BR,Brasil,MG,Sarzedo,SE,False,-20.035,-44.145,False,False,cities,9023,Sarzedo,09/09/2026,Quarta-feira,11:09:00,18,13,ENE,77,66,Nublado,1021,3,16,nublado
9024,4013,False,7,BR,Brasil,MG,Sem-Peixe,SE,False,-20.109,-42.839,False,False,cities,9024,Sem-Peixe,09/09/2026,Quarta-feira,11:09:00,19,5,E,80,79,Nublado,1022,3,20,nublado
9025,4014,False,7,BR,Brasil,MG,Senador Amaral,SE,False,-22.587,-46.177,False,False,cities,9025,Senador Amaral,09/09/2026,Quarta-feira,10:24:00,14,3,E,84,53,Nublado,1020,3,12,nublado
9026,4015,False,7,BR,Brasil,MG,Senador Cortes,SE,False,-21.801,-42.946,False,False,cities,9026,Senador Cortes,09/09/2026,Quarta-feira,10:24:00,18,2,ENE,73,69,Nublado,1021,3,18,nublado
9027,4016,False,7,BR,Brasil,MG,Senador Firmino,SE,False,-20.912,-43.097,False,False,cities,9027,Senador Firmino,09/09/2026,Quarta-feira,11:09:00,18,5,ENE,76,74,Chuvoso,1021,5,18,chuvoso
9028,4017,False,7,BR,Brasil,MG,Senador José Bento,SE,False,-22.164,-46.179,False,False,cities,9028,Senador José Bento,09/09/2026,Quarta-feira,11:09:00,16,4,E,82,61,Nublado,1021,3,15,nublado
9029,4176,False,7,BR,Brasil,MG,Senador Modestino Gonçalves,SE,False,-17.947,-43.225,False,False,cities,9029,Senador Modestino Gonçalves,09/09/2026,Quarta-feira,11:09:00,17,8,E,99,64,Nublado,1023,3,16,nublado
9030,4018,False,7,BR,Brasil,MG,Senhora de Oliveira,SE,False,-20.794,-43.344,False,False,cities,9030,Senhora de Oliveira,09/09/2026,Quarta-feira,10:24:00,17,7,ENE,76,66,Chuvoso,1022,5,15,chuvoso
9031,4019,False,7,BR,Brasil,MG,Senhora do Porto,SE,False,-18.892,-43.084,False,False,cities,9031,Senhora do Porto,09/09/2026,Quarta-feira,10:24:00,18,6,E,90,68,Sol com muitas nuvens,1022,2r,17,sol-com-muitas-nuvens
9032,4020,False,7,BR,Brasil,MG,Senhora dos Remédios,SE,False,-21.028,-43.583,False,False,cities,9032,Senhora dos Remédios,09/09/2026,Quarta-feira,11:09:00,17,8,ENE,75,67,Chuvoso,1022,5,15,chuvoso
9033,4021,False,7,BR,Brasil,MG,Sericita,SE,False,-20.474,-42.482,False,False,cities,9033,Sericita,09/09/2026,Quarta-feira,11:09:00,16,3,ENE,78,61,Nublado,1021,3,15,nublado
9034,4022,False,7,BR,Brasil,MG,Seritinga,SE,False,-21.909,-44.519,False,False,cities,9034,Seritinga,09/09/2026,Quarta-feira,10:24:00,15,9,ENE,76,62,Sol com muitas nuvens,1022,2r,13,sol-com-muitas-nuvens
9035,4023,False,7,BR,Brasil,MG,Serra Azul de Minas,SE,False,-18.362,-43.17,False,False,cities,9035,Serra Azul de Minas,09/09/2026,Quarta-feira,10:24:00,18,7,E,96,65,Sol com muitas nuvens,1023,2r,17,sol-com-muitas-nuvens
9036,4024,False,7,BR,Brasil,MG,Serra da Saudade,SE,False,-19.438,-45.796,False,False,cities,9036,Serra da Saudade,09/09/2026,Quarta-feira,11:09:00,18,9,ENE,74,70,Sol com muitas nuvens,1021,2r,17,sol-com-muitas-nuvens
3171,3122,False,7,BR,Brasil,MG,Serra do Cipó,SE,False,-19.2,-43.367,False,False,cities,3171,Serra do Cipó,09/09/2026,Quarta-feira,10:24:00,19,7,E,90,69,Sol com muitas nuvens,1023,2r,19,sol-com-muitas-nuvens
9038,2797,False,7,BR,Brasil,MG,Serra do Salitre,SE,False,-19.111,-46.69,False,True,cities,9038,Serra do Salitre,09/09/2026,Quarta-feira,10:24:00,17,8,ENE,72,59,Sol com muitas nuvens,1020,2r,15,sol-com-muitas-nuvens
9037,4025,False,7,BR,Brasil,MG,Serra dos Aimorés,SE,False,-17.782,-40.248,False,False,cities,9037,Serra dos Aimorés,09/09/2026,Quarta-feira,10:24:00,21,8,SE,133,86,Sol com muitas nuvens,1021,2r,22,sol-com-muitas-nuvens
9039,4026,False,7,BR,Brasil,MG,Serrania,SE,False,-21.548,-46.04,False,True,cities,9039,Serrania,09/09/2026,Quarta-feira,11:09:00,18,7,E,80,68,Sol com muitas nuvens,1020,2r,17,sol-com-muitas-nuvens
9041,4027,False,7,BR,Brasil,MG,Serranos,SE,False,-21.89,-44.51,False,False,cities,9041,Serranos,09/09/2026,Quarta-feira,10:24:00,15,9,ENE,76,61,Sol com muitas nuvens,1022,2r,12,sol-com-muitas-nuvens
9040,4028,False,7,BR,Brasil,MG,Serranópolis de Minas,SE,False,-15.829,-42.871,False,False,cities,9040,Serranópolis de Minas,09/09/2026,Quarta-feira,10:24:00,19,7,E,101,54,Sol com algumas nuvens,1021,2,17,sol-com-algumas-nuvens
9042,4029,False,7,BR,Brasil,MG,Serro,SE,False,-18.605,-43.379,False,False,cities,9042,Serro,09/09/2026,Quarta-feira,11:09:00,18,7,E,90,66,Sol com muitas nuvens,1023,2r,17,sol-com-muitas-nuvens
3896,4811,False,7,BR,Brasil,MG,Setubinha,SE,False,-17.6,-42.16,False,False,cities,3896,Setubinha,09/09/2026,Quarta-feira,11:09:00,18,7,E,101,64,Sol com algumas nuvens,1022,2,17,sol-com-algumas-nuvens
9043,4030,False,7,BR,Brasil,MG,Silveirânia,SE,False,-21.159,-43.215,False,False,cities,9043,Silveirânia,09/09/2026,Quarta-feira,10:24:00,18,5,ENE,75,71,Chuvoso,1021,5,18,chuvoso
6921,190,False,7,BR,Brasil,MG,Silvianópolis,SE,False,-22.029,-45.835,False,True,cities,6921,Silvianópolis,09/09/2026,Quarta-feira,11:09:00,17,5,E,81,64,Nublado,1021,3,17,nublado
9045,4031,False,7,BR,Brasil,MG,Simonésia,SE,False,-20.124,-42.001,False,False,cities,9045,Simonésia,09/09/2026,Quarta-feira,11:09:00,19,2,E,81,75,Nublado,1022,3,20,nublado
9044,4032,False,7,BR,Brasil,MG,Simão Pereira,SE,False,-21.964,-43.312,False,False,cities,9044,Simão Pereira,09/09/2026,Quarta-feira,10:24:00,19,5,ENE,73,80,Sol com muitas nuvens,1020,2r,20,sol-com-muitas-nuvens
9046,4033,False,7,BR,Brasil,MG,Sobrália,SE,False,-19.235,-42.098,False,False,cities,9046,Sobrália,09/09/2026,Quarta-feira,11:09:00,20,3,E,90,78,Sol com muitas nuvens,1022,2r,22,sol-com-muitas-nuvens
9047,4034,False,7,BR,Brasil,MG,Soledade de Minas,SE,False,-22.06,-45.045,False,False,cities,9047,Soledade de Minas,09/09/2026,Quarta-feira,10:24:00,17,8,ENE,78,67,Sol com muitas nuvens,1020,2r,15,sol-com-muitas-nuvens
8974,4035,False,7,BR,Brasil,MG,São Bento Abade,SE,False,-21.582,-45.076,False,False,cities,8974,São Bento Abade,09/09/2026,Quarta-feira,10:24:00,17,8,ENE,78,67,Sol com muitas nuvens,1021,2r,15,sol-com-muitas-nuvens
8976,4161,False,7,BR,Brasil,MG,São Domingos das Dores,SE,False,-19.527,-42.011,False,False,cities,8976,São Domingos das Dores,09/09/2026,Quarta-feira,11:09:00,19,2,E,90,72,Sol com muitas nuvens,1022,2r,19,sol-com-muitas-nuvens
8977,4037,False,7,BR,Brasil,MG,São Domingos do Prata,SE,False,-19.865,-42.968,False,False,cities,8977,São Domingos do Prata,09/09/2026,Quarta-feira,10:24:00,16,5,E,82,64,Nublado,1023,3,15,nublado
6922,191,False,7,BR,Brasil,MG,São Francisco,SE,False,-15.949,-44.864,False,True,cities,6922,São Francisco,09/09/2026,Quarta-feira,11:09:00,22,12,E,90,60,Nublado,1020,3,21,nublado
8979,4163,False,7,BR,Brasil,MG,São Francisco de Paula,SE,False,-20.71,-44.985,False,False,cities,8979,São Francisco de Paula,09/09/2026,Quarta-feira,10:24:00,17,16,ENE,76,67,Chuvoso,1021,5,14,chuvoso
8980,4164,False,7,BR,Brasil,MG,São Francisco de Sales,SE,False,-19.863,-49.774,False,False,cities,8980,São Francisco de Sales,09/09/2026,Quarta-feira,11:09:00,21,3,ENE,76,77,Nublado,1017,3,23,nublado
8981,4162,False,7,BR,Brasil,MG,São Francisco do Glória,SE,False,-20.789,-42.267,False,False,cities,8981,São Francisco do Glória,09/09/2026,Quarta-feira,10:24:00,16,2,ENE,78,65,Nublado,1021,3,16,nublado
8978,4038,False,7,BR,Brasil,MG,São Félix de Minas,SE,False,-18.591,-41.486,False,False,cities,8978,São Félix de Minas,09/09/2026,Quarta-feira,11:09:00,20,4,E,90,73,Sol com muitas nuvens,1022,2r,21,sol-com-muitas-nuvens
8984,4039,False,7,BR,Brasil,MG,São Geraldo,SE,False,-20.923,-42.834,False,False,cities,8984,São Geraldo,09/09/2026,Quarta-feira,10:24:00,18,4,ENE,76,71,Chuvoso,1021,5,18,chuvoso
8982,4165,False,7,BR,Brasil,MG,São Geraldo da Piedade,SE,False,-18.836,-42.288,False,False,cities,8982,São Geraldo da Piedade,09/09/2026,Quarta-feira,10:24:00,19,3,E,90,73,Sol com muitas nuvens,1022,2r,20,sol-com-muitas-nuvens
8983,4040,False,7,BR,Brasil,MG,São Geraldo do Baixio,SE,False,-18.9,-41.36,False,False,cities,8983,São Geraldo do Baixio,09/09/2026,Quarta-feira,10:24:00,21,3,E,90,76,Sol com muitas nuvens,1022,2r,22,sol-com-muitas-nuvens
8985,4041,False,7,BR,Brasil,MG,São Gonçalo do Abaeté,SE,False,-18.338,-45.833,False,False,cities,8985,São Gonçalo do Abaeté,09/09/2026,Quarta-feira,11:09:00,19,7,ENE,76,66,Sol com algumas nuvens,1021,2,18,sol-com-algumas-nuvens
8986,4042,False,7,BR,Brasil,MG,São Gonçalo do Pará,SE,False,-19.983,-44.859,False,False,cities,8986,São Gonçalo do Pará,09/09/2026,Quarta-feira,10:24:00,18,10,ENE,76,69,Chuvoso,1022,5,17,chuvoso
8987,4166,False,7,BR,Brasil,MG,São Gonçalo do Rio Abaixo,SE,False,-19.826,-43.362,False,False,cities,8987,São Gonçalo do Rio Abaixo,09/09/2026,Quarta-feira,10:24:00,18,8,E,82,64,Nublado,1023,3,16,nublado
8988,4167,False,7,BR,Brasil,MG,São Gonçalo do Rio Preto,SE,False,-18.004,-43.391,False,False,cities,8988,São Gonçalo do Rio Preto,09/09/2026,Quarta-feira,10:24:00,18,9,E,98,62,Nublado,1023,3,16,nublado
4437,5542,False,7,BR,Brasil,MG,São Gonçalo do Rio das Pedras,SE,False,-18.414,-43.495,False,False,cities,4437,São Gonçalo do Rio das Pedras,09/09/2026,Quarta-feira,11:09:00,16,8,E,90,58,Sol com muitas nuvens,1023,2r,14,sol-com-muitas-nuvens
8989,4168,False,7,BR,Brasil,MG,São Gonçalo do Sapucaí,SE,False,-21.892,-45.595,False,False,cities,8989,São Gonçalo do Sapucaí,09/09/2026,Quarta-feira,11:09:00,16,5,E,80,66,Sol com muitas nuvens,1020,2r,15,sol-com-muitas-nuvens
5692,1104,False,7,BR,Brasil,MG,São Gotardo,SE,False,-19.311,-46.049,False,False,cities,5692,São Gotardo,09/09/2026,Quarta-feira,11:09:00,17,8,ENE,73,68,Sol com muitas nuvens,1021,2r,16,sol-com-muitas-nuvens
8998,4043,False,7,BR,Brasil,MG,São Joaquim de Bicas,SE,False,-20.049,-44.274,False,False,cities,8998,São Joaquim de Bicas,09/09/2026,Quarta-feira,10:24:00,18,12,ENE,77,67,Nublado,1021,3,16,nublado
8999,4044,False,7,BR,Brasil,MG,São José da Barra,SE,False,-20.718,-46.311,False,False,cities,8999,São José da Barra,09/09/2026,Quarta-feira,11:09:00,18,10,ENE,78,72,Sol com algumas nuvens,1020,2,17,sol-com-algumas-nuvens
9001,4046,False,7,BR,Brasil,MG,São José da Safira,SE,False,-18.324,-42.143,False,False,cities,9001,São José da Safira,09/09/2026,Quarta-feira,10:24:00,21,4,E,96,82,Sol com muitas nuvens,1022,2r,23,sol-com-muitas-nuvens
9002,4047,False,7,BR,Brasil,MG,São José da Varginha,SE,False,-19.71,-44.557,False,False,cities,9002,São José da Varginha,09/09/2026,Quarta-feira,11:09:00,18,10,ENE,76,65,Sol com muitas nuvens,1021,2r,16,sol-com-muitas-nuvens
9003,4048,False,7,BR,Brasil,MG,São José do Alegre,SE,False,-22.329,-45.526,False,False,cities,9003,São José do Alegre,09/09/2026,Quarta-feira,10:24:00,17,5,E,81,66,Nublado,1020,3,16,nublado
4106,5093,False,7,BR,Brasil,MG,São José do Barreiro,SE,False,-20.346,-46.483,False,False,cities,4106,São José do Barreiro,09/09/2026,Quarta-feira,10:24:00,17,9,ENE,76,65,Nublado,1020,3,16,nublado
6302,6919,False,7,BR,Brasil,MG,São José do Buriti,SE,False,-18.711,-45.156,False,False,cities,6302,São José do Buriti,09/09/2026,Quarta-feira,10:24:00,20,6,ENE,78,67,Sol com muitas nuvens,1020,2r,21,sol-com-muitas-nuvens
9004,4049,False,7,BR,Brasil,MG,São José do Divino,SE,False,-18.479,-41.389,False,False,cities,9004,São José do Divino,09/09/2026,Quarta-feira,11:09:00,20,4,E,90,70,Sol com muitas nuvens,1022,2r,21,sol-com-muitas-nuvens
9005,4050,False,7,BR,Brasil,MG,São José do Goiabal,SE,False,-19.929,-42.705,False,False,cities,9005,São José do Goiabal,09/09/2026,Quarta-feira,11:09:00,20,4,E,82,80,Nublado,1023,3,21,nublado
9006,4051,False,7,BR,Brasil,MG,São José do Jacuri,SE,False,-18.275,-42.67,False,False,cities,9006,São José do Jacuri,09/09/2026,Quarta-feira,11:09:00,19,5,E,98,73,Sol com algumas nuvens,1023,2,19,sol-com-algumas-nuvens
9007,4169,False,7,BR,Brasil,MG,São José do Mantimento,SE,False,-20.005,-41.745,False,False,cities,9007,São José do Mantimento,09/09/2026,Quarta-feira,11:09:00,20,2,E,83,78,Nublado,1023,3,21,nublado
3233,3469,False,7,BR,Brasil,MG,São João Batista do Glória,SE,False,-20.641,-46.506,False,False,cities,3233,São João Batista do Glória,09/09/2026,Quarta-feira,10:24:00,19,9,ENE,77,73,Sol com muitas nuvens,1020,2r,18,sol-com-muitas-nuvens
3897,4812,False,7,BR,Brasil,MG,São João Evangelista,SE,False,-18.548,-42.763,False,False,cities,3897,São João Evangelista,09/09/2026,Quarta-feira,10:24:00,18,5,E,96,70,Sol com muitas nuvens,1023,2r,17,sol-com-muitas-nuvens
3855,4738,False,7,BR,Brasil,MG,São João Nepomuceno,SE,False,-21.54,-43.011,False,False,cities,3855,São João Nepomuceno,09/09/2026,Quarta-feira,10:24:00,20,3,ENE,73,78,Nublado,1020,3,21,nublado
8991,4053,False,7,BR,Brasil,MG,São João da Mata,SE,False,-21.93,-45.929,False,False,cities,8991,São João da Mata,09/09/2026,Quarta-feira,11:09:00,17,5,E,80,64,Sol com muitas nuvens,1021,2r,16,sol-com-muitas-nuvens
6923,192,False,7,BR,Brasil,MG,São João da Ponte,SE,False,-15.929,-44.008,False,False,cities,6923,São João da Ponte,09/09/2026,Quarta-feira,11:09:00,21,7,ESE,102,60,Sol com muitas nuvens,1021,2r,20,sol-com-muitas-nuvens
8992,4054,False,7,BR,Brasil,MG,São João das Missões,SE,False,-14.884,-44.091,False,False,cities,8992,São João das Missões,09/09/2026,Quarta-feira,10:24:00,23,10,E,99,60,Sol,1019,1,23,sol
6924,193,False,7,BR,Brasil,MG,São João del Rei,SE,False,-21.136,-44.262,False,False,cities,6924,São João del Rei,09/09/2026,Quarta-feira,11:09:00,16,11,ENE,76,67,Chuvoso,1022,5,13,chuvoso
3887,4795,False,7,BR,Brasil,MG,São João do Jacutinga,SE,False,-19.726,-41.915,False,False,cities,3887,São João do Jacutinga,09/09/2026,Quarta-feira,10:24:00,18,2,E,90,72,Nublado,1022,3,19,nublado
8993,4055,False,7,BR,Brasil,MG,São João do Manhuaçu,SE,False,-20.394,-42.151,False,False,cities,8993,São João do Manhuaçu,09/09/2026,Quarta-feira,10:24:00,16,2,E,80,67,Nublado,1022,3,16,nublado
8994,4170,False,7,BR,Brasil,MG,São João do Manteninha,SE,False,-18.721,-41.16,False,False,cities,8994,São João do Manteninha,09/09/2026,Quarta-feira,10:24:00,22,3,E,90,82,Sol com muitas nuvens,1021,2r,24,sol-com-muitas-nuvens
8995,4056,False,7,BR,Brasil,MG,São João do Oriente,SE,False,-19.339,-42.158,False,False,cities,8995,São João do Oriente,09/09/2026,Quarta-feira,10:24:00,20,2,E,90,78,Sol com muitas nuvens,1022,2r,22,sol-com-muitas-nuvens
8996,4057,False,7,BR,Brasil,MG,São João do Pacuí,SE,False,-16.542,-44.516,False,False,cities,8996,São João do Pacuí,09/09/2026,Quarta-feira,11:09:00,21,12,E,90,63,Nublado,1020,3,20,nublado
8997,4058,False,7,BR,Brasil,MG,São João do Paraíso,SE,False,-15.314,-42.014,False,False,cities,8997,São João do Paraíso,09/09/2026,Quarta-feira,11:09:00,20,10,E,98,62,Sol com muitas nuvens,1022,2r,19,sol-com-muitas-nuvens
6543,745,False,7,BR,Brasil,MG,São Lourenço,SE,False,-22.116,-45.054,False,False,cities,6543,São Lourenço,09/09/2026,Quarta-feira,11:09:00,17,8,ENE,78,67,Sol com muitas nuvens,1020,2r,16,sol-com-muitas-nuvens
9008,6216,False,7,BR,Brasil,MG,São Mateus de Minas,SE,False,-22.705,-46.034,False,False,cities,9008,São Mateus de Minas,09/09/2026,Quarta-feira,11:09:00,15,4,E,84,54,Nublado,1020,3,13,nublado
9009,4059,False,7,BR,Brasil,MG,São Miguel do Anta,SE,False,-20.707,-42.719,False,False,cities,9009,São Miguel do Anta,09/09/2026,Quarta-feira,10:24:00,16,3,ENE,77,66,Nublado,1021,3,16,nublado
3209,3409,False,7,BR,Brasil,MG,São Pedro da União,SE,False,-21.127,-46.615,False,False,cities,3209,São Pedro da União,09/09/2026,Quarta-feira,10:24:00,17,9,E,79,67,Sol com muitas nuvens,1020,2r,16,sol-com-muitas-nuvens
9010,4060,False,7,BR,Brasil,MG,São Pedro do Suaçuí,SE,False,-18.366,-42.602,False,False,cities,9010,São Pedro do Suaçuí,09/09/2026,Quarta-feira,11:09:00,19,4,E,97,75,Sol com muitas nuvens,1023,2r,19,sol-com-muitas-nuvens
3234,3470,False,7,BR,Brasil,MG,São Pedro dos Ferros,SE,False,-20.17,-42.524,False,False,cities,3234,São Pedro dos Ferros,09/09/2026,Quarta-feira,11:09:00,20,3,E,81,78,Nublado,1022,3,21,nublado
5314,1620,False,7,BR,Brasil,MG,São Romão,SE,False,-16.369,-45.069,False,False,cities,5314,São Romão,09/09/2026,Quarta-feira,10:24:00,22,9,E,90,64,Nublado,1020,3,22,nublado
9011,4061,False,7,BR,Brasil,MG,São Roque de Minas,SE,False,-20.245,-46.366,False,False,cities,9011,São Roque de Minas,09/09/2026,Quarta-feira,10:24:00,18,9,ENE,76,69,Sol com muitas nuvens,1021,2r,16,sol-com-muitas-nuvens
2837,2635,False,7,BR,Brasil,MG,São Sebastião da Bela Vista,SE,False,-22.159,-45.754,False,False,cities,2837,São Sebastião da Bela Vista,09/09/2026,Quarta-feira,11:09:00,17,5,E,81,67,Nublado,1021,3,16,nublado
9012,4172,False,7,BR,Brasil,MG,São Sebastião da Vargem Alegre,SE,False,-21.072,-42.636,False,False,cities,9012,São Sebastião da Vargem Alegre,09/09/2026,Quarta-feira,11:09:00,18,2,ENE,75,73,Nublado,1020,3,18,nublado
6196,6771,False,7,BR,Brasil,MG,São Sebastião das Águas Claras,SE,False,-20.0491,-43.9172,False,False,cities,6196,São Sebastião das Águas Claras,09/09/2026,Quarta-feira,10:24:00,16,14,NNE,20,57,Nublado,1021,3,13,nublado
9013,4062,False,7,BR,Brasil,MG,São Sebastião do Anta,SE,False,-19.498,-41.984,False,False,cities,9013,São Sebastião do Anta,09/09/2026,Quarta-feira,11:09:00,19,2,E,90,72,Sol com muitas nuvens,1022,2r,19,sol-com-muitas-nuvens
9014,4173,False,7,BR,Brasil,MG,São Sebastião do Maranhão,SE,False,-18.084,-42.571,False,False,cities,9014,São Sebastião do Maranhão,09/09/2026,Quarta-feira,10:24:00,19,4,E,99,73,Sol com muitas nuvens,1022,2r,20,sol-com-muitas-nuvens
9015,4175,False,7,BR,Brasil,MG,São Sebastião do Oeste,SE,False,-20.276,-45.005,False,False,cities,9015,São Sebastião do Oeste,09/09/2026,Quarta-feira,11:09:00,17,12,ENE,76,69,Chuvoso,1021,5,16,chuvoso
5297,1603,False,7,BR,Brasil,MG,São Sebastião do Paraíso,SE,False,-20.917,-46.991,False,True,cities,5297,São Sebastião do Paraíso,09/09/2026,Quarta-feira,10:24:00,17,8,E,79,68,Sol com muitas nuvens,1019,2r,16,sol-com-muitas-nuvens
6333,6964,False,7,BR,Brasil,MG,São Sebastião do Pontal,SE,False,-19.755,-50.917,False,False,cities,6333,São Sebastião do Pontal,09/09/2026,Quarta-feira,10:24:00,22,4,E,90,80,Nublado,1016,3,24,nublado
9016,4174,False,7,BR,Brasil,MG,São Sebastião do Rio Preto,SE,False,-19.292,-43.174,False,False,cities,9016,São Sebastião do Rio Preto,09/09/2026,Quarta-feira,11:09:00,19,6,E,90,70,Nublado,1023,3,18,nublado
6544,746,False,7,BR,Brasil,MG,São Sebastião do Rio Verde,SE,False,-22.218,-44.976,False,False,cities,6544,São Sebastião do Rio Verde,09/09/2026,Quarta-feira,10:24:00,17,9,ENE,78,66,Sol com muitas nuvens,1019,2r,16,sol-com-muitas-nuvens
9019,4064,False,7,BR,Brasil,MG,São Thomé das Letras,SE,False,-21.722,-44.985,False,False,cities,9019,São Thomé das Letras,09/09/2026,Quarta-feira,10:24:00,14,8,ENE,77,58,Sol com muitas nuvens,1021,2r,12,sol-com-muitas-nuvens
9017,4063,False,7,BR,Brasil,MG,São Tiago,SE,False,-20.913,-44.509,False,False,cities,9017,São Tiago,09/09/2026,Quarta-feira,10:24:00,15,14,ENE,76,62,Chuvoso,1022,5,12,chuvoso
9018,2798,False,7,BR,Brasil,MG,São Tomás de Aquino,SE,False,-20.784,-47.098,False,False,cities,9018,São Tomás de Aquino,09/09/2026,Quarta-feira,10:24:00,18,8,ENE,78,66,Nublado,1019,3,17,nublado
6330,6955,False,7,BR,Brasil,MG,Tabajara,SE,False,-19.586,-41.764,False,False,cities,6330,Tabajara,09/09/2026,Quarta-feira,11:09:00,19,2,E,90,76,Sol com muitas nuvens,1023,2r,20,sol-com-muitas-nuvens
9048,4066,False,7,BR,Brasil,MG,Tabuleiro,SE,False,-21.359,-43.248,False,False,cities,9048,Tabuleiro,09/09/2026,Quarta-feira,11:09:00,20,4,ENE,74,77,Nublado,1020,3,21,nublado
5360,2026,False,7,BR,Brasil,MG,Taiobeiras,SE,False,-15.808,-42.233,False,True,cities,5360,Taiobeiras,09/09/2026,Quarta-feira,11:09:00,19,8,E,100,63,Sol com algumas nuvens,1021,2,18,sol-com-algumas-nuvens
5611,3438,False,7,BR,Brasil,MG,Taparuba,SE,False,-19.759,-41.616,False,False,cities,5611,Taparuba,09/09/2026,Quarta-feira,10:24:00,19,2,E,90,77,Sol com muitas nuvens,1022,2r,21,sol-com-muitas-nuvens
9049,4067,False,7,BR,Brasil,MG,Tapira,SE,False,-19.922,-46.823,False,False,cities,9049,Tapira,09/09/2026,Quarta-feira,11:09:00,16,7,ENE,74,59,Nublado,1021,3,14,nublado
6545,747,False,7,BR,Brasil,MG,Tapiraí,SE,False,-19.888,-46.02,False,False,cities,6545,Tapiraí,09/09/2026,Quarta-feira,10:24:00,18,8,ENE,75,69,Sol com muitas nuvens,1021,2r,17,sol-com-muitas-nuvens
9050,4068,False,7,BR,Brasil,MG,Taquaraçu de Minas,SE,False,-19.67,-43.687,False,False,cities,9050,Taquaraçu de Minas,09/09/2026,Quarta-feira,11:09:00,18,10,E,82,63,Nublado,1022,3,17,nublado
9051,4069,False,7,BR,Brasil,MG,Tarumirim,SE,False,-19.281,-42.007,False,False,cities,9051,Tarumirim,09/09/2026,Quarta-feira,11:09:00,19,3,E,90,72,Sol com muitas nuvens,1022,2r,20,sol-com-muitas-nuvens
6232,6813,False,7,BR,Brasil,MG,Tebas,SE,False,-21.581,-42.739,False,False,cities,6232,Tebas,09/09/2026,Quarta-feira,11:09:00,18,2,ENE,73,74,Nublado,1021,3,19,nublado
9052,4070,False,7,BR,Brasil,MG,Teixeiras,SE,False,-20.651,-42.857,False,False,cities,9052,Teixeiras,09/09/2026,Quarta-feira,10:24:00,17,4,ENE,78,71,Chuvoso,1022,5,17,chuvoso
6736,197,False,7,BR,Brasil,MG,Tiradentes,SE,False,-21.11,-44.178,True,False,cities,6736,Tiradentes,09/09/2026,Quarta-feira,11:09:00,16,11,ENE,76,67,Chuvoso,1022,5,13,chuvoso
9053,4071,False,7,BR,Brasil,MG,Tiros,SE,False,-19.004,-45.964,False,False,cities,9053,Tiros,09/09/2026,Quarta-feira,10:24:00,17,8,ENE,74,68,Sol com muitas nuvens,1021,2r,16,sol-com-muitas-nuvens
9054,4072,False,7,BR,Brasil,MG,Tocantins,SE,False,-21.175,-43.018,False,False,cities,9054,Tocantins,09/09/2026,Quarta-feira,11:09:00,19,4,ENE,75,73,Chuvoso,1021,5,19,chuvoso
3886,4792,False,7,BR,Brasil,MG,Tocos do Moji,SE,False,-22.371,-46.096,False,False,cities,3886,Tocos do Moji,09/09/2026,Quarta-feira,11:09:00,15,4,E,82,63,Nublado,1021,3,14,nublado
9057,4075,False,7,BR,Brasil,MG,Tombos,SE,False,-20.905,-42.023,False,False,cities,9057,Tombos,09/09/2026,Quarta-feira,10:24:00,19,2,ENE,77,76,Nublado,1021,3,20,nublado
6737,198,False,7,BR,Brasil,MG,Três Corações,SE,False,-21.697,-45.253,False,True,cities,6737,Três Corações,09/09/2026,Quarta-feira,10:24:00,17,6,ENE,78,67,Sol com muitas nuvens,1020,2r,15,sol-com-muitas-nuvens
6738,199,False,7,BR,Brasil,MG,Três Marias,SE,False,-18.206,-45.242,False,False,cities,6738,Três Marias,09/09/2026,Quarta-feira,11:09:00,20,8,E,81,69,Sol com muitas nuvens,1020,2r,19,sol-com-muitas-nuvens
6739,200,False,7,BR,Brasil,MG,Três Pontas,SE,False,-21.367,-45.513,False,True,cities,6739,Três Pontas,09/09/2026,Quarta-feira,10:24:00,17,7,E,79,68,Sol com algumas nuvens,1020,2,16,sol-com-algumas-nuvens
9058,4077,False,7,BR,Brasil,MG,Tumiritinga,SE,False,-18.979,-41.645,False,False,cities,9058,Tumiritinga,09/09/2026,Quarta-feira,10:24:00,22,3,E,90,79,Sol com algumas nuvens,1022,2,24,sol-com-algumas-nuvens
2195,2611,False,7,BR,Brasil,MG,Tupaciguara,SE,False,-18.592,-48.705,False,False,cities,2195,Tupaciguara,09/09/2026,Quarta-feira,11:09:00,20,8,ENE,69,65,Nublado,1018,3,19,nublado
6749,201,False,7,BR,Brasil,MG,Turmalina,SE,False,-17.286,-42.73,False,False,cities,6749,Turmalina,09/09/2026,Quarta-feira,11:09:00,19,6,ESE,103,69,Sol com muitas nuvens,1022,2r,19,sol-com-muitas-nuvens
9059,4078,False,7,BR,Brasil,MG,Turvolândia,SE,False,-21.876,-45.787,False,False,cities,9059,Turvolândia,09/09/2026,Quarta-feira,10:24:00,17,5,E,80,68,Sol com muitas nuvens,1021,2r,17,sol-com-muitas-nuvens
9061,4079,False,7,BR,Brasil,MG,Ubaporanga,SE,False,-19.635,-42.106,False,False,cities,9061,Ubaporanga,09/09/2026,Quarta-feira,10:24:00,18,2,E,90,66,Nublado,1022,3,18,nublado
9060,4080,False,7,BR,Brasil,MG,Ubaí,SE,False,-16.285,-44.778,False,False,cities,9060,Ubaí,09/09/2026,Quarta-feira,10:24:00,21,13,E,90,61,Nublado,1020,3,20,nublado
6750,202,False,7,BR,Brasil,MG,Uberaba,SE,False,-19.748,-47.932,False,True,cities,6750,Uberaba,09/09/2026,Quarta-feira,10:24:00,21,10,W,260,68,Nublado,1018,3,20,nublado
6751,203,False,7,BR,Brasil,MG,Uberlândia,SE,False,-18.919,-48.277,False,True,cities,6751,Uberlândia,09/09/2026,Quarta-feira,10:24:00,20,10,ENE,69,68,Nublado,1018,3,19,nublado
6752,204,False,7,BR,Brasil,MG,Ubá,SE,False,-21.12,-42.943,False,False,cities,6752,Ubá,09/09/2026,Quarta-feira,10:24:00,19,4,ENE,75,77,Nublado,1021,3,20,nublado
9062,4081,False,7,BR,Brasil,MG,Umburatiba,SE,False,-17.256,-40.573,False,False,cities,9062,Umburatiba,09/09/2026,Quarta-feira,11:09:00,21,7,E,94,88,Sol com muitas nuvens,1022,2r,23,sol-com-muitas-nuvens
6753,205,False,7,BR,Brasil,MG,Unaí,SE,False,-16.358,-46.906,False,True,cities,6753,Unaí,09/09/2026,Quarta-feira,10:24:00,21,11,ENE,72,67,Nublado,1020,3,20,nublado
2377,2612,False,7,BR,Brasil,MG,União de Minas,SE,False,-19.53,-50.336,False,False,cities,2377,União de Minas,09/09/2026,Quarta-feira,10:24:00,22,5,ENE,76,76,Nublado,1017,3,23,nublado
9063,4082,False,7,BR,Brasil,MG,Uruana de Minas,SE,False,-16.064,-46.254,False,False,cities,9063,Uruana de Minas,09/09/2026,Quarta-feira,10:24:00,21,9,ENE,78,62,Nublado,1020,3,20,nublado
9065,4083,False,7,BR,Brasil,MG,Urucuia,SE,False,-16.133,-45.742,False,False,cities,9065,Urucuia,09/09/2026,Quarta-feira,10:24:00,22,9,E,83,65,Nublado,1020,3,22,nublado
9064,4084,False,7,BR,Brasil,MG,Urucânia,SE,False,-20.351,-42.739,False,False,cities,9064,Urucânia,09/09/2026,Quarta-feira,11:09:00,19,4,E,79,75,Chuvoso,1022,5,19,chuvoso
9066,4085,False,7,BR,Brasil,MG,Vargem Alegre,SE,False,-19.608,-42.298,False,False,cities,9066,Vargem Alegre,09/09/2026,Quarta-feira,11:09:00,19,2,E,90,75,Sol com muitas nuvens,1022,2r,21,sol-com-muitas-nuvens
9067,4086,False,7,BR,Brasil,MG,Vargem Bonita,SE,False,-20.327,-46.366,False,False,cities,9067,Vargem Bonita,09/09/2026,Quarta-feira,10:24:00,18,9,ENE,76,70,Sol com muitas nuvens,1021,2r,17,sol-com-muitas-nuvens
9068,4191,False,7,BR,Brasil,MG,Vargem Grande do Rio Pardo,SE,False,-15.403,-42.307,False,False,cities,9068,Vargem Grande do Rio Pardo,09/09/2026,Quarta-feira,10:24:00,19,10,E,98,58,Sol com muitas nuvens,1022,2r,17,sol-com-muitas-nuvens
6754,206,False,7,BR,Brasil,MG,Varginha,SE,False,-21.551,-45.43,False,False,cities,6754,Varginha,09/09/2026,Quarta-feira,11:09:00,16,5,E,79,67,Sol com muitas nuvens,1020,2r,16,sol-com-muitas-nuvens
9069,4087,False,7,BR,Brasil,MG,Varjão de Minas,SE,False,-18.378,-46.032,False,False,cities,9069,Varjão de Minas,09/09/2026,Quarta-feira,10:24:00,18,8,ENE,74,61,Sol com muitas nuvens,1021,2r,17,sol-com-muitas-nuvens
9071,4088,False,7,BR,Brasil,MG,Varzelândia,SE,False,-15.701,-44.027,False,False,cities,9071,Varzelândia,09/09/2026,Quarta-feira,10:24:00,21,8,E,100,58,Sol com algumas nuvens,1020,2,20,sol-com-algumas-nuvens
3121,2666,False,7,BR,Brasil,MG,Vazante,SE,False,-17.987,-46.908,False,False,cities,3121,Vazante,09/09/2026,Quarta-feira,11:09:00,20,9,ENE,73,69,Sol com muitas nuvens,1020,2r,19,sol-com-muitas-nuvens
9072,4089,False,7,BR,Brasil,MG,Verdelândia,SE,False,-15.589,-43.603,False,False,cities,9072,Verdelândia,09/09/2026,Quarta-feira,10:24:00,23,8,ESE,103,59,Sol,1020,1,23,sol
9073,4090,False,7,BR,Brasil,MG,Veredinha,SE,False,-17.399,-42.736,False,False,cities,9073,Veredinha,09/09/2026,Quarta-feira,11:09:00,19,7,ESE,102,66,Sol com muitas nuvens,1022,2r,18,sol-com-muitas-nuvens
9075,4091,False,7,BR,Brasil,MG,Vermelho Novo,SE,False,-20.036,-42.267,False,False,cities,9075,Vermelho Novo,09/09/2026,Quarta-feira,10:24:00,19,2,E,82,69,Nublado,1022,3,20,nublado
9074,4092,False,7,BR,Brasil,MG,Veríssimo,SE,False,-19.663,-48.308,False,False,cities,9074,Veríssimo,09/09/2026,Quarta-feira,10:24:00,20,8,ENE,72,68,Nublado,1018,3,20,nublado
6755,207,False,7,BR,Brasil,MG,Vespasiano,SE,False,-19.692,-43.923,False,False,cities,6755,Vespasiano,09/09/2026,Quarta-feira,10:24:00,18,11,E,80,63,Nublado,1021,3,16,nublado
9076,4093,False,7,BR,Brasil,MG,Vieiras,SE,False,-20.866,-42.244,False,False,cities,9076,Vieiras,09/09/2026,Quarta-feira,11:09:00,16,2,ENE,77,64,Nublado,1021,3,16,nublado
6546,748,False,7,BR,Brasil,MG,Virgínia,SE,False,-22.333,-45.092,False,False,cities,6546,Virgínia,09/09/2026,Quarta-feira,10:24:00,14,8,ENE,79,53,Sol com muitas nuvens,1019,2r,11,sol-com-muitas-nuvens
6757,209,False,7,BR,Brasil,MG,Visconde do Rio Branco,SE,False,-21.01,-42.841,False,False,cities,6757,Visconde do Rio Branco,09/09/2026,Quarta-feira,10:24:00,18,3,ENE,76,75,Nublado,1021,3,19,nublado
6758,210,False,7,BR,Brasil,MG,Viçosa,SE,False,-20.754,-42.882,False,True,cities,6758,Viçosa,09/09/2026,Quarta-feira,10:24:00,18,4,NE,45,72,Chuvoso,1021,5,18,chuvoso
9079,4096,False,7,BR,Brasil,MG,Volta Grande,SE,False,-21.771,-42.539,False,False,cities,9079,Volta Grande,09/09/2026,Quarta-feira,11:09:00,20,2,ENE,73,82,Nublado,1021,3,22,nublado
9070,4097,False,7,BR,Brasil,MG,Várzea da Palma,SE,False,-17.598,-44.731,False,False,cities,9070,Várzea da Palma,09/09/2026,Quarta-feira,11:09:00,21,7,E,90,64,Sol com muitas nuvens,1021,2r,21,sol-com-muitas-nuvens
9080,4098,False,7,BR,Brasil,MG,Wenceslau Braz,SE,False,-22.534,-45.363,False,False,cities,9080,Wenceslau Braz,09/09/2026,Quarta-feira,11:09:00,14,6,E,80,54,Nublado,1019,3,12,nublado
3159,2799,False,7,BR,Brasil,MG,Água Comprida,SE,False,-20.056,-48.109,False,False,cities,3159,Água Comprida,09/09/2026,Quarta-feira,11:09:00,21,7,ENE,74,72,Nublado,1017,3,21,nublado
8531,6852,False,7,BR,Brasil,MG,Águas Férreas,SE,False,-20.094,-42.625,False,False,cities,8531,Águas Férreas,09/09/2026,Quarta-feira,11:09:00,20,3,E,81,78,Nublado,1022,3,21,nublado
5693,1108,False,7,BR,Brasil,MS,Albuquerque,CO,False,-19.406,-57.41,False,False,cities,5693,Albuquerque,09/09/2026,Quarta-feira,10:24:00,22,9,NE,41,73,Sol com muitas nuvens,1012,2r,23,sol-com-muitas-nuvens
7671,1109,False,7,BR,Brasil,MS,Amambai,CO,False,-23.104,-55.226,False,False,cities,7671,Amambai,09/09/2026,Quarta-feira,10:24:00,16,6,E,81,78,Sol com muitas nuvens,1015,2r,15,sol-com-muitas-nuvens
5694,1110,False,7,BR,Brasil,MS,Anastácio,CO,False,-20.484,-55.807,False,False,cities,5694,Anastácio,09/09/2026,Quarta-feira,10:24:00,22,3,E,97,83,Sol com muitas nuvens,1013,2r,24,sol-com-muitas-nuvens
3177,3156,False,7,BR,Brasil,MS,Angélica,CO,False,-22.153,-53.771,False,False,cities,3177,Angélica,09/09/2026,Quarta-feira,11:09:00,19,8,E,90,86,Chuvoso,1015,5,20,chuvoso
4438,5543,False,7,BR,Brasil,MS,Anhandui,CO,False,-20.976,-54.505,False,False,cities,4438,Anhandui,09/09/2026,Quarta-feira,10:24:00,19,11,E,90,79,Nublado,1015,3,19,nublado
3166,3114,False,7,BR,Brasil,MS,Aparecida do Taboado,CO,False,-20.087,-51.094,False,False,cities,3166,Aparecida do Taboado,09/09/2026,Quarta-feira,10:24:00,22,2,E,90,81,Nublado,1016,3,24,nublado
6547,749,False,7,BR,Brasil,MS,Aquidauana,CO,False,-20.471,-55.787,False,False,cities,6547,Aquidauana,09/09/2026,Quarta-feira,10:24:00,22,3,E,97,83,Sol com muitas nuvens,1013,2r,24,sol-com-muitas-nuvens
5190,2139,False,7,BR,Brasil,MS,Aral Moreira,CO,False,-22.934,-55.635,False,False,cities,5190,Aral Moreira,09/09/2026,Quarta-feira,10:24:00,17,7,E,82,75,Nublado,1015,3,16,nublado
5695,1111,False,7,BR,Brasil,MS,Arapuá,CO,False,-20.792,-52.053,False,False,cities,5695,Arapuá,09/09/2026,Quarta-feira,11:09:00,20,4,E,90,85,Nublado,1016,3,21,nublado
5696,1112,False,7,BR,Brasil,MS,Bandeirantes,CO,False,-19.918,-54.364,False,False,cities,5696,Bandeirantes,09/09/2026,Quarta-feira,10:24:00,20,10,E,90,69,Nublado,1015,3,20,nublado
3226,3454,False,7,BR,Brasil,MS,Bataiporã,CO,False,-22.295,-53.271,False,False,cities,3226,Bataiporã,09/09/2026,Quarta-feira,10:24:00,19,8,E,90,85,Chuvoso,1016,5,20,chuvoso
5697,1113,False,7,BR,Brasil,MS,Baús,CO,False,-18.442,-53.033,False,False,cities,5697,Baús,09/09/2026,Quarta-feira,10:24:00,21,12,ESE,121,70,Nublado,1016,3,20,nublado
5698,1114,False,7,BR,Brasil,MS,Bodoquena,CO,False,-20.539,-56.715,False,False,cities,5698,Bodoquena,09/09/2026,Quarta-feira,11:09:00,20,7,ENE,70,82,Sol com muitas nuvens,1013,2r,21,sol-com-muitas-nuvens
6548,750,False,7,BR,Brasil,MS,Bonito,CO,False,-21.121,-56.482,False,True,cities,6548,Bonito,09/09/2026,Quarta-feira,11:09:00,20,6,ENE,78,82,Nublado,1014,3,21,nublado
9082,2178,False,7,BR,Brasil,MS,Brasilândia,CO,False,-21.256,-52.037,False,True,cities,9082,Brasilândia,09/09/2026,Quarta-feira,10:24:00,20,5,E,90,86,Chuvoso,1016,5,21,chuvoso
5699,1115,False,7,BR,Brasil,MS,Caarapó,CO,False,-22.634,-54.822,False,False,cities,5699,Caarapó,09/09/2026,Quarta-feira,10:24:00,18,8,ENE,62,80,Chuvoso,1016,5,18,chuvoso
5700,1116,False,7,BR,Brasil,MS,Camapuã,CO,False,-19.531,-54.044,False,True,cities,5700,Camapuã,09/09/2026,Quarta-feira,10:24:00,21,7,E,90,78,Nublado,1015,3,22,nublado
6760,212,True,7,BR,Brasil,MS,Campo Grande,CO,False,-20.447,-54.723,True,False,cities,6760,Campo Grande,09/09/2026,Quarta-feira,11:09:00,22,17,NNE,20,71,Nublado,1014,3,21,nublado
3235,3471,False,7,BR,Brasil,MS,Caracol,CO,False,-22.014,-57.024,False,False,cities,3235,Caracol,09/09/2026,Quarta-feira,10:24:00,21,14,E,85,75,Sol com muitas nuvens,1012,2r,20,sol-com-muitas-nuvens
4439,5544,False,7,BR,Brasil,MS,Coimbra,CO,False,-19.92,-57.794,False,False,cities,4439,Coimbra,09/09/2026,Quarta-feira,11:09:00,23,13,NE,49,75,Sol com muitas nuvens,1012,2r,24,sol-com-muitas-nuvens
4128,5124,False,7,BR,Brasil,MS,Corguinho,CO,False,-19.832,-54.829,False,False,cities,4128,Corguinho,09/09/2026,Quarta-feira,11:09:00,21,11,ENE,76,79,Sol com muitas nuvens,1014,2r,22,sol-com-muitas-nuvens
9083,2140,False,7,BR,Brasil,MS,Coronel Sapucaia,CO,False,-23.272,-55.529,False,False,cities,9083,Coronel Sapucaia,09/09/2026,Quarta-feira,10:24:00,17,6,E,81,76,Nublado,1015,3,17,nublado
6549,751,False,7,BR,Brasil,MS,Corumbá,CO,False,-19.009,-57.653,True,False,cities,6549,Corumbá,09/09/2026,Quarta-feira,10:24:00,25,7,NNE,33,73,Sol com muitas nuvens,1011,2r,27,sol-com-muitas-nuvens
5701,1119,False,7,BR,Brasil,MS,Costa Rica,CO,False,-18.544,-53.129,False,False,cities,5701,Costa Rica,09/09/2026,Quarta-feira,10:24:00,21,12,ESE,121,70,Sol com muitas nuvens,1016,2r,20,sol-com-muitas-nuvens
9084,752,False,7,BR,Brasil,MS,Coxim,CO,False,-18.507,-54.76,False,False,cities,9084,Coxim,09/09/2026,Quarta-feira,10:24:00,22,11,E,90,82,Sol,1014,1,23,sol
4440,5545,False,7,BR,Brasil,MS,Cristalina,CO,False,-22.498,-54.756,False,False,cities,4440,Cristalina,09/09/2026,Quarta-feira,10:24:00,19,9,E,82,84,Nublado,1016,3,20,nublado
5702,1120,False,7,BR,Brasil,MS,Deodápolis,CO,False,-22.276,-54.165,False,False,cities,5702,Deodápolis,09/09/2026,Quarta-feira,11:09:00,19,9,E,83,85,Chuvoso,1015,5,20,chuvoso
4032,4987,False,7,BR,Brasil,MS,Dois Irmãos do Buriti,CO,False,-20.68,-55.296,False,False,cities,4032,Dois Irmãos do Buriti,09/09/2026,Quarta-feira,11:09:00,21,7,ENE,78,78,Nublado,1014,3,23,nublado
3151,2762,False,7,BR,Brasil,MS,Douradina,CO,False,-22.04,-54.613,False,False,cities,3151,Douradina,09/09/2026,Quarta-feira,10:24:00,19,10,E,83,85,Nublado,1015,3,20,nublado
6761,213,False,7,BR,Brasil,MS,Dourados,CO,False,-22.221,-54.806,False,False,cities,6761,Dourados,09/09/2026,Quarta-feira,10:24:00,19,10,E,82,83,Chuvoso,1015,5,19,chuvoso
5703,1121,False,7,BR,Brasil,MS,Eldorado,CO,False,-23.787,-54.284,False,False,cities,5703,Eldorado,09/09/2026,Quarta-feira,10:24:00,18,6,ENE,74,85,Sol com muitas nuvens,1016,2r,19,sol-com-muitas-nuvens
4500,5607,False,7,BR,Brasil,MS,Figueirão,CO,False,-18.675,-53.642,False,False,cities,4500,Figueirão,09/09/2026,Quarta-feira,11:09:00,22,11,ESE,114,78,Sol com algumas nuvens,1015,2,22,sol-com-algumas-nuvens
5704,1122,False,7,BR,Brasil,MS,Fátima do Sul,CO,False,-22.374,-54.514,False,False,cities,5704,Fátima do Sul,09/09/2026,Quarta-feira,11:09:00,19,9,E,82,85,Nublado,1016,3,20,nublado
5705,1123,False,7,BR,Brasil,MS,Garcias,CO,False,-20.602,-52.219,False,False,cities,5705,Garcias,09/09/2026,Quarta-feira,11:09:00,19,4,E,90,83,Nublado,1016,3,21,nublado
5494,1549,False,7,BR,Brasil,MS,Glória de Dourados,CO,False,-22.418,-54.233,False,True,cities,5494,Glória de Dourados,09/09/2026,Quarta-feira,10:24:00,19,9,E,82,85,Nublado,1016,3,19,nublado
5706,1125,False,7,BR,Brasil,MS,Iguatemi,CO,False,-23.68,-54.561,False,False,cities,5706,Iguatemi,09/09/2026,Quarta-feira,10:24:00,18,6,ENE,76,83,Sol com muitas nuvens,1015,2r,19,sol-com-muitas-nuvens
5707,1126,False,7,BR,Brasil,MS,Indaiá Grande,CO,False,-19.517,-51.833,False,False,cities,5707,Indaiá Grande,09/09/2026,Quarta-feira,11:09:00,20,6,E,90,69,Nublado,1016,3,20,nublado
5708,1127,False,7,BR,Brasil,MS,Indaiá do Sul,CO,False,-18.994,-52.369,False,False,cities,5708,Indaiá do Sul,09/09/2026,Quarta-feira,10:24:00,20,8,ESE,108,74,Nublado,1016,3,20,nublado
9085,6943,False,7,BR,Brasil,MS,Indápolis,CO,False,-22.206,-54.651,False,False,cities,9085,Indápolis,09/09/2026,Quarta-feira,11:09:00,19,10,E,82,84,Chuvoso,1015,5,19,chuvoso
4107,5094,False,7,BR,Brasil,MS,Inocência,CO,False,-19.726,-51.93,False,False,cities,4107,Inocência,09/09/2026,Quarta-feira,10:24:00,21,5,E,90,75,Nublado,1016,3,22,nublado
3131,2714,False,7,BR,Brasil,MS,Itaporã,CO,False,-22.079,-54.789,False,False,cities,3131,Itaporã,09/09/2026,Quarta-feira,10:24:00,18,10,E,82,81,Chuvoso,1015,5,18,chuvoso
7674,1128,False,7,BR,Brasil,MS,Itaquiraí,CO,False,-23.474,-54.185,False,False,cities,7674,Itaquiraí,09/09/2026,Quarta-feira,10:24:00,18,7,ENE,76,86,Sol com algumas nuvens,1016,2,18,sol-com-algumas-nuvens
4108,5095,False,7,BR,Brasil,MS,Itaum,CO,False,-22.082,-55.352,False,False,cities,4108,Itaum,09/09/2026,Quarta-feira,11:09:00,18,9,E,82,80,Chuvoso,1015,5,17,chuvoso
7675,214,False,7,BR,Brasil,MS,Ivinhema,CO,False,-22.305,-53.815,False,False,cities,7675,Ivinhema,09/09/2026,Quarta-feira,11:09:00,19,8,NW,313,86,Chuvoso,1015,5,20,chuvoso
3989,4920,False,7,BR,Brasil,MS,Japorã,CO,False,-23.891,-54.404,False,False,cities,3989,Japorã,09/09/2026,Quarta-feira,11:09:00,18,5,ENE,73,84,Sol com muitas nuvens,1015,2r,19,sol-com-muitas-nuvens
4129,5125,False,7,BR,Brasil,MS,Jaraguari,CO,False,-20.142,-54.399,False,False,cities,4129,Jaraguari,09/09/2026,Quarta-feira,10:24:00,21,13,E,90,71,Nublado,1015,3,20,nublado
5709,1129,False,7,BR,Brasil,MS,Jardim,CO,False,-21.48,-56.138,False,True,cities,5709,Jardim,09/09/2026,Quarta-feira,10:24:00,21,5,ENE,73,83,Nublado,1013,3,22,nublado
9086,3157,False,7,BR,Brasil,MS,Jateí,CO,False,-22.482,-54.302,False,False,cities,9086,Jateí,09/09/2026,Quarta-feira,11:09:00,19,9,E,82,85,Nublado,1016,3,19,nublado
7676,1130,False,7,BR,Brasil,MS,Juti,CO,False,-22.861,-54.603,False,False,cities,7676,Juti,09/09/2026,Quarta-feira,10:24:00,18,9,E,80,85,Sol com muitas nuvens,1016,2r,18,sol-com-muitas-nuvens
5982,1131,False,7,BR,Brasil,MS,Ladário,CO,False,-19.005,-57.602,False,False,cities,5982,Ladário,09/09/2026,Quarta-feira,11:09:00,25,7,NNE,33,75,Nublado,1012,3,27,nublado
9087,2763,False,7,BR,Brasil,MS,Laguna Carapã,CO,False,-22.546,-55.15,False,True,cities,9087,Laguna Carapã,09/09/2026,Quarta-feira,10:24:00,18,9,E,82,79,Chuvoso,1015,5,18,chuvoso
7677,1132,False,7,BR,Brasil,MS,Maracaju,CO,False,-21.614,-55.168,False,False,cities,7677,Maracaju,09/09/2026,Quarta-feira,10:24:00,18,8,E,81,79,Nublado,1012,3,18,nublado
7678,1133,False,7,BR,Brasil,MS,Miranda,CO,False,-20.241,-56.378,False,False,cities,7678,Miranda,09/09/2026,Quarta-feira,11:09:00,20,4,ENE,69,87,Sol com muitas nuvens,1013,2r,22,sol-com-muitas-nuvens
6145,1134,False,7,BR,Brasil,MS,Morangas,CO,False,-19.368,-51.871,False,False,cities,6145,Morangas,09/09/2026,Quarta-feira,11:09:00,21,7,E,90,73,Nublado,1016,3,22,nublado
6248,1135,False,7,BR,Brasil,MS,Morumbi,CO,False,-23.802,-54.103,False,False,cities,6248,Morumbi,09/09/2026,Quarta-feira,10:24:00,19,7,ENE,73,88,Sol com muitas nuvens,1016,2r,20,sol-com-muitas-nuvens
9088,1136,False,7,BR,Brasil,MS,Mundo Novo,CO,False,-23.938,-54.271,False,False,cities,9088,Mundo Novo,09/09/2026,Quarta-feira,10:24:00,18,5,ENE,72,86,Sol com muitas nuvens,1016,2r,19,sol-com-muitas-nuvens
9089,1137,False,7,BR,Brasil,MS,Naviraí,CO,False,-23.065,-54.191,False,False,cities,9089,Naviraí,09/09/2026,Quarta-feira,11:09:00,18,8,ENE,78,87,Sol com muitas nuvens,1016,2r,18,sol-com-muitas-nuvens
3222,3439,False,7,BR,Brasil,MS,Nioaque,CO,False,-21.135,-55.83,False,False,cities,3222,Nioaque,09/09/2026,Quarta-feira,11:09:00,21,3,E,79,82,Nublado,1014,3,23,nublado
9090,2764,False,7,BR,Brasil,MS,Nova Alvorada do Sul,CO,False,-21.466,-54.384,False,False,cities,9090,Nova Alvorada do Sul,09/09/2026,Quarta-feira,11:09:00,19,10,E,90,84,Nublado,1015,3,19,nublado
9091,1138,False,7,BR,Brasil,MS,Nova Andradina,CO,False,-22.233,-53.343,False,True,cities,9091,Nova Andradina,09/09/2026,Quarta-feira,11:09:00,19,8,E,90,85,Chuvoso,1016,5,20,chuvoso
9092,1139,False,7,BR,Brasil,MS,Nova Esperança,CO,False,-22.558,-54.292,False,False,cities,9092,Nova Esperança,09/09/2026,Quarta-feira,10:24:00,19,9,E,82,85,Nublado,1016,3,19,nublado
6341,1140,False,7,BR,Brasil,MS,Nova Jales,CO,False,-19.362,-51.32,False,False,cities,6341,Nova Jales,09/09/2026,Quarta-feira,11:09:00,21,7,E,90,78,Nublado,1016,3,22,nublado
4543,5665,False,7,BR,Brasil,MS,Nova Porto XV,CO,False,-21.717,-52.383,False,False,cities,4543,Nova Porto XV,09/09/2026,Quarta-feira,11:09:00,20,8,E,90,85,Chuvoso,1016,5,21,chuvoso
3990,4921,False,7,BR,Brasil,MS,Novo Horizonte do Sul,CO,False,-22.672,-53.861,False,False,cities,3990,Novo Horizonte do Sul,09/09/2026,Quarta-feira,10:24:00,19,8,E,81,86,Nublado,1016,3,19,nublado
6342,1141,False,7,BR,Brasil,MS,Paiaguás,CO,False,-18.447,-57.041,False,False,cities,6342,Paiaguás,09/09/2026,Quarta-feira,11:09:00,23,8,NE,35,75,Sol com muitas nuvens,1012,2r,25,sol-com-muitas-nuvens
9145,6906,False,7,BR,Brasil,MS,Pantanal da Nhecolândia,CO,False,-19.249165,-57.029343,False,False,cities,9145,Pantanal da Nhecolândia,09/09/2026,Quarta-feira,11:09:00,23,7,NE,43,79,Sol com muitas nuvens,1012,2r,25,sol-com-muitas-nuvens
7679,215,False,7,BR,Brasil,MS,Paranaíba,CO,False,-19.677,-51.191,False,False,cities,7679,Paranaíba,09/09/2026,Quarta-feira,11:09:00,21,5,E,90,78,Nublado,1016,3,23,nublado
9094,4192,False,7,BR,Brasil,MS,Paranhos,CO,False,-23.893,-55.431,False,False,cities,9094,Paranhos,09/09/2026,Quarta-feira,10:24:00,18,6,ENE,78,80,Sol com muitas nuvens,1014,2r,18,sol-com-muitas-nuvens
9093,753,False,7,BR,Brasil,MS,Paraíso,CO,False,-19.017,-53.012,False,False,cities,9093,Paraíso,09/09/2026,Quarta-feira,11:09:00,21,9,ESE,115,68,Nublado,1015,3,20,nublado
6343,1142,False,7,BR,Brasil,MS,Pedro Gomes,CO,False,-18.101,-54.552,False,False,cities,6343,Pedro Gomes,09/09/2026,Quarta-feira,11:09:00,23,11,E,90,75,Sol com muitas nuvens,1014,2r,23,sol-com-muitas-nuvens
9095,754,False,7,BR,Brasil,MS,Ponta Porã,CO,False,-22.536,-55.726,True,True,cities,9095,Ponta Porã,09/09/2026,Quarta-feira,10:24:00,17,10,E,82,73,Nublado,1015,3,16,nublado
6197,6772,False,7,BR,Brasil,MS,Pontinha do Coxo,CO,False,-19.015,-53.899,False,False,cities,6197,Pontinha do Coxo,09/09/2026,Quarta-feira,11:09:00,22,9,E,90,76,Sol com muitas nuvens,1015,2r,23,sol-com-muitas-nuvens
6344,1143,False,7,BR,Brasil,MS,Porto Esperança,CO,False,-19.608,-57.433,False,False,cities,6344,Porto Esperança,09/09/2026,Quarta-feira,10:24:00,23,11,NE,46,79,Sol com muitas nuvens,1012,2r,24,sol-com-muitas-nuvens
4501,5608,False,7,BR,Brasil,MS,Porto Morrinho,CO,False,-16.617,-57.817,False,False,cities,4501,Porto Morrinho,09/09/2026,Quarta-feira,11:09:00,24,8,NE,50,70,Sol com algumas nuvens,1013,2,26,sol-com-algumas-nuvens
6345,1144,False,7,BR,Brasil,MS,Porto Murtinho,CO,False,-21.699,-57.883,False,False,cities,6345,Porto Murtinho,09/09/2026,Quarta-feira,11:09:00,20,6,SE,130,83,Sol com algumas nuvens,1011,2,22,sol-com-algumas-nuvens
4109,5096,False,7,BR,Brasil,MS,Porto Primavera,CO,False,-22.483,-53.017,False,False,cities,4109,Porto Primavera,09/09/2026,Quarta-feira,10:24:00,20,9,E,83,88,Chuvoso,1016,5,21,chuvoso
6219,6797,False,7,BR,Brasil,MS,Porto Vilma,CO,False,-22.073,-54.191,False,False,cities,6219,Porto Vilma,09/09/2026,Quarta-feira,10:24:00,19,9,E,90,85,Chuvoso,1015,5,20,chuvoso
9096,2765,False,7,BR,Brasil,MS,Rio Brilhante,CO,False,-21.802,-54.546,False,False,cities,9096,Rio Brilhante,09/09/2026,Quarta-feira,11:09:00,19,10,E,90,85,Nublado,1015,3,20,nublado
5504,1146,False,7,BR,Brasil,MS,Rio Negro,CO,False,-19.449,-54.987,False,False,cities,5504,Rio Negro,09/09/2026,Quarta-feira,10:24:00,23,9,ENE,73,79,Sol com muitas nuvens,1014,2r,25,sol-com-muitas-nuvens
5298,1604,False,7,BR,Brasil,MS,Rio Verde de Mato Grosso,CO,False,-18.918,-54.844,False,False,cities,5298,Rio Verde de Mato Grosso,09/09/2026,Quarta-feira,10:24:00,22,10,ENE,73,79,Sol com algumas nuvens,1015,2,23,sol-com-algumas-nuvens
5505,1148,False,7,BR,Brasil,MS,Rio Verde do Sul,CO,False,-22.883,-55.45,False,False,cities,5505,Rio Verde do Sul,09/09/2026,Quarta-feira,10:24:00,17,6,E,81,78,Nublado,1015,3,17,nublado
5506,1149,False,7,BR,Brasil,MS,Rochedinho,CO,False,-20.225,-54.589,False,False,cities,5506,Rochedinho,09/09/2026,Quarta-feira,10:24:00,20,15,E,90,68,Nublado,1015,3,19,nublado
3947,4868,False,7,BR,Brasil,MS,Rochedo,CO,False,-19.953,-54.892,False,False,cities,3947,Rochedo,09/09/2026,Quarta-feira,11:09:00,21,12,ENE,77,80,Sol com muitas nuvens,1014,2r,21,sol-com-muitas-nuvens
9097,2152,False,7,BR,Brasil,MS,Sanga Puitã,CO,False,-22.622,-55.621,False,False,cities,9097,Sanga Puitã,09/09/2026,Quarta-feira,10:24:00,17,9,E,82,74,Nublado,1015,3,16,nublado
9098,4791,False,7,BR,Brasil,MS,Santa Rita do Pardo,CO,False,-21.303,-52.831,False,True,cities,9098,Santa Rita do Pardo,09/09/2026,Quarta-feira,10:24:00,19,6,SE,129,85,Nublado,1016,3,20,nublado
4319,5361,False,7,BR,Brasil,MS,Selvíria,CO,False,-20.367,-51.419,False,False,cities,4319,Selvíria,09/09/2026,Quarta-feira,10:24:00,20,3,E,90,83,Nublado,1016,3,22,nublado
9100,2141,False,7,BR,Brasil,MS,Sete Quedas,CO,False,-23.97,-55.036,False,False,cities,9100,Sete Quedas,09/09/2026,Quarta-feira,10:24:00,16,4,E,90,80,Sol com muitas nuvens,1015,2r,17,sol-com-muitas-nuvens
9101,2041,False,7,BR,Brasil,MS,Sidrolândia,CO,False,-20.932,-54.961,False,True,cities,9101,Sidrolândia,09/09/2026,Quarta-feira,11:09:00,22,8,E,80,74,Nublado,1014,3,22,nublado
5376,2042,False,7,BR,Brasil,MS,Sonora,CO,False,-17.577,-54.758,False,False,cities,5376,Sonora,09/09/2026,Quarta-feira,11:09:00,22,11,NNW,330,69,Sol com muitas nuvens,1015,2r,22,sol-com-muitas-nuvens
9099,1552,False,7,BR,Brasil,MS,São Gabriel do Oeste,CO,False,-19.395,-54.566,False,False,cities,9099,São Gabriel do Oeste,09/09/2026,Quarta-feira,11:09:00,20,7,SW,236,69,Sol com muitas nuvens,1015,2r,20,sol-com-muitas-nuvens
9102,1152,False,7,BR,Brasil,MS,Tacuru,CO,False,-23.633,-55.016,False,False,cities,9102,Tacuru,09/09/2026,Quarta-feira,11:09:00,17,5,ENE,78,82,Sol com algumas nuvens,1015,2,18,sol-com-algumas-nuvens
9103,4796,False,7,BR,Brasil,MS,Taquarussu,CO,False,-22.488,-53.351,False,False,cities,9103,Taquarussu,09/09/2026,Quarta-feira,10:24:00,19,8,E,81,87,Nublado,1016,3,20,nublado
9104,1153,False,7,BR,Brasil,MS,Taunay,CO,False,-20.289,-56.077,False,False,cities,9104,Taunay,09/09/2026,Quarta-feira,10:24:00,21,4,ENE,71,85,Sol com muitas nuvens,1013,2r,23,sol-com-muitas-nuvens
9105,1154,False,7,BR,Brasil,MS,Terenos,CO,False,-20.442,-54.86,False,False,cities,9105,Terenos,09/09/2026,Quarta-feira,11:09:00,22,15,E,81,71,Nublado,1014,3,21,nublado
9106,216,False,7,BR,Brasil,MS,Três Lagoas,CO,False,-20.751,-51.678,False,True,cities,9106,Três Lagoas,09/09/2026,Quarta-feira,10:24:00,20,3,SE,130,85,Nublado,1017,3,22,nublado
9107,1155,False,7,BR,Brasil,MS,Velhacaria,CO,False,-19.431,-51.709,False,False,cities,9107,Velhacaria,09/09/2026,Quarta-feira,11:09:00,22,7,E,90,77,Nublado,1016,3,23,nublado
6237,6822,False,7,BR,Brasil,MS,Vila União,CO,False,-22.111,-54.169,False,False,cities,6237,Vila União,09/09/2026,Quarta-feira,10:24:00,19,9,E,90,85,Chuvoso,1015,5,20,chuvoso
4688,5883,False,7,BR,Brasil,MS,Vila Vargas,CO,False,-22.136,-54.618,False,False,cities,4688,Vila Vargas,09/09/2026,Quarta-feira,11:09:00,19,10,E,82,85,Nublado,1015,3,19,nublado
4397,5466,False,7,BR,Brasil,MT,Acorizal,CO,False,-15.205,-56.366,False,False,cities,4397,Acorizal,09/09/2026,Quarta-feira,11:09:00,24,7,ENE,65,80,Sol com muitas nuvens,1014,2r,27,sol-com-muitas-nuvens
9110,1157,False,7,BR,Brasil,MT,Alcantilado,CO,False,-16.416,-53.521,False,False,cities,9110,Alcantilado,09/09/2026,Quarta-feira,10:24:00,21,6,ESE,116,75,Nublado,1017,3,23,nublado
6765,217,False,7,BR,Brasil,MT,Alta Floresta,CO,False,-9.876,-56.086,False,True,cities,6765,Alta Floresta,09/09/2026,Quarta-feira,11:09:00,22,5,N,7,88,Nublado,1015,3,24,nublado
9111,2153,False,7,BR,Brasil,MT,Alto Araguaia,CO,False,-17.315,-53.215,False,False,cities,9111,Alto Araguaia,09/09/2026,Quarta-feira,10:24:00,20,11,ENE,65,69,Nublado,1016,3,20,nublado
9112,4111,False,7,BR,Brasil,MT,Alto Boa Vista,CO,False,-11.674,-51.388,False,False,cities,9112,Alto Boa Vista,09/09/2026,Quarta-feira,10:24:00,24,5,SE,124,83,Nublado,1015,3,27,nublado
9113,1158,False,7,BR,Brasil,MT,Alto Coité,CO,False,-15.739,-54.336,False,False,cities,9113,Alto Coité,09/09/2026,Quarta-feira,10:24:00,23,11,E,90,76,Nublado,1016,3,24,nublado
9114,2766,False,7,BR,Brasil,MT,Alto Garças,CO,False,-16.944,-53.528,False,True,cities,9114,Alto Garças,09/09/2026,Quarta-feira,10:24:00,19,7,ESE,123,67,Nublado,1016,3,18,nublado
9115,4766,False,7,BR,Brasil,MT,Alto Paraguai,CO,False,-14.514,-56.483,False,False,cities,9115,Alto Paraguai,09/09/2026,Quarta-feira,10:24:00,24,6,ENE,62,81,Nublado,1017,3,27,nublado
9116,2767,False,7,BR,Brasil,MT,Alto Taquari,CO,False,-17.826,-53.282,False,True,cities,9116,Alto Taquari,09/09/2026,Quarta-feira,11:09:00,19,12,W,277,65,Nublado,1016,3,18,nublado
9117,1159,False,7,BR,Brasil,MT,Anhumas,CO,False,-16.898,-54.644,False,False,cities,9117,Anhumas,09/09/2026,Quarta-feira,10:24:00,22,7,ENE,72,75,Nublado,1015,3,23,nublado
9118,4767,False,7,BR,Brasil,MT,Apiacás,CO,False,-9.544,-57.449,False,False,cities,9118,Apiacás,09/09/2026,Quarta-feira,11:09:00,22,6,N,360,90,Sol com muitas nuvens,1015,2r,24,sol-com-muitas-nuvens
4398,5467,False,7,BR,Brasil,MT,Araguaiana,CO,False,-15.734,-51.831,False,False,cities,4398,Araguaiana,09/09/2026,Quarta-feira,11:09:00,23,7,ESE,113,86,Nublado,1016,3,25,nublado
4399,5468,False,7,BR,Brasil,MT,Araguainha,CO,False,-16.856,-53.032,False,False,cities,4399,Araguainha,09/09/2026,Quarta-feira,11:09:00,20,9,SE,132,78,Nublado,1017,3,21,nublado
4110,5097,False,7,BR,Brasil,MT,Araguapaz,CO,False,-10.316,-55.41,False,False,cities,4110,Araguapaz,09/09/2026,Quarta-feira,11:09:00,23,5,N,7,90,Nublado,1015,3,26,nublado
3195,3373,False,7,BR,Brasil,MT,Araputanga,CO,False,-15.471,-58.353,False,False,cities,3195,Araputanga,09/09/2026,Quarta-feira,11:09:00,24,3,ENE,65,75,Nublado,1013,3,26,nublado
4286,5323,False,7,BR,Brasil,MT,Arenápolis,CO,False,-14.45,-56.846,False,False,cities,4286,Arenápolis,09/09/2026,Quarta-feira,10:24:00,23,7,ENE,62,79,Sol com muitas nuvens,1015,2r,25,sol-com-muitas-nuvens
9119,4768,False,7,BR,Brasil,MT,Aripuanã,CO,False,-10.167,-59.459,False,False,cities,9119,Aripuanã,09/09/2026,Quarta-feira,11:09:00,23,2,SSE,158,87,Sol com muitas nuvens,1014,2r,27,sol-com-muitas-nuvens
7594,1160,False,7,BR,Brasil,MT,Arruda,CO,False,-14.941,-56.17,False,False,cities,7594,Arruda,09/09/2026,Quarta-feira,10:24:00,23,6,ENE,65,74,Sol com muitas nuvens,1014,2r,24,sol-com-muitas-nuvens
7596,4769,False,7,BR,Brasil,MT,Barra do Bugres,CO,False,-15.072,-57.181,False,False,cities,7596,Barra do Bugres,09/09/2026,Quarta-feira,10:24:00,25,7,WNW,298,78,Sol,1014,1,28,sol
6346,755,False,7,BR,Brasil,MT,Barra do Garças,CO,False,-15.89,-52.257,False,False,cities,6346,Barra do Garças,09/09/2026,Quarta-feira,10:24:00,22,5,ENE,60,85,Nublado,1016,3,25,nublado
7595,4770,False,7,BR,Brasil,MT,Barão de Melgaço,CO,False,-16.2,-55.97,False,False,cities,7595,Barão de Melgaço,09/09/2026,Quarta-feira,10:24:00,24,8,ENE,62,82,Sol com muitas nuvens,1014,2r,27,sol-com-muitas-nuvens
7597,1161,False,7,BR,Brasil,MT,Bauxi,CO,False,-15.154,-56.749,False,False,cities,7597,Bauxi,09/09/2026,Quarta-feira,11:09:00,23,6,ENE,64,73,Sol com algumas nuvens,1014,2,24,sol-com-algumas-nuvens
7598,6932,False,7,BR,Brasil,MT,Boa Esperança,CO,False,-13.516,-55.054,False,False,cities,7598,Boa Esperança,09/09/2026,Quarta-feira,11:09:00,22,5,ENE,57,80,Sol com muitas nuvens,1015,2r,24,sol-com-muitas-nuvens
7599,1162,False,7,BR,Brasil,MT,Bom Sucesso,CO,False,-15.714,-56.107,False,False,cities,7599,Bom Sucesso,09/09/2026,Quarta-feira,10:24:00,24,8,ENE,68,79,Sol com muitas nuvens,1016,2r,27,sol-com-muitas-nuvens
3130,2708,False,7,BR,Brasil,MT,Brasnorte,CO,False,-12.155,-57.979,False,True,cities,3130,Brasnorte,09/09/2026,Quarta-feira,10:24:00,22,8,ENE,61,85,Sol com muitas nuvens,1014,2r,23,sol-com-muitas-nuvens
7600,1163,False,7,BR,Brasil,MT,Buriti,CO,False,-17.979,-53.552,False,False,cities,7600,Buriti,09/09/2026,Quarta-feira,11:09:00,22,12,SE,124,79,Sol com muitas nuvens,1015,2r,23,sol-com-muitas-nuvens
7601,4112,False,7,BR,Brasil,MT,Campinápolis,CO,False,-14.516,-52.895,False,False,cities,7601,Campinápolis,09/09/2026,Quarta-feira,11:09:00,21,6,ESE,115,76,Nublado,1016,3,22,nublado
7602,2709,False,7,BR,Brasil,MT,Campo Novo do Parecis,CO,False,-13.675,-57.892,False,True,cities,7602,Campo Novo do Parecis,09/09/2026,Quarta-feira,11:09:00,21,8,ENE,66,73,Sol,1015,1,22,sol
7603,1164,False,7,BR,Brasil,MT,Campo Verde,CO,False,-15.547,-55.169,False,True,cities,7603,Campo Verde,09/09/2026,Quarta-feira,11:09:00,21,10,ENE,72,66,Nublado,1016,3,21,nublado
3227,3455,False,7,BR,Brasil,MT,Campos de Júlio,CO,False,-13.899,-59.148,False,True,cities,3227,Campos de Júlio,09/09/2026,Quarta-feira,10:24:00,21,4,E,82,71,Sol com muitas nuvens,1015,2r,22,sol-com-muitas-nuvens
4400,5469,False,7,BR,Brasil,MT,Cana Brava do Norte,CO,False,-11.054,-51.831,False,False,cities,4400,Cana Brava do Norte,09/09/2026,Quarta-feira,10:24:00,23,5,ESE,117,86,Nublado,1015,3,26,nublado
7604,1165,False,7,BR,Brasil,MT,Canarana,CO,False,-13.552,-52.268,False,True,cities,7604,Canarana,09/09/2026,Quarta-feira,10:24:00,23,7,SSE,166,84,Nublado,1017,3,25,nublado
7605,5470,False,7,BR,Brasil,MT,Carlinda,CO,False,-9.958,-55.832,False,False,cities,7605,Carlinda,09/09/2026,Quarta-feira,10:24:00,22,5,N,7,85,Nublado,1015,3,24,nublado
7606,4125,False,7,BR,Brasil,MT,Castanheira,CO,False,-11.133,-58.602,False,False,cities,7606,Castanheira,09/09/2026,Quarta-feira,10:24:00,22,1,ENE,74,91,Sol com muitas nuvens,1014,2r,26,sol-com-muitas-nuvens
7607,1553,False,7,BR,Brasil,MT,Chapada dos Guimarães,CO,False,-15.461,-55.75,True,False,cities,7607,Chapada dos Guimarães,09/09/2026,Quarta-feira,10:24:00,23,9,ENE,69,75,Nublado,1014,3,24,nublado
4072,5029,False,7,BR,Brasil,MT,Cláudia,CO,False,-11.515,-54.891,False,False,cities,4072,Cláudia,09/09/2026,Quarta-feira,10:24:00,22,4,NNE,18,88,Nublado,1015,3,25,nublado
7608,1167,False,7,BR,Brasil,MT,Cocalinho,CO,False,-14.397,-50.996,False,False,cities,7608,Cocalinho,09/09/2026,Quarta-feira,11:09:00,23,11,WSW,240,87,Chuvoso,1016,5,25,chuvoso
7610,4739,False,7,BR,Brasil,MT,Colniza,CO,False,-9.409,-59.025,False,False,cities,7610,Colniza,09/09/2026,Quarta-feira,11:09:00,23,3,E,90,87,Sol com muitas nuvens,1014,2r,27,sol-com-muitas-nuvens
7609,1168,False,7,BR,Brasil,MT,Colíder,CO,False,-10.818,-55.451,False,False,cities,7609,Colíder,09/09/2026,Quarta-feira,11:09:00,22,5,N,10,82,Nublado,1015,3,24,nublado
7611,2800,False,7,BR,Brasil,MT,Comodoro,CO,False,-13.663,-59.786,False,False,cities,7611,Comodoro,09/09/2026,Quarta-feira,11:09:00,22,4,WSW,239,72,Sol com muitas nuvens,1015,2r,23,sol-com-muitas-nuvens
7612,4771,False,7,BR,Brasil,MT,Confresa,CO,False,-10.644,-51.569,False,False,cities,7612,Confresa,09/09/2026,Quarta-feira,11:09:00,23,4,SSW,210,86,Nublado,1015,3,27,nublado
6233,6814,False,7,BR,Brasil,MT,Conquista d'Oeste,CO,False,-14.683,-59.183,False,False,cities,6233,Conquista d'Oeste,09/09/2026,Quarta-feira,11:09:00,20,3,ENE,78,67,Nublado,1015,3,21,nublado
7613,1169,False,7,BR,Brasil,MT,Coronel Ponce,CO,False,-15.549,-55.016,False,False,cities,7613,Coronel Ponce,09/09/2026,Quarta-feira,11:09:00,22,11,E,79,67,Nublado,1016,3,21,nublado
7614,5471,False,7,BR,Brasil,MT,Cotriguaçu,CO,False,-9.957,-58.414,False,False,cities,7614,Cotriguaçu,09/09/2026,Quarta-feira,11:09:00,23,3,ENE,70,85,Sol com algumas nuvens,1014,2,26,sol-com-algumas-nuvens
7615,218,True,7,BR,Brasil,MT,Cuiabá,CO,False,-15.607,-56.061,True,False,cities,7615,Cuiabá,09/09/2026,Quarta-feira,11:09:00,25,8,NE,34,80,Sol com muitas nuvens,1015,2r,27,sol-com-muitas-nuvens
4320,5362,False,7,BR,Brasil,MT,Curvelândia,CO,False,-15.602,-57.923,False,False,cities,4320,Curvelândia,09/09/2026,Quarta-feira,11:09:00,24,5,ENE,63,73,Nublado,1012,3,27,nublado
6347,756,False,7,BR,Brasil,MT,Cáceres,CO,False,-16.071,-57.679,False,False,cities,6347,Cáceres,09/09/2026,Quarta-feira,10:24:00,24,6,ENE,60,75,Sol com muitas nuvens,1012,2r,26,sol-com-muitas-nuvens
4033,4988,False,7,BR,Brasil,MT,Denise,CO,False,-14.74,-57.054,False,False,cities,4033,Denise,09/09/2026,Quarta-feira,10:24:00,24,8,ENE,64,79,Sol com algumas nuvens,1014,2,26,sol-com-algumas-nuvens
7616,219,False,7,BR,Brasil,MT,Diamantino,CO,False,-14.409,-56.446,False,True,cities,7616,Diamantino,09/09/2026,Quarta-feira,10:24:00,24,6,ENE,61,78,Sol com muitas nuvens,1018,2r,26,sol-com-muitas-nuvens
7617,2768,False,7,BR,Brasil,MT,Dom Aquino,CO,False,-15.811,-54.918,False,True,cities,7617,Dom Aquino,09/09/2026,Quarta-feira,10:24:00,24,10,ENE,71,78,Nublado,1016,3,25,nublado
3991,4922,False,7,BR,Brasil,MT,Feliz Natal,CO,False,-12.386,-54.92,False,False,cities,3991,Feliz Natal,09/09/2026,Quarta-feira,10:24:00,22,4,NE,40,78,Nublado,1013,3,24,nublado
7618,5472,False,7,BR,Brasil,MT,Figueirópolis d'Oeste,CO,False,-15.445,-58.74,False,False,cities,7618,Figueirópolis d'Oeste,09/09/2026,Quarta-feira,11:09:00,24,3,ENE,69,72,Sol com muitas nuvens,1013,2r,26,sol-com-muitas-nuvens
7619,4749,False,7,BR,Brasil,MT,Gaúcha do Norte,CO,False,-13.242,-53.08,False,True,cities,7619,Gaúcha do Norte,09/09/2026,Quarta-feira,10:24:00,22,6,E,101,84,Nublado,1016,3,25,nublado
7620,2769,False,7,BR,Brasil,MT,General Carneiro,CO,False,-15.711,-52.755,False,False,cities,7620,General Carneiro,09/09/2026,Quarta-feira,11:09:00,22,5,SE,125,84,Nublado,1016,3,24,nublado
4404,5473,False,7,BR,Brasil,MT,Glória d'Oeste,CO,False,-15.77,-58.31,False,False,cities,4404,Glória d'Oeste,09/09/2026,Quarta-feira,11:09:00,24,4,ENE,63,73,Sol com muitas nuvens,1013,2r,26,sol-com-muitas-nuvens
7621,4193,False,7,BR,Brasil,MT,Guarantã do Norte,CO,False,-9.787,-54.91,False,False,cities,7621,Guarantã do Norte,09/09/2026,Quarta-feira,10:24:00,22,7,N,360,85,Nublado,1015,3,24,nublado
7622,1170,False,7,BR,Brasil,MT,Guiratinga,CO,False,-16.349,-53.758,False,True,cities,7622,Guiratinga,09/09/2026,Quarta-feira,10:24:00,22,5,ESE,112,74,Nublado,1016,3,24,nublado
4405,5474,False,7,BR,Brasil,MT,Indiavaí,CO,False,-15.494,-58.573,False,False,cities,4405,Indiavaí,09/09/2026,Quarta-feira,11:09:00,24,3,ENE,67,74,Sol com muitas nuvens,1013,2r,26,sol-com-muitas-nuvens
4406,5475,False,7,BR,Brasil,MT,Itaúba,CO,False,-11.062,-55.276,False,False,cities,4406,Itaúba,09/09/2026,Quarta-feira,11:09:00,22,5,N,11,85,Nublado,1015,3,24,nublado
7623,2770,False,7,BR,Brasil,MT,Itiquira,CO,False,-17.209,-54.15,False,True,cities,7623,Itiquira,09/09/2026,Quarta-feira,11:09:00,21,5,E,90,72,Nublado,1015,3,22,nublado
7624,1171,False,7,BR,Brasil,MT,Jaciara,CO,False,-15.965,-54.968,False,False,cities,7624,Jaciara,09/09/2026,Quarta-feira,10:24:00,23,9,ENE,70,80,Nublado,1015,3,25,nublado
7625,1172,False,7,BR,Brasil,MT,Jangada,CO,False,-15.236,-56.489,False,False,cities,7625,Jangada,09/09/2026,Quarta-feira,10:24:00,24,7,ENE,65,78,Sol com muitas nuvens,1014,2r,26,sol-com-muitas-nuvens
7626,1173,False,7,BR,Brasil,MT,Jarudoré,CO,False,-16.197,-54.307,False,False,cities,7626,Jarudoré,09/09/2026,Quarta-feira,11:09:00,23,6,E,90,79,Nublado,1015,3,25,nublado
7627,1174,False,7,BR,Brasil,MT,Jauru,CO,False,-15.342,-58.866,False,False,cities,7627,Jauru,09/09/2026,Quarta-feira,11:09:00,24,3,ENE,71,67,Sol com muitas nuvens,1013,2r,26,sol-com-muitas-nuvens
5203,2154,False,7,BR,Brasil,MT,Juara,CO,False,-11.255,-57.52,False,False,cities,5203,Juara,09/09/2026,Quarta-feira,11:09:00,23,3,NE,42,91,Chuvoso,1014,5,26,chuvoso
4407,5476,False,7,BR,Brasil,MT,Juruena,CO,False,-10.318,-58.359,False,False,cities,4407,Juruena,09/09/2026,Quarta-feira,10:24:00,23,3,ENE,65,90,Sol com muitas nuvens,1014,2r,26,sol-com-muitas-nuvens
7628,2771,False,7,BR,Brasil,MT,Juscimeira,CO,False,-16.051,-54.884,False,False,cities,7628,Juscimeira,09/09/2026,Quarta-feira,11:09:00,23,9,ENE,72,76,Nublado,1015,3,24,nublado
3248,3508,False,7,BR,Brasil,MT,Juína,CO,False,-11.378,-58.741,False,False,cities,3248,Juína,09/09/2026,Quarta-feira,10:24:00,21,2,ENE,77,84,Sol com muitas nuvens,1014,2r,24,sol-com-muitas-nuvens
4408,5477,False,7,BR,Brasil,MT,Lambari d'Oeste,CO,False,-15.323,-58.004,False,False,cities,4408,Lambari d'Oeste,09/09/2026,Quarta-feira,11:09:00,24,5,ENE,65,76,Nublado,1013,3,26,nublado
7629,2698,False,7,BR,Brasil,MT,Lucas do Rio Verde,CO,False,-13.05,-55.911,False,True,cities,7629,Lucas do Rio Verde,09/09/2026,Quarta-feira,10:24:00,22,4,NE,44,82,Nublado,1015,3,24,nublado
4111,5098,False,7,BR,Brasil,MT,Marcelândia,CO,False,-11.089,-54.451,False,False,cities,4111,Marcelândia,09/09/2026,Quarta-feira,11:09:00,22,2,NNE,13,87,Nublado,1016,3,26,nublado
4926,1178,False,7,BR,Brasil,MT,Mirassol d'Oeste,CO,False,-15.675,-58.096,False,False,cities,4926,Mirassol d'Oeste,09/09/2026,Quarta-feira,11:09:00,24,5,E,81,71,Nublado,1012,3,26,nublado
7633,2772,False,7,BR,Brasil,MT,Nortelândia,CO,False,-14.455,-56.803,False,False,cities,7633,Nortelândia,09/09/2026,Quarta-feira,10:24:00,23,7,ENE,62,79,Sol com muitas nuvens,1015,2r,25,sol-com-muitas-nuvens
6214,6791,False,7,BR,Brasil,MT,Nossa Senhora do Livramento,CO,False,-15.775,-56.346,False,False,cities,6214,Nossa Senhora do Livramento,09/09/2026,Quarta-feira,11:09:00,24,8,ENE,66,77,Sol com muitas nuvens,1015,2r,27,sol-com-muitas-nuvens
4409,5478,False,7,BR,Brasil,MT,Nova Bandeirantes,CO,False,-9.85,-57.811,False,False,cities,4409,Nova Bandeirantes,09/09/2026,Quarta-feira,10:24:00,22,5,NNE,29,88,Chuvoso,1015,5,25,chuvoso
4410,5479,False,7,BR,Brasil,MT,Nova Brasilândia,CO,False,-14.957,-54.966,False,False,cities,4410,Nova Brasilândia,09/09/2026,Quarta-feira,10:24:00,22,9,ENE,74,70,Nublado,1016,3,23,nublado
4411,5480,False,7,BR,Brasil,MT,Nova Canaã do Norte,CO,False,-10.558,-55.953,False,False,cities,4411,Nova Canaã do Norte,09/09/2026,Quarta-feira,11:09:00,23,4,N,10,90,Nublado,1015,3,27,nublado
3948,4869,False,7,BR,Brasil,MT,Nova Guarita,CO,False,-10.313,-55.408,False,False,cities,3948,Nova Guarita,09/09/2026,Quarta-feira,11:09:00,23,5,N,7,90,Nublado,1015,3,26,nublado
4412,5481,False,7,BR,Brasil,MT,Nova Lacerda,CO,False,-14.476,-59.609,False,False,cities,4412,Nova Lacerda,09/09/2026,Quarta-feira,10:24:00,24,2,E,82,78,Sol com muitas nuvens,1014,2r,27,sol-com-muitas-nuvens
4413,5482,False,7,BR,Brasil,MT,Nova Monte Verde,CO,False,-9.982,-57.535,False,False,cities,4413,Nova Monte Verde,09/09/2026,Quarta-feira,10:24:00,22,6,NNE,20,88,Sol com muitas nuvens,1015,2r,24,sol-com-muitas-nuvens
6247,6853,False,7,BR,Brasil,MT,Novo Horizonte do Norte,CO,False,-11.413,-57.352,False,False,cities,6247,Novo Horizonte do Norte,09/09/2026,Quarta-feira,10:24:00,21,4,NE,36,84,Chuvoso,1014,5,23,chuvoso
4414,5484,False,7,BR,Brasil,MT,Novo Mundo,CO,True,-9.95,-55.198,False,False,cities,4414,Novo Mundo,09/09/2026,Quarta-feira,11:09:00,23,6,N,5,88,Nublado,1015,3,25,nublado
4321,5363,False,7,BR,Brasil,MT,Novo Santo Antônio,CO,False,-11.6,-50.65,False,False,cities,4321,Novo Santo Antônio,09/09/2026,Quarta-feira,10:24:00,25,5,ESE,116,87,Nublado,1015,3,29,nublado
4415,5485,False,7,BR,Brasil,MT,Paranaíta,CO,False,-9.665,-56.477,False,False,cities,4415,Paranaíta,09/09/2026,Quarta-feira,10:24:00,22,6,N,7,91,Nublado,1015,3,24,nublado
6348,757,False,7,BR,Brasil,MT,Paraíso do Leste,CO,False,-16.07,-54.163,False,False,cities,6348,Paraíso do Leste,09/09/2026,Quarta-feira,10:24:00,22,7,E,90,77,Nublado,1015,3,23,nublado
4416,5486,False,7,BR,Brasil,MT,Planalto da Serra,CO,False,-14.66,-54.78,False,False,cities,4416,Planalto da Serra,09/09/2026,Quarta-feira,10:24:00,23,8,ENE,71,71,Nublado,1015,3,24,nublado
4417,5487,False,7,BR,Brasil,MT,Pontal do Araguaia,CO,False,-15.91,-52.26,False,False,cities,4417,Pontal do Araguaia,09/09/2026,Quarta-feira,10:24:00,22,5,ENE,60,85,Nublado,1016,3,25,nublado
4322,5364,False,7,BR,Brasil,MT,Porto Alegre do Norte,CO,False,-10.877,-51.633,False,False,cities,4322,Porto Alegre do Norte,09/09/2026,Quarta-feira,11:09:00,24,4,ESE,117,87,Nublado,1015,3,27,nublado
4418,5488,False,7,BR,Brasil,MT,Porto Estrela,CO,False,-15.324,-57.227,False,False,cities,4418,Porto Estrela,09/09/2026,Quarta-feira,10:24:00,24,7,ENE,62,77,Sol com muitas nuvens,1014,2r,27,sol-com-muitas-nuvens
5377,2043,False,7,BR,Brasil,MT,Primavera do Leste,CO,False,-15.559,-54.296,False,True,cities,5377,Primavera do Leste,09/09/2026,Quarta-feira,10:24:00,22,12,E,90,69,Nublado,1016,3,22,nublado
4225,5261,False,7,BR,Brasil,MT,Reserva do Cabaçal,CO,False,-15.08,-58.466,False,False,cities,4225,Reserva do Cabaçal,09/09/2026,Quarta-feira,10:24:00,22,3,ENE,69,72,Sol com muitas nuvens,1014,2r,23,sol-com-muitas-nuvens
3949,4870,False,7,BR,Brasil,MT,Ribeirão Cascalheira,CO,False,-12.942,-51.824,False,False,cities,3949,Ribeirão Cascalheira,09/09/2026,Quarta-feira,10:24:00,23,5,SE,126,83,Nublado,1016,3,26,nublado
3950,4871,False,7,BR,Brasil,MT,Ribeirãozinho,CO,False,-16.485,-52.692,False,False,cities,3950,Ribeirãozinho,09/09/2026,Quarta-feira,11:09:00,21,7,SE,132,81,Nublado,1016,3,22,nublado
4419,5489,False,7,BR,Brasil,MT,Rio Branco,CO,False,-15.241,-58.116,False,False,cities,4419,Rio Branco,09/09/2026,Quarta-feira,10:24:00,23,4,ENE,66,76,Nublado,1013,3,25,nublado
7665,2155,False,7,BR,Brasil,MT,Rosário Oeste,CO,False,-14.836,-56.427,False,False,cities,7665,Rosário Oeste,09/09/2026,Quarta-feira,10:24:00,24,5,NW,320,81,Sol com muitas nuvens,1014,2r,27,sol-com-muitas-nuvens
7680,5609,False,7,BR,Brasil,MT,Santa Rita do Trivelato,CO,False,-13.82,-55.27,False,True,cities,7680,Santa Rita do Trivelato,09/09/2026,Quarta-feira,10:24:00,22,6,ENE,60,80,Nublado,1015,3,24,nublado
4420,5490,False,7,BR,Brasil,MT,Santa Terezinha,CO,False,-10.47,-50.503,False,False,cities,4420,Santa Terezinha,09/09/2026,Quarta-feira,11:09:00,24,5,E,90,89,Sol com muitas nuvens,1015,2r,28,sol-com-muitas-nuvens
4421,5491,False,7,BR,Brasil,MT,Santo Afonso,CO,False,-14.497,-57.002,False,False,cities,4421,Santo Afonso,09/09/2026,Quarta-feira,10:24:00,22,7,ENE,62,73,Sol com algumas nuvens,1014,2,23,sol-com-algumas-nuvens
3294,2588,False,7,BR,Brasil,MT,Sapezal,CO,False,-12.989,-58.764,False,True,cities,3294,Sapezal,09/09/2026,Quarta-feira,11:09:00,22,9,ENE,78,81,Nublado,995,3,24,nublado
6349,758,False,7,BR,Brasil,MT,Sinop,CO,False,-11.864,-55.502,False,True,cities,6349,Sinop,09/09/2026,Quarta-feira,10:24:00,22,8,NNE,24,82,Nublado,1015,3,24,nublado
4422,5492,False,7,BR,Brasil,MT,São José do Povo,CO,False,-16.465,-54.255,False,False,cities,4422,São José do Povo,09/09/2026,Quarta-feira,10:24:00,23,5,E,90,79,Nublado,1015,3,26,nublado
3196,3374,False,7,BR,Brasil,MT,São José dos Quatro Marcos,CO,False,-15.621,-58.176,False,False,cities,3196,São José dos Quatro Marcos,09/09/2026,Quarta-feira,11:09:00,24,4,ENE,63,73,Nublado,1012,3,27,nublado
4423,5493,False,7,BR,Brasil,MT,Tabaporã,CO,False,-11.228,-56.814,False,True,cities,4423,Tabaporã,09/09/2026,Quarta-feira,10:24:00,22,7,NNW,330,87,Nublado,1013,3,24,nublado
4112,5099,False,7,BR,Brasil,MT,Uirapuru,CO,False,-14.5,-59.483,False,False,cities,4112,Uirapuru,09/09/2026,Quarta-feira,11:09:00,21,2,E,81,68,Sol com muitas nuvens,1014,2r,22,sol-com-muitas-nuvens
4424,5494,False,7,BR,Brasil,MT,União do Sul,CO,False,-11.533,-54.353,False,False,cities,4424,União do Sul,09/09/2026,Quarta-feira,11:09:00,22,3,NNE,19,86,Nublado,1015,3,25,nublado
6350,759,False,7,BR,Brasil,MT,Vila Bela da Santíssima Trindade,CO,False,-15.008,-59.951,False,False,cities,6350,Vila Bela da Santíssima Trindade,09/09/2026,Quarta-feira,11:09:00,24,3,ENE,78,73,Sol,1013,1,27,sol
4130,5127,False,7,BR,Brasil,MT,Vila Rica,CO,False,-10.012,-51.116,False,False,cities,4130,Vila Rica,09/09/2026,Quarta-feira,10:24:00,23,4,E,90,87,Sol com muitas nuvens,1015,2r,26,sol-com-muitas-nuvens
9109,2783,False,7,BR,Brasil,MT,Água Boa,CO,False,-14.05,-52.159,False,False,cities,9109,Água Boa,09/09/2026,Quarta-feira,11:09:00,21,7,ESE,122,77,Sol com muitas nuvens,1016,2r,23,sol-com-muitas-nuvens
5916,6422,False,7,BR,Brasil,PA,Abel Figueiredo,N,False,-4.954,-48.393,False,False,cities,5916,Abel Figueiredo,09/09/2026,Quarta-feira,10:24:00,24,9,ENE,77,84,Sol,1014,1,26,sol
5917,6423,False,7,BR,Brasil,PA,Anajás,N,False,-0.987,-49.94,False,False,cities,5917,Anajás,09/09/2026,Quarta-feira,10:24:00,25,7,ENE,59,95,Sol,1014,1,29,sol
5918,6424,False,7,BR,Brasil,PA,Anapu,N,False,-3.472,-51.198,False,False,cities,5918,Anapu,09/09/2026,Quarta-feira,11:09:00,25,4,ENE,68,91,Sol,1014,1,29,sol
5919,6425,False,7,BR,Brasil,PA,Augusto Corrêa,N,True,-1.022,-46.635,False,False,cities,5919,Augusto Corrêa,09/09/2026,Quarta-feira,10:24:00,27,16,N,360,84,Sol,1015,1,29,sol
5920,6426,False,7,BR,Brasil,PA,Aurora do Pará,N,False,-2.134,-47.559,False,False,cities,5920,Aurora do Pará,09/09/2026,Quarta-feira,10:24:00,24,7,NNE,33,89,Sol,1014,1,28,sol
5921,6427,False,7,BR,Brasil,PA,Aveiro,N,False,-3.606,-55.332,False,False,cities,5921,Aveiro,09/09/2026,Quarta-feira,11:09:00,26,7,E,90,83,Sol com muitas nuvens,1014,2r,29,sol-com-muitas-nuvens
5922,6428,False,7,BR,Brasil,PA,Bagre,N,False,-1.9,-50.164,False,False,cities,5922,Bagre,09/09/2026,Quarta-feira,11:09:00,26,12,ENE,63,90,Sol,1014,1,29,sol
5923,6429,False,7,BR,Brasil,PA,Baião,N,False,-2.791,-49.672,False,False,cities,5923,Baião,09/09/2026,Quarta-feira,10:24:00,25,8,ENE,63,91,Sol,1014,1,29,sol
5924,6430,False,7,BR,Brasil,PA,Bannach,N,False,-7.348,-50.396,False,False,cities,5924,Bannach,09/09/2026,Quarta-feira,11:09:00,23,6,NE,52,80,Sol com muitas nuvens,1015,2r,25,sol-com-muitas-nuvens
5925,6431,False,7,BR,Brasil,PA,Barcarena,N,False,-1.506,-48.626,False,False,cities,5925,Barcarena,09/09/2026,Quarta-feira,10:24:00,25,7,NE,34,92,Sol,1014,1,29,sol
5926,6432,False,7,BR,Brasil,PA,Benevides,N,False,-1.361,-48.245,False,False,cities,5926,Benevides,09/09/2026,Quarta-feira,10:24:00,25,6,NNE,21,91,Sol,1014,1,30,sol
5927,6434,False,7,BR,Brasil,PA,Bonito,N,False,-1.363,-47.306,False,False,cities,5927,Bonito,09/09/2026,Quarta-feira,11:09:00,25,8,N,11,90,Sol,1014,1,29,sol
9120,6438,False,7,BR,Brasil,PA,Cachoeira do Piriá,N,False,-1.76,-46.545,False,False,cities,9120,Cachoeira do Piriá,09/09/2026,Quarta-feira,10:24:00,25,7,NNE,30,91,Sol,1014,1,28,sol
9121,1195,False,7,BR,Brasil,PA,Cametá,N,False,-2.244,-49.496,False,False,cities,9121,Cametá,09/09/2026,Quarta-feira,11:09:00,26,10,ENE,59,90,Sol,1014,1,30,sol
9122,6439,False,7,BR,Brasil,PA,Canaã dos Carajás,N,False,-6.497,-49.878,False,False,cities,9122,Canaã dos Carajás,09/09/2026,Quarta-feira,10:24:00,22,5,ENE,63,73,Sol com muitas nuvens,1015,2r,24,sol-com-muitas-nuvens
9123,234,False,7,BR,Brasil,PA,Capanema,N,False,-1.196,-47.181,False,False,cities,9123,Capanema,09/09/2026,Quarta-feira,10:24:00,25,9,N,7,89,Sol,1014,1,29,sol
9124,1196,False,7,BR,Brasil,PA,Capitão Poço,N,False,-1.746,-47.059,False,False,cities,9124,Capitão Poço,09/09/2026,Quarta-feira,11:09:00,24,7,NNE,22,90,Sol,1014,1,28,sol
6032,6575,False,7,BR,Brasil,PA,Carajás,N,False,-2.95,-51.867,False,False,cities,6032,Carajás,09/09/2026,Quarta-feira,11:09:00,25,4,ENE,72,89,Sol,1014,1,30,sol
9125,235,False,7,BR,Brasil,PA,Castanhal,N,False,-1.294,-47.926,False,False,cities,9125,Castanhal,09/09/2026,Quarta-feira,10:24:00,25,6,NW,320,89,Sol,1014,1,30,sol
9126,6440,False,7,BR,Brasil,PA,Chaves,N,True,-0.16,-49.988,False,False,cities,9126,Chaves,09/09/2026,Quarta-feira,11:09:00,27,12,ENE,67,83,Sol,1014,1,30,sol
9127,6441,False,7,BR,Brasil,PA,Colares,N,False,-0.937,-48.282,False,False,cities,9127,Colares,09/09/2026,Quarta-feira,10:24:00,26,12,N,9,87,Sol,1014,1,30,sol
9128,236,False,7,BR,Brasil,PA,Conceição do Araguaia,N,False,-8.258,-49.265,False,False,cities,9128,Conceição do Araguaia,09/09/2026,Quarta-feira,10:24:00,24,5,NE,47,90,Sol com muitas nuvens,1015,2r,28,sol-com-muitas-nuvens
9129,6442,False,7,BR,Brasil,PA,Concórdia do Pará,N,False,-2.002,-47.95,False,False,cities,9129,Concórdia do Pará,09/09/2026,Quarta-feira,11:09:00,24,6,NNE,34,92,Sol,1014,1,28,sol
9130,6443,False,7,BR,Brasil,PA,Cumaru do Norte,N,False,-7.825,-50.773,False,False,cities,9130,Cumaru do Norte,09/09/2026,Quarta-feira,11:09:00,23,3,NE,45,88,Sol e Chuva,1015,4,27,sol-e-chuva
4034,4989,False,7,BR,Brasil,PA,Curionópolis,N,False,-6.102,-49.598,False,False,cities,4034,Curionópolis,09/09/2026,Quarta-feira,10:24:00,23,7,ENE,67,85,Sol com muitas nuvens,1015,2r,26,sol-com-muitas-nuvens
9131,6444,False,7,BR,Brasil,PA,Curralinho,N,False,-1.814,-49.795,False,False,cities,9131,Curralinho,09/09/2026,Quarta-feira,11:09:00,26,11,ENE,60,90,Sol,1014,1,30,sol
9132,6445,False,7,BR,Brasil,PA,Curuá,N,False,-1.888,-55.117,False,False,cities,9132,Curuá,09/09/2026,Quarta-feira,11:09:00,27,10,ESE,109,76,Sol com muitas nuvens,1013,2r,29,sol-com-muitas-nuvens
9133,237,False,7,BR,Brasil,PA,Curuçá,N,True,-0.729,-47.848,False,False,cities,9133,Curuçá,09/09/2026,Quarta-feira,11:09:00,26,17,N,360,86,Sol com algumas nuvens,1014,2,29,sol-com-algumas-nuvens
3951,4872,False,7,BR,Brasil,PA,Dom Eliseu,N,False,-4.285,-47.505,False,False,cities,3951,Dom Eliseu,09/09/2026,Quarta-feira,11:09:00,24,9,E,82,84,Sol,1015,1,27,sol
9134,1557,False,7,BR,Brasil,PA,Eldorado dos Carajás,N,False,-6.104,-49.355,False,False,cities,9134,Eldorado dos Carajás,09/09/2026,Quarta-feira,11:09:00,24,6,ENE,69,88,Sol com algumas nuvens,1014,2,28,sol-com-algumas-nuvens
7444,6446,False,7,BR,Brasil,PA,Faro,N,False,-2.171,-56.745,False,False,cities,7444,Faro,09/09/2026,Quarta-feira,11:09:00,27,6,SE,136,83,Sol,1013,1,30,sol
7445,5262,False,7,BR,Brasil,PA,Floresta do Araguaia,N,False,-7.554,-49.713,False,False,cities,7445,Floresta do Araguaia,09/09/2026,Quarta-feira,11:09:00,24,4,NE,51,88,Sol,1015,1,27,sol
7446,6447,False,7,BR,Brasil,PA,Garrafão do Norte,N,False,-1.934,-47.052,False,False,cities,7446,Garrafão do Norte,09/09/2026,Quarta-feira,11:09:00,24,7,NNE,26,90,Sol,1014,1,28,sol
4194,5194,False,7,BR,Brasil,PA,Goianésia do Pará,N,False,-3.843,-49.097,False,False,cities,4194,Goianésia do Pará,09/09/2026,Quarta-feira,10:24:00,24,6,ENE,67,86,Sol,1014,1,28,sol
7447,238,False,7,BR,Brasil,PA,Gurupá,N,False,-1.405,-51.64,False,False,cities,7447,Gurupá,09/09/2026,Quarta-feira,10:24:00,26,8,ENE,76,93,Sol com algumas nuvens,1014,2,30,sol-com-algumas-nuvens
6351,760,False,7,BR,Brasil,PA,Icoaraci,N,False,-1.302,-48.485,False,False,cities,6351,Icoaraci,09/09/2026,Quarta-feira,10:24:00,25,8,NNE,23,90,Sol,1014,1,29,sol
7448,239,False,7,BR,Brasil,PA,Igarapé-Açu,N,False,-1.129,-47.62,False,False,cities,7448,Igarapé-Açu,09/09/2026,Quarta-feira,10:24:00,25,10,N,6,90,Sol,1014,1,29,sol
7449,1199,False,7,BR,Brasil,PA,Igarapé-Miri,N,False,-1.975,-48.96,False,False,cities,7449,Igarapé-Miri,09/09/2026,Quarta-feira,10:24:00,25,8,NE,51,93,Sol,1014,1,28,sol
4074,5031,False,7,BR,Brasil,PA,Ilha de Marajó,N,False,-0.983,-49.95,True,False,cities,4074,Ilha de Marajó,09/09/2026,Quarta-feira,10:24:00,25,7,ENE,59,95,Sol,1014,1,29,sol
7450,6448,False,7,BR,Brasil,PA,Inhangapi,N,False,-1.43,-47.92,False,False,cities,7450,Inhangapi,09/09/2026,Quarta-feira,11:09:00,25,5,NNE,18,90,Sol,1014,1,30,sol
7451,6449,False,7,BR,Brasil,PA,Ipixuna do Pará,N,False,-2.558,-47.495,False,False,cities,7451,Ipixuna do Pará,09/09/2026,Quarta-feira,11:09:00,25,10,NE,42,86,Sol,1014,1,27,sol
7452,1200,False,7,BR,Brasil,PA,Irituia,N,False,-1.771,-47.438,False,False,cities,7452,Irituia,09/09/2026,Quarta-feira,11:09:00,24,6,NNE,23,91,Sol,1014,1,28,sol
7453,240,False,7,BR,Brasil,PA,Itaituba,N,False,-4.276,-55.984,False,False,cities,7453,Itaituba,09/09/2026,Quarta-feira,10:24:00,25,4,E,88,83,Sol com algumas nuvens,1013,2,28,sol-com-algumas-nuvens
7454,5547,False,7,BR,Brasil,PA,Itupiranga,N,False,-5.135,-49.327,False,False,cities,7454,Itupiranga,09/09/2026,Quarta-feira,10:24:00,25,6,ENE,71,93,Sol,1014,1,29,sol
7455,241,False,7,BR,Brasil,PA,Jacareacanga,N,False,-6.222,-57.753,False,False,cities,7455,Jacareacanga,09/09/2026,Quarta-feira,11:09:00,24,3,ENE,58,88,Sol com muitas nuvens,1014,2r,29,sol-com-muitas-nuvens
4195,5195,False,7,BR,Brasil,PA,Jacundá,N,False,-4.451,-49.116,False,False,cities,4195,Jacundá,09/09/2026,Quarta-feira,11:09:00,23,6,ENE,70,91,Sol,1014,1,27,sol
7456,242,False,7,BR,Brasil,PA,Juruti,N,False,-2.152,-56.092,False,False,cities,7456,Juruti,09/09/2026,Quarta-feira,11:09:00,28,6,ESE,122,79,Sol,1013,1,31,sol
7457,6450,False,7,BR,Brasil,PA,Limoeiro do Ajuru,N,False,-1.895,-49.381,False,False,cities,7457,Limoeiro do Ajuru,09/09/2026,Quarta-feira,11:09:00,26,14,NE,55,90,Sol,1014,1,29,sol
7459,6451,False,7,BR,Brasil,PA,Magalhães Barata,N,True,-0.794,-47.599,False,False,cities,7459,Magalhães Barata,09/09/2026,Quarta-feira,11:09:00,26,18,N,355,85,Sol com algumas nuvens,1014,2,28,sol-com-algumas-nuvens
7460,1201,False,7,BR,Brasil,PA,Marabá,N,False,-5.369,-49.118,False,False,cities,7460,Marabá,09/09/2026,Quarta-feira,10:24:00,25,6,ENE,73,89,Sol,1014,1,30,sol
7462,6453,False,7,BR,Brasil,PA,Marapanim,N,True,-0.718,-47.7,False,False,cities,7462,Marapanim,09/09/2026,Quarta-feira,11:09:00,26,18,N,360,85,Sol com muitas nuvens,1014,2r,28,sol-com-muitas-nuvens
7463,6895,False,7,BR,Brasil,PA,Marituba,N,False,-1.355,-48.342,False,False,cities,7463,Marituba,09/09/2026,Quarta-feira,10:24:00,25,7,NNE,23,91,Sol,1014,1,29,sol
7464,6944,False,7,BR,Brasil,PA,Marudá,N,False,-0.626,-47.636,False,False,cities,7464,Marudá,09/09/2026,Quarta-feira,11:09:00,27,22,N,350,85,Sol com muitas nuvens,1014,2r,28,sol-com-muitas-nuvens
4689,5884,False,7,BR,Brasil,PA,Medicilândia,N,False,-3.446,-52.889,False,False,cities,4689,Medicilândia,09/09/2026,Quarta-feira,11:09:00,22,5,ENE,74,85,Sol,1015,1,25,sol
7465,1202,False,7,BR,Brasil,PA,Melgaço,N,False,-1.804,-50.712,False,False,cities,7465,Melgaço,09/09/2026,Quarta-feira,11:09:00,25,9,ENE,67,91,Sol,1014,1,29,sol
7466,6454,False,7,BR,Brasil,PA,Mocajuba,N,False,-2.584,-49.507,False,False,cities,7466,Mocajuba,09/09/2026,Quarta-feira,10:24:00,25,7,ENE,61,90,Sol,1014,1,29,sol
7467,1203,False,7,BR,Brasil,PA,Moju,N,False,-1.884,-48.769,False,False,cities,7467,Moju,09/09/2026,Quarta-feira,10:24:00,25,8,NE,47,93,Sol,1014,1,28,sol
7468,243,False,7,BR,Brasil,PA,Monte Alegre,N,False,-2.008,-54.069,False,False,cities,7468,Monte Alegre,09/09/2026,Quarta-feira,11:09:00,27,12,E,97,79,Sol com muitas nuvens,1013,2r,30,sol-com-muitas-nuvens
4323,5365,False,7,BR,Brasil,PA,Monte Dourado,N,False,-0.867,-52.528,False,False,cities,4323,Monte Dourado,09/09/2026,Quarta-feira,11:09:00,25,8,E,90,87,Sol,1014,1,29,sol
7469,6455,False,7,BR,Brasil,PA,Muaná,N,False,-1.528,-49.217,False,False,cities,7469,Muaná,09/09/2026,Quarta-feira,11:09:00,26,9,NE,50,89,Sol,1014,1,30,sol
7458,6456,False,7,BR,Brasil,PA,Mãe do Rio,N,False,-2.046,-47.551,False,False,cities,7458,Mãe do Rio,09/09/2026,Quarta-feira,10:24:00,24,7,NNE,30,91,Sol,1014,1,28,sol
7470,6856,False,7,BR,Brasil,PA,Nova Esperança do Piriá,N,False,-2.268,-46.968,False,False,cities,7470,Nova Esperança do Piriá,09/09/2026,Quarta-feira,11:09:00,24,8,NE,40,92,Sol,1014,1,27,sol
7471,6457,False,7,BR,Brasil,PA,Nova Ipixuna,N,False,-4.921,-49.077,False,False,cities,7471,Nova Ipixuna,09/09/2026,Quarta-feira,10:24:00,23,6,ENE,71,90,Sol,1014,1,26,sol
7472,6458,False,7,BR,Brasil,PA,Nova Timboteua,N,False,-1.208,-47.392,False,False,cities,7472,Nova Timboteua,09/09/2026,Quarta-feira,11:09:00,25,9,N,9,91,Sol,1014,1,29,sol
4196,5196,False,7,BR,Brasil,PA,Novo Progresso,N,False,-7.148,-55.381,False,False,cities,4196,Novo Progresso,09/09/2026,Quarta-feira,10:24:00,22,8,NE,37,87,Nublado,1015,3,24,nublado
7473,6459,False,7,BR,Brasil,PA,Novo Repartimento,N,False,-4.4,-49.796,False,False,cities,7473,Novo Repartimento,09/09/2026,Quarta-feira,11:09:00,24,6,ENE,66,94,Sol,1014,1,29,sol
7475,6460,False,7,BR,Brasil,PA,Oeiras do Pará,N,False,-2.003,-49.854,False,False,cities,7475,Oeiras do Pará,09/09/2026,Quarta-feira,10:24:00,26,10,ENE,61,89,Sol,1014,1,30,sol
7476,244,False,7,BR,Brasil,PA,Oriximiná,N,False,-1.766,-55.866,False,False,cities,7476,Oriximiná,09/09/2026,Quarta-feira,11:09:00,26,7,ESE,122,79,Sol,1013,1,30,sol
7478,6461,False,7,BR,Brasil,PA,Ourilândia do Norte,N,False,-6.755,-51.084,False,False,cities,7478,Ourilândia do Norte,09/09/2026,Quarta-feira,10:24:00,23,3,NE,54,85,Chuvoso,1015,5,26,chuvoso
7477,1204,False,7,BR,Brasil,PA,Ourém,N,False,-1.552,-47.114,False,False,cities,7477,Ourém,09/09/2026,Quarta-feira,10:24:00,25,8,NNE,14,88,Sol,1014,1,28,sol
7479,6462,False,7,BR,Brasil,PA,Pacajá,N,False,-3.838,-50.638,False,False,cities,7479,Pacajá,09/09/2026,Quarta-feira,11:09:00,24,4,NNW,340,93,Sol,1015,1,29,sol
7480,6463,False,7,BR,Brasil,PA,Palestina do Pará,N,False,-5.742,-48.317,False,False,cities,7480,Palestina do Pará,09/09/2026,Quarta-feira,10:24:00,25,7,E,79,86,Sol,1015,1,28,sol
7481,1205,False,7,BR,Brasil,PA,Paragominas,N,False,-2.996,-47.353,False,False,cities,7481,Paragominas,09/09/2026,Quarta-feira,10:24:00,25,10,ENE,56,83,Sol,1014,1,27,sol
7483,6464,False,7,BR,Brasil,PA,Pau d'Arco,N,False,-7.833,-50.044,False,False,cities,7483,Pau d'Arco,09/09/2026,Quarta-feira,11:09:00,24,4,NE,47,87,Sol com algumas nuvens,1015,2,27,sol-com-algumas-nuvens
7484,6465,False,7,BR,Brasil,PA,Peixe Boi,N,False,-1.192,-47.312,False,False,cities,7484,Peixe Boi,09/09/2026,Quarta-feira,10:24:00,25,9,N,8,90,Sol,1014,1,29,sol
7485,6466,False,7,BR,Brasil,PA,Piçarra,N,False,-6.438,-48.872,False,False,cities,7485,Piçarra,09/09/2026,Quarta-feira,10:24:00,24,7,ENE,66,81,Sol,1015,1,27,sol
7486,5548,False,7,BR,Brasil,PA,Placas,N,False,-3.868,-54.22,False,False,cities,7486,Placas,09/09/2026,Quarta-feira,10:24:00,25,7,E,80,78,Sol com algumas nuvens,1014,2,28,sol-com-algumas-nuvens
4113,5100,False,7,BR,Brasil,PA,Ponta de Pedras,N,False,-1.39,-48.871,False,False,cities,4113,Ponta de Pedras,09/09/2026,Quarta-feira,10:24:00,25,9,NE,39,91,Sol,1014,1,29,sol
7487,2157,False,7,BR,Brasil,PA,Portel,N,False,-1.936,-50.821,False,False,cities,7487,Portel,09/09/2026,Quarta-feira,11:09:00,26,9,ENE,68,89,Sol,1014,1,30,sol
4114,5101,False,7,BR,Brasil,PA,Porto Trombetas,N,False,-1.383,-56.45,False,False,cities,4114,Porto Trombetas,09/09/2026,Quarta-feira,11:09:00,24,6,SE,139,79,Sol,1013,1,27,sol
7488,245,False,7,BR,Brasil,PA,Porto de Moz,N,False,-1.748,-52.238,False,False,cities,7488,Porto de Moz,09/09/2026,Quarta-feira,10:24:00,26,11,E,79,88,Sol com algumas nuvens,1014,2,30,sol-com-algumas-nuvens
7489,246,False,7,BR,Brasil,PA,Prainha,N,False,-1.8,-53.48,False,False,cities,7489,Prainha,09/09/2026,Quarta-feira,11:09:00,26,11,E,90,85,Sol,1014,1,30,sol
7490,6467,False,7,BR,Brasil,PA,Primavera,N,False,-0.94,-47.12,False,False,cities,7490,Primavera,09/09/2026,Quarta-feira,11:09:00,26,12,N,360,86,Sol,1015,1,29,sol
7491,6468,False,7,BR,Brasil,PA,Quatipuru,N,True,-0.897,-47.005,False,False,cities,7491,Quatipuru,09/09/2026,Quarta-feira,10:24:00,27,14,N,354,83,Sol,1015,1,30,sol
7492,1208,False,7,BR,Brasil,PA,Redenção,N,False,-8.029,-50.031,False,False,cities,7492,Redenção,09/09/2026,Quarta-feira,11:09:00,24,3,NE,45,86,Sol com algumas nuvens,1015,2,27,sol-com-algumas-nuvens
7493,1209,False,7,BR,Brasil,PA,Rio Maria,N,False,-7.311,-50.048,False,False,cities,7493,Rio Maria,09/09/2026,Quarta-feira,10:24:00,24,6,NE,54,81,Sol com algumas nuvens,1015,2,27,sol-com-algumas-nuvens
7494,1210,False,7,BR,Brasil,PA,Rondon do Pará,N,False,-4.776,-48.067,False,False,cities,7494,Rondon do Pará,09/09/2026,Quarta-feira,11:09:00,24,10,E,79,81,Sol,1015,1,26,sol
7495,5032,False,7,BR,Brasil,PA,Rurópolis,N,False,-4.096,-54.91,False,False,cities,7495,Rurópolis,09/09/2026,Quarta-feira,11:09:00,24,7,E,84,79,Sol com muitas nuvens,1014,2r,27,sol-com-muitas-nuvens
7496,1212,False,7,BR,Brasil,PA,Salinópolis,N,True,-0.63,-47.34,False,False,cities,7496,Salinópolis,09/09/2026,Quarta-feira,11:09:00,27,20,S,180,84,Sol com muitas nuvens,1014,2r,30,sol-com-muitas-nuvens
7497,248,False,7,BR,Brasil,PA,Salvaterra,N,False,-0.753,-48.6,False,False,cities,7497,Salvaterra,09/09/2026,Quarta-feira,11:09:00,27,13,NNE,15,85,Sol,1014,1,30,sol
7499,6470,False,7,BR,Brasil,PA,Santa Cruz do Arari,N,False,-0.663,-49.175,False,False,cities,7499,Santa Cruz do Arari,09/09/2026,Quarta-feira,11:09:00,26,11,NE,43,86,Sol,1014,1,30,sol
7500,6471,False,7,BR,Brasil,PA,Santa Isabel do Pará,N,False,-1.299,-48.161,False,False,cities,7500,Santa Isabel do Pará,09/09/2026,Quarta-feira,10:24:00,25,7,NNE,17,90,Sol,1014,1,30,sol
7501,6472,False,7,BR,Brasil,PA,Santa Luzia do Pará,N,False,-1.524,-46.898,False,False,cities,7501,Santa Luzia do Pará,09/09/2026,Quarta-feira,11:09:00,25,8,NNE,15,88,Sol,1015,1,28,sol
7502,6858,False,7,BR,Brasil,PA,Santa Maria das Barreiras,N,False,-8.872,-49.713,False,False,cities,7502,Santa Maria das Barreiras,09/09/2026,Quarta-feira,11:09:00,24,7,NE,55,89,Sol com algumas nuvens,1014,2,28,sol-com-algumas-nuvens
7503,6473,False,7,BR,Brasil,PA,Santa Maria do Pará,N,False,-1.35,-47.576,False,False,cities,7503,Santa Maria do Pará,09/09/2026,Quarta-feira,10:24:00,25,7,NNE,13,90,Sol,1014,1,29,sol
7504,1559,False,7,BR,Brasil,PA,Santana do Araguaia,N,False,-9.297,-50.102,False,False,cities,7504,Santana do Araguaia,09/09/2026,Quarta-feira,10:24:00,24,5,ENE,62,90,Sol,1015,1,27,sol
7506,249,False,7,BR,Brasil,PA,Santarém,N,False,-2.5,-54.708,False,False,cities,7506,Santarém,09/09/2026,Quarta-feira,10:24:00,27,14,E,100,79,Sol com muitas nuvens,1013,2r,29,sol-com-muitas-nuvens
7505,6474,False,7,BR,Brasil,PA,Santarém Novo,N,False,-0.929,-47.397,False,False,cities,7505,Santarém Novo,09/09/2026,Quarta-feira,11:09:00,26,15,N,360,88,Sol,1014,1,29,sol
7507,6475,False,7,BR,Brasil,PA,Santo Antônio do Tauá,N,False,-1.152,-48.129,False,False,cities,7507,Santo Antônio do Tauá,09/09/2026,Quarta-feira,11:09:00,26,8,NNE,12,89,Sol,1014,1,30,sol
7517,6476,False,7,BR,Brasil,PA,Sapucaia,N,False,-6.947,-49.682,False,False,cities,7517,Sapucaia,09/09/2026,Quarta-feira,10:24:00,25,4,ENE,58,83,Sol com algumas nuvens,1015,2,28,sol-com-algumas-nuvens
7518,250,False,7,BR,Brasil,PA,Senador José Porfírio,N,False,-2.591,-51.954,False,False,cities,7518,Senador José Porfírio,09/09/2026,Quarta-feira,11:09:00,26,6,ENE,74,89,Sol,1014,1,30,sol
7519,251,False,7,BR,Brasil,PA,Soure,N,True,-0.72,-48.51,False,False,cities,7519,Soure,09/09/2026,Quarta-feira,11:09:00,27,14,N,9,86,Sol com algumas nuvens,1014,2,30,sol-com-algumas-nuvens
7508,247,False,7,BR,Brasil,PA,São Caetano de Odivelas,N,True,-0.75,-48.0,False,False,cities,7508,São Caetano de Odivelas,09/09/2026,Quarta-feira,11:09:00,26,17,N,360,87,Sol com algumas nuvens,1014,2,29,sol-com-algumas-nuvens
7509,6859,False,7,BR,Brasil,PA,São Domingos do Araguaia,N,False,-5.538,-48.733,False,False,cities,7509,São Domingos do Araguaia,09/09/2026,Quarta-feira,10:24:00,24,7,ENE,77,86,Sol,1014,1,27,sol
7510,1560,False,7,BR,Brasil,PA,São Domingos do Capim,N,False,-1.69,-47.77,False,False,cities,7510,São Domingos do Capim,09/09/2026,Quarta-feira,10:24:00,25,5,NNE,23,92,Sol,1014,1,29,sol
7511,1561,False,7,BR,Brasil,PA,São Félix do Xingu,N,False,-6.645,-51.995,False,False,cities,7511,São Félix do Xingu,09/09/2026,Quarta-feira,11:09:00,23,3,NE,52,89,Sol com muitas nuvens,1015,2r,27,sol-com-muitas-nuvens
7513,6857,False,7,BR,Brasil,PA,São Geraldo do Araguaia,N,False,-6.401,-48.555,False,False,cities,7513,São Geraldo do Araguaia,09/09/2026,Quarta-feira,11:09:00,25,7,ENE,69,84,Sol,1015,1,28,sol
6046,6595,False,7,BR,Brasil,PA,São João da Ponta,N,False,-0.85,-47.92,False,False,cities,6046,São João da Ponta,09/09/2026,Quarta-feira,10:24:00,26,14,N,360,87,Sol com algumas nuvens,1014,2,29,sol-com-algumas-nuvens
6047,6596,False,7,BR,Brasil,PA,São João de Pirabas,N,True,-0.775,-47.3,False,False,cities,6047,São João de Pirabas,09/09/2026,Quarta-feira,11:09:00,27,16,N,352,83,Sol com algumas nuvens,1014,2,29,sol-com-algumas-nuvens
7514,1562,False,7,BR,Brasil,PA,São João do Araguaia,N,False,-5.358,-48.791,False,False,cities,7514,São João do Araguaia,09/09/2026,Quarta-feira,11:09:00,25,7,ENE,75,88,Sol,1014,1,28,sol
7515,1563,False,7,BR,Brasil,PA,São Miguel do Guamá,N,False,-1.627,-47.483,False,False,cities,7515,São Miguel do Guamá,09/09/2026,Quarta-feira,10:24:00,24,6,NNE,19,91,Sol,1014,1,28,sol
7516,6860,False,7,BR,Brasil,PA,São Sebastião da Boa Vista,N,False,-1.718,-49.541,False,False,cities,7516,São Sebastião da Boa Vista,09/09/2026,Quarta-feira,11:09:00,26,9,ENE,57,90,Sol,1014,1,30,sol
4004,4948,False,7,BR,Brasil,PA,Tailândia,N,False,-2.947,-48.953,False,False,cities,4004,Tailândia,09/09/2026,Quarta-feira,10:24:00,25,6,ENE,61,86,Sol,1014,1,28,sol
6048,6597,False,7,BR,Brasil,PA,Terra Alta,N,False,-1.041,-47.907,False,False,cities,6048,Terra Alta,09/09/2026,Quarta-feira,11:09:00,26,11,N,7,88,Sol,1014,1,29,sol
7520,6478,False,7,BR,Brasil,PA,Terra Santa,N,False,-2.104,-56.487,False,False,cities,7520,Terra Santa,09/09/2026,Quarta-feira,11:09:00,28,6,SE,130,77,Sol,1013,1,32,sol
7521,1219,False,7,BR,Brasil,PA,Tomé-Açu,N,False,-2.419,-48.152,False,False,cities,7521,Tomé-Açu,09/09/2026,Quarta-feira,11:09:00,24,6,NE,46,90,Sol,1014,1,28,sol
7522,252,False,7,BR,Brasil,PA,Tracuateua,N,True,-1.076,-46.903,False,False,cities,7522,Tracuateua,09/09/2026,Quarta-feira,10:24:00,26,11,N,360,88,Sol,1015,1,29,sol
4197,5197,False,7,BR,Brasil,PA,Trairão,N,False,-4.7,-55.99,False,False,cities,4197,Trairão,09/09/2026,Quarta-feira,11:09:00,25,6,E,80,72,Sol,1014,1,27,sol
5329,1777,False,7,BR,Brasil,PA,Trombetas,N,False,-1.767,-55.85,False,False,cities,5329,Trombetas,09/09/2026,Quarta-feira,11:09:00,26,7,ESE,122,79,Sol,1013,1,30,sol
7523,5198,False,7,BR,Brasil,PA,Tucumã,N,False,-6.748,-51.161,False,False,cities,7523,Tucumã,09/09/2026,Quarta-feira,11:09:00,23,3,N,0,85,Nublado,1015,3,26,nublado
7524,1220,False,7,BR,Brasil,PA,Tucuruí,N,False,-3.766,-49.672,False,False,cities,7524,Tucuruí,09/09/2026,Quarta-feira,10:24:00,25,7,NE,50,93,Sol,1014,1,29,sol
4005,4949,False,7,BR,Brasil,PA,Ulianópolis,N,False,-3.742,-47.495,False,False,cities,4005,Ulianópolis,09/09/2026,Quarta-feira,11:09:00,25,9,ENE,74,77,Sol,1015,1,27,sol
3197,3375,False,7,BR,Brasil,PA,Uruará,N,False,-3.718,-53.737,False,False,cities,3197,Uruará,09/09/2026,Quarta-feira,10:24:00,25,6,ENE,76,82,Sol com algumas nuvens,1014,2,28,sol-com-algumas-nuvens
6049,6598,False,7,BR,Brasil,PA,Vigia,N,False,-0.858,-48.142,False,False,cities,6049,Vigia,09/09/2026,Quarta-feira,10:24:00,26,13,N,7,88,Sol com algumas nuvens,1014,2,30,sol-com-algumas-nuvens
7525,253,False,7,BR,Brasil,PA,Viseu,N,True,-1.197,-46.14,False,False,cities,7525,Viseu,09/09/2026,Quarta-feira,11:09:00,26,14,NNE,26,83,Sol,1014,1,29,sol
7526,6479,False,7,BR,Brasil,PA,Vitória do Xingu,N,False,-2.88,-52.01,False,False,cities,7526,Vitória do Xingu,09/09/2026,Quarta-feira,11:09:00,25,5,ENE,73,89,Sol,1014,1,30,sol
7527,1221,False,7,BR,Brasil,PA,Xinguara,N,False,-7.095,-49.946,False,False,cities,7527,Xinguara,09/09/2026,Quarta-feira,11:09:00,23,6,NE,56,76,Sol com muitas nuvens,1015,2r,25,sol-com-muitas-nuvens
5964,6480,False,7,BR,Brasil,PA,Água Azul do Norte,N,False,-6.791,-50.467,False,False,cities,5964,Água Azul do Norte,09/09/2026,Quarta-feira,11:09:00,24,5,ENE,58,83,Sol com muitas nuvens,1015,2r,26,sol-com-muitas-nuvens
7474,254,False,7,BR,Brasil,PA,Óbidos,N,False,-1.9,-55.518,False,False,cities,7474,Óbidos,09/09/2026,Quarta-feira,11:09:00,27,8,ESE,116,77,Sol,1013,1,30,sol
4787,6005,False,7,BR,Brasil,PB,Aguiar,NE,False,-7.092,-38.171,False,False,cities,4787,Aguiar,09/09/2026,Quarta-feira,10:24:00,24,9,ENE,74,57,Sol,1018,1,24,sol
7528,1222,False,7,BR,Brasil,PB,Alagoa Grande,NE,False,-7.04,-35.63,False,False,cities,7528,Alagoa Grande,09/09/2026,Quarta-feira,10:24:00,23,15,E,82,78,Sol,1018,1,23,sol
4788,6006,False,7,BR,Brasil,PB,Alagoa Nova,NE,False,-7.071,-35.758,False,False,cities,4788,Alagoa Nova,09/09/2026,Quarta-feira,10:24:00,23,16,E,81,75,Sol,1018,1,22,sol
7529,5549,False,7,BR,Brasil,PB,Alagoinha,NE,False,-6.95,-35.545,False,False,cities,7529,Alagoinha,09/09/2026,Quarta-feira,10:24:00,23,15,E,82,78,Sol,1018,1,23,sol
4791,6009,False,7,BR,Brasil,PB,Alhandra,NE,True,-7.439,-34.914,False,False,cities,4791,Alhandra,09/09/2026,Quarta-feira,11:09:00,25,13,E,82,82,Sol com algumas nuvens,1017,2,27,sol-com-algumas-nuvens
4792,6010,False,7,BR,Brasil,PB,Amparo,NE,False,-7.568,-37.064,False,False,cities,4792,Amparo,09/09/2026,Quarta-feira,10:24:00,22,10,ENE,75,59,Sol,1019,1,21,sol
4227,5263,False,7,BR,Brasil,PB,Aparecida,NE,False,-6.784,-38.087,False,False,cities,4227,Aparecida,09/09/2026,Quarta-feira,11:09:00,25,11,ENE,76,58,Sol,1018,1,25,sol
4793,6011,False,7,BR,Brasil,PB,Arara,NE,False,-6.828,-35.758,False,False,cities,4793,Arara,09/09/2026,Quarta-feira,11:09:00,22,16,E,82,76,Sol,1018,1,22,sol
4794,6012,False,7,BR,Brasil,PB,Araruna,NE,False,-6.558,-35.742,False,False,cities,4794,Araruna,09/09/2026,Quarta-feira,11:09:00,22,17,E,83,70,Sol,1018,1,22,sol
4795,6013,False,7,BR,Brasil,PB,Araçagi,NE,False,-6.853,-35.381,False,False,cities,4795,Araçagi,09/09/2026,Quarta-feira,11:09:00,24,14,E,83,82,Sol com algumas nuvens,1018,2,26,sol-com-algumas-nuvens
7530,1223,False,7,BR,Brasil,PB,Areia,NE,False,-6.963,-35.692,False,False,cities,7530,Areia,09/09/2026,Quarta-feira,11:09:00,22,16,E,81,75,Sol,1018,1,22,sol
4796,6014,False,7,BR,Brasil,PB,Areia de Baraúnas,NE,False,-7.123,-36.941,False,False,cities,4796,Areia de Baraúnas,09/09/2026,Quarta-feira,11:09:00,24,21,ENE,78,58,Sol,1018,1,22,sol
4797,6015,False,7,BR,Brasil,PB,Areial,NE,False,-7.061,-35.926,False,False,cities,4797,Areial,09/09/2026,Quarta-feira,11:09:00,22,18,E,81,65,Sol,1018,1,20,sol
7531,1224,False,7,BR,Brasil,PB,Aroeiras,NE,False,-7.545,-35.708,False,False,cities,7531,Aroeiras,09/09/2026,Quarta-feira,11:09:00,23,15,E,80,78,Sol,1018,1,24,sol
4798,6016,False,7,BR,Brasil,PB,Assunção,NE,False,-7.074,-36.731,False,False,cities,4798,Assunção,09/09/2026,Quarta-feira,11:09:00,22,18,ENE,79,61,Sol,1019,1,20,sol
7569,5634,False,7,BR,Brasil,PB,Bananeiras,NE,False,-6.75,-35.633,False,False,cities,7569,Bananeiras,09/09/2026,Quarta-feira,10:24:00,23,16,E,83,80,Sol,1018,1,23,sol
4799,6017,False,7,BR,Brasil,PB,Baraúna,NE,False,-6.643,-36.254,False,False,cities,4799,Baraúna,09/09/2026,Quarta-feira,10:24:00,22,19,E,82,62,Sol,1018,1,20,sol
4800,6018,False,7,BR,Brasil,PB,Barra de Santa Rosa,NE,False,-6.72,-36.061,False,False,cities,4800,Barra de Santa Rosa,09/09/2026,Quarta-feira,11:09:00,22,19,E,81,63,Sol,1018,1,20,sol
4801,6019,False,7,BR,Brasil,PB,Barra de Santana,NE,False,-7.52,-36.0,False,False,cities,4801,Barra de Santana,09/09/2026,Quarta-feira,10:24:00,24,16,E,79,73,Sol,1018,1,24,sol
4802,6020,False,7,BR,Brasil,PB,Barra de São Miguel,NE,False,-7.751,-36.318,False,False,cities,4802,Barra de São Miguel,09/09/2026,Quarta-feira,11:09:00,23,14,ENE,78,63,Sol,1017,1,22,sol
7570,1225,False,7,BR,Brasil,PB,Bayeux,NE,False,-7.125,-34.932,False,False,cities,7570,Bayeux,09/09/2026,Quarta-feira,11:09:00,24,12,NW,307,85,Sol com algumas nuvens,1017,2,26,sol-com-algumas-nuvens
4803,6021,False,7,BR,Brasil,PB,Baía da Traição,NE,True,-6.688,-34.99,False,False,cities,4803,Baía da Traição,09/09/2026,Quarta-feira,11:09:00,24,13,E,84,87,Chuvoso,1018,5,26,chuvoso
4804,6022,False,7,BR,Brasil,PB,Belém,NE,False,-6.692,-35.533,False,False,cities,4804,Belém,09/09/2026,Quarta-feira,11:09:00,23,16,E,83,80,Sol,1018,1,23,sol
4708,5906,False,7,BR,Brasil,PB,Belém do Brejo do Cruz,NE,False,-6.189,-37.536,False,False,cities,4708,Belém do Brejo do Cruz,09/09/2026,Quarta-feira,11:09:00,25,17,E,80,63,Sol,1017,1,24,sol
4805,6023,False,7,BR,Brasil,PB,Bernardino Batista,NE,False,-6.452,-38.551,False,False,cities,4805,Bernardino Batista,09/09/2026,Quarta-feira,10:24:00,25,13,ENE,77,56,Sol,1018,1,24,sol
4806,6024,False,7,BR,Brasil,PB,Boa Ventura,NE,False,-7.414,-38.216,False,False,cities,4806,Boa Ventura,09/09/2026,Quarta-feira,11:09:00,24,7,SSW,208,59,Sol,1018,1,24,sol
4807,6025,False,7,BR,Brasil,PB,Boa Vista,NE,False,-7.259,-36.24,False,False,cities,4807,Boa Vista,09/09/2026,Quarta-feira,10:24:00,22,17,E,80,64,Sol,1018,1,20,sol
4808,6026,False,7,BR,Brasil,PB,Bom Jesus,NE,False,-6.82,-38.66,False,False,cities,4808,Bom Jesus,09/09/2026,Quarta-feira,10:24:00,25,11,ENE,74,54,Sol,1018,1,24,sol
4809,6027,False,7,BR,Brasil,PB,Bom Sucesso,NE,False,-6.45,-37.93,False,False,cities,4809,Bom Sucesso,09/09/2026,Quarta-feira,11:09:00,25,14,ENE,78,58,Sol,1018,1,24,sol
4810,6028,False,7,BR,Brasil,PB,Bonito de Santa Fé,NE,False,-7.313,-38.515,False,False,cities,4810,Bonito de Santa Fé,09/09/2026,Quarta-feira,11:09:00,21,8,ENE,71,53,Sol,1019,1,20,sol
4199,5199,False,7,BR,Brasil,PB,Boqueirão,NE,False,-7.482,-36.135,False,False,cities,4199,Boqueirão,09/09/2026,Quarta-feira,10:24:00,23,16,E,79,69,Sol,1018,1,23,sol
7573,5666,False,7,BR,Brasil,PB,Borborema,NE,False,-6.803,-35.58,False,False,cities,7573,Borborema,09/09/2026,Quarta-feira,10:24:00,23,16,E,83,80,Sol,1018,1,23,sol
7574,6029,False,7,BR,Brasil,PB,Brejo do Cruz,NE,False,-6.349,-37.498,False,False,cities,7574,Brejo do Cruz,09/09/2026,Quarta-feira,11:09:00,25,16,E,80,64,Sol,1017,1,25,sol
7575,6030,False,7,BR,Brasil,PB,Brejo dos Santos,NE,False,-6.377,-37.825,False,False,cities,7575,Brejo dos Santos,09/09/2026,Quarta-feira,10:24:00,24,15,E,79,61,Sol,1018,1,23,sol
7576,5550,False,7,BR,Brasil,PB,Caaporã,NE,True,-7.516,-34.908,False,False,cities,7576,Caaporã,09/09/2026,Quarta-feira,10:24:00,25,13,E,82,82,Sol com algumas nuvens,1017,2,27,sol-com-algumas-nuvens
7577,6031,False,7,BR,Brasil,PB,Cabaceiras,NE,False,-7.489,-36.287,True,False,cities,7577,Cabaceiras,09/09/2026,Quarta-feira,10:24:00,23,16,ENE,78,67,Sol,1018,1,23,sol
7578,1226,False,7,BR,Brasil,PB,Cabedelo,NE,True,-7.03,-34.84,False,False,cities,7578,Cabedelo,09/09/2026,Quarta-feira,11:09:00,24,12,E,84,86,Sol e Chuva,1017,4,26,sol-e-chuva
7580,6033,False,7,BR,Brasil,PB,Cacimba de Areia,NE,False,-7.129,-37.157,False,False,cities,7580,Cacimba de Areia,09/09/2026,Quarta-feira,11:09:00,24,14,ENE,77,62,Sol,1018,1,24,sol
7581,6034,False,7,BR,Brasil,PB,Cacimba de Dentro,NE,False,-6.642,-35.79,False,False,cities,7581,Cacimba de Dentro,09/09/2026,Quarta-feira,10:24:00,22,17,E,82,66,Sol,1018,1,20,sol
7582,6035,False,7,BR,Brasil,PB,Cacimbas,NE,False,-7.211,-37.057,False,False,cities,7582,Cacimbas,09/09/2026,Quarta-feira,10:24:00,21,15,ENE,77,54,Sol,1018,1,19,sol
7584,1227,False,7,BR,Brasil,PB,Cajazeiras,NE,False,-6.89,-38.555,False,False,cities,7584,Cajazeiras,09/09/2026,Quarta-feira,10:24:00,24,11,ENE,74,52,Sol,1018,1,23,sol
7585,6037,False,7,BR,Brasil,PB,Cajazeirinhas,NE,False,-6.961,-37.806,False,False,cities,7585,Cajazeirinhas,09/09/2026,Quarta-feira,10:24:00,24,11,ENE,76,60,Sol,1018,1,24,sol
7586,6038,False,7,BR,Brasil,PB,Caldas Brandão,NE,False,-7.103,-35.326,False,False,cities,7586,Caldas Brandão,09/09/2026,Quarta-feira,10:24:00,24,14,E,82,81,Sol,1018,1,25,sol
6338,5071,False,7,BR,Brasil,PB,Camalaú,NE,False,-7.889,-36.823,False,False,cities,6338,Camalaú,09/09/2026,Quarta-feira,11:09:00,22,9,ENE,75,62,Sol,1019,1,21,sol
7587,255,False,7,BR,Brasil,PB,Campina Grande,NE,False,-7.231,-35.881,False,False,cities,7587,Campina Grande,09/09/2026,Quarta-feira,11:09:00,22,17,E,80,71,Sol,1018,1,21,sol
7588,5667,False,7,BR,Brasil,PB,Campo de Santana,NE,False,-6.49,-35.64,False,False,cities,7588,Campo de Santana,09/09/2026,Quarta-feira,11:09:00,24,16,E,83,77,Sol,1018,1,25,sol
7589,6039,False,7,BR,Brasil,PB,Capim,NE,False,-6.916,-35.172,False,False,cities,7589,Capim,09/09/2026,Quarta-feira,10:24:00,24,14,E,83,83,Sol com algumas nuvens,1018,2,26,sol-com-algumas-nuvens
7590,6040,False,7,BR,Brasil,PB,Caraúbas,NE,False,-7.727,-36.492,False,False,cities,7590,Caraúbas,09/09/2026,Quarta-feira,10:24:00,23,14,ENE,77,64,Sol,1017,1,22,sol
7591,6041,False,7,BR,Brasil,PB,Carrapateira,NE,False,-7.039,-38.344,False,False,cities,7591,Carrapateira,09/09/2026,Quarta-feira,11:09:00,23,10,ENE,74,53,Sol,1018,1,22,sol
7592,6042,False,7,BR,Brasil,PB,Casserengue,NE,False,-6.78,-35.82,False,False,cities,7592,Casserengue,09/09/2026,Quarta-feira,10:24:00,22,17,E,82,72,Sol,1018,1,21,sol
7593,6043,False,7,BR,Brasil,PB,Catingueira,NE,False,-7.126,-37.609,False,False,cities,7593,Catingueira,09/09/2026,Quarta-feira,10:24:00,24,11,ENE,76,62,Sol,1018,1,23,sol
7328,1228,False,7,BR,Brasil,PB,Catolé do Rocha,NE,False,-6.344,-37.747,False,False,cities,7328,Catolé do Rocha,09/09/2026,Quarta-feira,10:24:00,25,15,E,79,63,Sol,1018,1,24,sol
7329,6044,False,7,BR,Brasil,PB,Caturité,NE,False,-7.42,-36.027,False,False,cities,7329,Caturité,09/09/2026,Quarta-feira,10:24:00,22,17,E,80,66,Sol,1018,1,21,sol
3183,3338,False,7,BR,Brasil,PB,Conceição,NE,False,-7.562,-38.509,False,False,cities,3183,Conceição,09/09/2026,Quarta-feira,10:24:00,22,7,ENE,71,57,Sol,1018,1,22,sol
7330,6045,False,7,BR,Brasil,PB,Condado,NE,False,-6.91,-37.601,False,False,cities,7330,Condado,09/09/2026,Quarta-feira,11:09:00,25,13,ENE,77,61,Sol,1018,1,24,sol
7331,6046,False,7,BR,Brasil,PB,Conde,NE,True,-7.26,-34.907,False,False,cities,7331,Conde,09/09/2026,Quarta-feira,11:09:00,24,12,E,83,84,Sol com algumas nuvens,1017,2,26,sol-com-algumas-nuvens
7332,6047,False,7,BR,Brasil,PB,Congo,NE,False,-7.797,-36.66,False,False,cities,7332,Congo,09/09/2026,Quarta-feira,10:24:00,23,12,ENE,76,63,Sol,1018,1,22,sol
7333,6048,False,7,BR,Brasil,PB,Coremas,NE,False,-7.014,-37.946,False,False,cities,7333,Coremas,09/09/2026,Quarta-feira,11:09:00,25,10,ENE,75,61,Sol,1018,1,25,sol
7334,6049,False,7,BR,Brasil,PB,Coxixola,NE,False,-7.627,-36.606,False,False,cities,7334,Coxixola,09/09/2026,Quarta-feira,11:09:00,22,14,ENE,77,59,Sol,1018,1,21,sol
7335,6050,False,7,BR,Brasil,PB,Cruz do Espírito Santo,NE,False,-7.14,-35.086,False,False,cities,7335,Cruz do Espírito Santo,09/09/2026,Quarta-feira,11:09:00,24,13,E,83,83,Sol,1018,1,26,sol
7336,6051,False,7,BR,Brasil,PB,Cubati,NE,False,-6.868,-36.375,False,False,cities,7336,Cubati,09/09/2026,Quarta-feira,11:09:00,22,19,E,81,62,Sol,1018,1,19,sol
7338,6052,False,7,BR,Brasil,PB,Cuitegi,NE,False,-6.893,-35.523,False,False,cities,7338,Cuitegi,09/09/2026,Quarta-feira,11:09:00,23,15,E,82,81,-,1018,-,23,-
4690,5885,False,7,BR,Brasil,PB,Cuité,NE,False,-6.484,-36.154,False,False,cities,4690,Cuité,09/09/2026,Quarta-feira,11:09:00,22,19,E,82,59,Sol,1018,1,20,sol
7337,6053,False,7,BR,Brasil,PB,Cuité de Mamanguape,NE,False,-6.915,-35.252,False,False,cities,7337,Cuité de Mamanguape,09/09/2026,Quarta-feira,11:09:00,24,14,E,83,83,Sol,1018,1,26,sol
7340,6054,False,7,BR,Brasil,PB,Curral Velho,NE,False,-7.581,-38.198,False,False,cities,7340,Curral Velho,09/09/2026,Quarta-feira,10:24:00,21,6,ENE,71,59,Sol,1018,1,20,sol
7339,6055,False,7,BR,Brasil,PB,Curral de Cima,NE,False,-6.717,-35.269,False,False,cities,7339,Curral de Cima,09/09/2026,Quarta-feira,11:09:00,24,14,E,83,81,Sol com muitas nuvens,1018,2r,26,sol-com-muitas-nuvens
7342,1229,False,7,BR,Brasil,PB,Desterro,NE,False,-7.291,-37.094,False,False,cities,7342,Desterro,09/09/2026,Quarta-feira,11:09:00,21,15,ENE,77,54,Sol,1018,1,19,sol
7343,6057,False,7,BR,Brasil,PB,Diamante,NE,False,-7.428,-38.264,False,False,cities,7343,Diamante,09/09/2026,Quarta-feira,11:09:00,23,8,ENE,72,57,Sol,1018,1,23,sol
7344,6058,False,7,BR,Brasil,PB,Dona Inês,NE,False,-6.6,-35.63,False,False,cities,7344,Dona Inês,09/09/2026,Quarta-feira,11:09:00,24,16,E,83,79,Sol,1018,1,24,sol
7345,6059,False,7,BR,Brasil,PB,Duas Estradas,NE,False,-6.685,-35.418,False,False,cities,7345,Duas Estradas,09/09/2026,Quarta-feira,11:09:00,24,15,E,83,79,Sol com algumas nuvens,1018,2,25,sol-com-algumas-nuvens
7347,1230,False,7,BR,Brasil,PB,Esperança,NE,False,-7.033,-35.857,False,False,cities,7347,Esperança,09/09/2026,Quarta-feira,11:09:00,22,17,E,81,70,Sol,1018,1,21,sol
7348,6061,False,7,BR,Brasil,PB,Fagundes,NE,False,-7.355,-35.775,False,False,cities,7348,Fagundes,09/09/2026,Quarta-feira,10:24:00,23,16,E,80,74,Sol,1018,1,23,sol
7349,6062,False,7,BR,Brasil,PB,Frei Martinho,NE,False,-6.403,-36.456,False,False,cities,7349,Frei Martinho,09/09/2026,Quarta-feira,10:24:00,23,15,E,82,61,Sol,1018,1,22,sol
7350,6063,False,7,BR,Brasil,PB,Gado Bravo,NE,False,-7.583,-35.791,False,False,cities,7350,Gado Bravo,09/09/2026,Quarta-feira,10:24:00,24,15,E,80,75,Sol,1018,1,24,sol
7351,1231,False,7,BR,Brasil,PB,Guarabira,NE,False,-6.855,-35.49,False,False,cities,7351,Guarabira,09/09/2026,Quarta-feira,11:09:00,23,15,E,82,82,Sol com algumas nuvens,1018,2,24,sol-com-algumas-nuvens
7352,6064,False,7,BR,Brasil,PB,Gurinhém,NE,False,-7.124,-35.424,False,False,cities,7352,Gurinhém,09/09/2026,Quarta-feira,11:09:00,23,15,E,82,79,Sol,1018,1,24,sol
7353,6065,False,7,BR,Brasil,PB,Gurjão,NE,False,-7.247,-36.489,False,False,cities,7353,Gurjão,09/09/2026,Quarta-feira,10:24:00,22,18,E,79,64,Sol,1018,1,21,sol
4691,5886,False,7,BR,Brasil,PB,Ingá,NE,False,-7.281,-35.604,False,False,cities,4691,Ingá,09/09/2026,Quarta-feira,11:09:00,23,15,E,81,78,Sol,1018,1,24,sol
3992,4923,False,7,BR,Brasil,PB,Itaporanga,NE,False,-7.304,-38.15,False,False,cities,3992,Itaporanga,09/09/2026,Quarta-feira,11:09:00,23,8,ENE,73,56,Sol,1018,1,23,sol
7360,6071,False,7,BR,Brasil,PB,Jacaraú,NE,False,-6.612,-35.293,False,False,cities,7360,Jacaraú,09/09/2026,Quarta-feira,10:24:00,24,14,E,83,79,Sol com muitas nuvens,1018,2r,25,sol-com-muitas-nuvens
7363,6072,False,7,BR,Brasil,PB,Jericó,NE,False,-6.554,-37.809,False,False,cities,7363,Jericó,09/09/2026,Quarta-feira,11:09:00,25,14,ENE,78,61,Sol,1018,1,25,sol
7364,256,True,7,BR,Brasil,PB,João Pessoa,NE,True,-7.165,-34.816,False,False,cities,7364,João Pessoa,09/09/2026,Quarta-feira,11:09:00,24,12,ESE,118,86,Sol e Chuva,1017,4,27,sol-e-chuva
7365,6073,False,7,BR,Brasil,PB,Juarez Távora,NE,False,-7.172,-35.583,False,False,cities,7365,Juarez Távora,09/09/2026,Quarta-feira,11:09:00,23,15,E,81,77,Sol,1018,1,23,sol
7366,5635,False,7,BR,Brasil,PB,Juazeirinho,NE,False,-7.068,-36.578,False,False,cities,7366,Juazeirinho,09/09/2026,Quarta-feira,10:24:00,22,18,E,79,62,Sol,1018,1,20,sol
7368,6074,False,7,BR,Brasil,PB,Junco do Seridó,NE,False,-6.997,-36.713,False,False,cities,7368,Junco do Seridó,09/09/2026,Quarta-feira,10:24:00,22,19,E,79,60,Sol,1018,1,19,sol
7369,6075,False,7,BR,Brasil,PB,Juripiranga,NE,False,-7.373,-35.238,False,False,cities,7369,Juripiranga,09/09/2026,Quarta-feira,10:24:00,24,14,E,82,79,Sol,1017,1,25,sol
7370,6076,False,7,BR,Brasil,PB,Juru,NE,False,-7.537,-37.819,False,False,cities,7370,Juru,09/09/2026,Quarta-feira,11:09:00,21,7,ENE,73,60,Sol,1019,1,21,sol
7372,6077,False,7,BR,Brasil,PB,Lagoa,NE,False,-6.571,-37.916,False,False,cities,7372,Lagoa,09/09/2026,Quarta-feira,10:24:00,23,13,ENE,77,50,Sol,1018,1,21,sol
7373,5668,False,7,BR,Brasil,PB,Lagoa Seca,NE,False,-7.171,-35.854,False,False,cities,7373,Lagoa Seca,09/09/2026,Quarta-feira,11:09:00,22,17,E,81,70,Sol,1018,1,21,sol
7371,6078,False,7,BR,Brasil,PB,Lagoa de Dentro,NE,False,-6.673,-35.379,False,False,cities,7371,Lagoa de Dentro,09/09/2026,Quarta-feira,10:24:00,24,14,E,83,79,Sol com algumas nuvens,1018,2,25,sol-com-algumas-nuvens
7375,6079,False,7,BR,Brasil,PB,Lastro,NE,False,-6.516,-38.18,False,False,cities,7375,Lastro,09/09/2026,Quarta-feira,10:24:00,24,12,ENE,77,56,Sol,1018,1,23,sol
7376,6080,False,7,BR,Brasil,PB,Livramento,NE,False,-7.374,-36.946,False,False,cities,7376,Livramento,09/09/2026,Quarta-feira,11:09:00,22,14,ENE,77,57,Sol,1018,1,20,sol
7377,6081,False,7,BR,Brasil,PB,Logradouro,NE,False,-6.49,-35.43,False,False,cities,7377,Logradouro,09/09/2026,Quarta-feira,10:24:00,24,15,E,84,79,Sol com algumas nuvens,1018,2,25,sol-com-algumas-nuvens
7378,6082,False,7,BR,Brasil,PB,Lucena,NE,True,-6.9,-34.9,False,False,cities,7378,Lucena,09/09/2026,Quarta-feira,10:24:00,24,13,E,84,86,Sol com muitas nuvens,1018,2r,26,sol-com-muitas-nuvens
7380,6083,False,7,BR,Brasil,PB,Malta,NE,False,-6.904,-37.522,False,False,cities,7380,Malta,09/09/2026,Quarta-feira,11:09:00,25,13,ENE,77,61,Sol,1018,1,24,sol
7381,1232,False,7,BR,Brasil,PB,Mamanguape,NE,False,-6.839,-35.126,False,False,cities,7381,Mamanguape,09/09/2026,Quarta-feira,10:24:00,24,13,E,83,84,Sol com muitas nuvens,1018,2r,26,sol-com-muitas-nuvens
7382,6084,False,7,BR,Brasil,PB,Manaíra,NE,False,-7.706,-38.154,False,False,cities,7382,Manaíra,09/09/2026,Quarta-feira,10:24:00,20,6,ENE,70,61,Sol,1018,1,19,sol
7385,6086,False,7,BR,Brasil,PB,Marizópolis,NE,False,-6.842,-38.347,False,False,cities,7385,Marizópolis,09/09/2026,Quarta-feira,10:24:00,25,11,ENE,75,56,Sol,1018,1,24,sol
7386,6087,False,7,BR,Brasil,PB,Massaranduba,NE,False,-7.2,-35.789,False,False,cities,7386,Massaranduba,09/09/2026,Quarta-feira,11:09:00,22,17,E,80,71,Sol,1018,1,21,sol
7387,5670,False,7,BR,Brasil,PB,Mataraca,NE,True,-6.601,-35.051,False,False,cities,7387,Mataraca,09/09/2026,Quarta-feira,10:24:00,24,14,E,84,88,Chuvoso,1018,5,26,chuvoso
7388,6088,False,7,BR,Brasil,PB,Matinhas,NE,False,-7.125,-35.767,False,False,cities,7388,Matinhas,09/09/2026,Quarta-feira,10:24:00,22,17,E,81,70,Sol,1018,1,21,sol
7389,6089,False,7,BR,Brasil,PB,Mato Grosso,NE,False,-6.534,-37.725,False,False,cities,7389,Mato Grosso,09/09/2026,Quarta-feira,10:24:00,25,14,ENE,79,60,Sol,1018,1,24,sol
6050,6599,False,7,BR,Brasil,PB,Maturéia,NE,False,-7.267,-37.351,False,False,cities,6050,Maturéia,09/09/2026,Quarta-feira,10:24:00,19,12,ENE,76,51,Sol,1018,1,16,sol
7390,6090,False,7,BR,Brasil,PB,Mogeiro,NE,False,-7.299,-35.479,False,False,cities,7390,Mogeiro,09/09/2026,Quarta-feira,11:09:00,23,15,E,81,78,Sol,1018,1,24,sol
7391,6091,False,7,BR,Brasil,PB,Montadas,NE,False,-7.09,-35.96,False,False,cities,7391,Montadas,09/09/2026,Quarta-feira,11:09:00,21,17,E,81,63,Sol,1018,1,19,sol
6051,6600,False,7,BR,Brasil,PB,Monte Horebe,NE,False,-7.215,-38.586,False,False,cities,6051,Monte Horebe,09/09/2026,Quarta-feira,10:24:00,22,9,ENE,72,52,Sol,1018,1,21,sol
4200,5200,False,7,BR,Brasil,PB,Monteiro,NE,False,-7.889,-37.12,False,False,cities,4200,Monteiro,09/09/2026,Quarta-feira,10:24:00,21,7,SSE,150,60,Sol,1019,1,21,sol
7392,5636,False,7,BR,Brasil,PB,Mulungu,NE,False,-7.024,-35.462,False,False,cities,7392,Mulungu,09/09/2026,Quarta-feira,10:24:00,23,15,E,82,80,Sol,1018,1,24,sol
7379,5907,False,7,BR,Brasil,PB,Mãe d'Água,NE,False,-7.259,-37.427,False,False,cities,7379,Mãe d'Água,09/09/2026,Quarta-feira,11:09:00,22,11,ENE,76,59,Sol,1018,1,20,sol
7394,5671,False,7,BR,Brasil,PB,Nazarezinho,NE,False,-6.916,-38.325,False,False,cities,7394,Nazarezinho,09/09/2026,Quarta-feira,10:24:00,25,11,ENE,75,56,Sol,1018,1,24,sol
7395,6093,False,7,BR,Brasil,PB,Nova Floresta,NE,False,-6.455,-36.203,False,False,cities,7395,Nova Floresta,09/09/2026,Quarta-feira,10:24:00,22,19,E,82,59,Sol,1018,1,20,sol
6052,6601,False,7,BR,Brasil,PB,Nova Olinda,NE,False,-7.48,-38.042,False,False,cities,6052,Nova Olinda,09/09/2026,Quarta-feira,11:09:00,22,7,ENE,72,59,Sol,1018,1,22,sol
7396,6094,False,7,BR,Brasil,PB,Nova Palmeira,NE,False,-6.678,-36.421,False,False,cities,7396,Nova Palmeira,09/09/2026,Quarta-feira,10:24:00,22,20,E,81,58,Sol,1018,1,20,sol
7397,6602,False,7,BR,Brasil,PB,Olho d'Água,NE,False,-7.228,-37.751,False,False,cities,7397,Olho d'Água,09/09/2026,Quarta-feira,11:09:00,22,9,ENE,75,59,Sol,1018,1,22,sol
7398,6095,False,7,BR,Brasil,PB,Olivedos,NE,False,-6.991,-36.244,False,False,cities,7398,Olivedos,09/09/2026,Quarta-feira,11:09:00,21,19,E,81,61,Sol,1018,1,19,sol
6054,6603,False,7,BR,Brasil,PB,Ouro Velho,NE,False,-7.623,-37.149,False,False,cities,6054,Ouro Velho,09/09/2026,Quarta-feira,10:24:00,21,9,ENE,75,58,Sol,1019,1,21,sol
6055,6604,False,7,BR,Brasil,PB,Parari,NE,False,-7.321,-36.656,False,False,cities,6055,Parari,09/09/2026,Quarta-feira,10:24:00,23,16,ENE,78,61,Sol,1018,1,21,sol
6056,6605,False,7,BR,Brasil,PB,Passagem,NE,False,-7.138,-37.049,False,False,cities,6056,Passagem,09/09/2026,Quarta-feira,11:09:00,24,17,ENE,77,60,Sol,1018,1,23,sol
7399,1233,False,7,BR,Brasil,PB,Patos,NE,False,-7.024,-37.28,False,False,cities,7399,Patos,09/09/2026,Quarta-feira,10:24:00,25,14,ENE,77,61,Sol,1018,1,24,sol
7400,5551,False,7,BR,Brasil,PB,Paulista,NE,False,-6.594,-37.624,False,False,cities,7400,Paulista,09/09/2026,Quarta-feira,10:24:00,25,14,ENE,78,62,Sol,1017,1,25,sol
7401,6606,False,7,BR,Brasil,PB,Pedra Branca,NE,False,-7.427,-38.068,False,False,cities,7401,Pedra Branca,09/09/2026,Quarta-feira,11:09:00,23,7,ENE,73,60,Sol,1018,1,24,sol
7402,5637,False,7,BR,Brasil,PB,Pedra Lavrada,NE,False,-6.758,-36.471,False,False,cities,7402,Pedra Lavrada,09/09/2026,Quarta-feira,10:24:00,22,20,E,81,60,Sol,1018,1,20,sol
7403,6096,False,7,BR,Brasil,PB,Pedras de Fogo,NE,False,-7.402,-35.116,False,False,cities,7403,Pedras de Fogo,09/09/2026,Quarta-feira,10:24:00,24,13,E,82,81,Sol,1017,1,25,sol
4228,5264,False,7,BR,Brasil,PB,Piancó,NE,False,-7.198,-37.929,False,False,cities,4228,Piancó,09/09/2026,Quarta-feira,10:24:00,24,8,ENE,74,61,Sol,1018,1,24,sol
3993,4924,False,7,BR,Brasil,PB,Picuí,NE,False,-6.511,-36.347,False,False,cities,3993,Picuí,09/09/2026,Quarta-feira,10:24:00,23,19,E,82,61,Sol,1018,1,21,sol
7404,6097,False,7,BR,Brasil,PB,Pilar,NE,False,-7.267,-35.26,False,False,cities,7404,Pilar,09/09/2026,Quarta-feira,11:09:00,24,13,E,82,82,Sol,1017,1,25,sol
7405,6098,False,7,BR,Brasil,PB,Pilões,NE,False,-6.7,-35.615,False,False,cities,7405,Pilões,09/09/2026,Quarta-feira,10:24:00,23,16,E,83,80,Sol,1018,1,23,sol
7406,5552,False,7,BR,Brasil,PB,Pilõezinhos,NE,False,-6.84,-35.53,False,False,cities,7406,Pilõezinhos,09/09/2026,Quarta-feira,10:24:00,23,15,E,82,81,Sol com algumas nuvens,1018,2,23,sol-com-algumas-nuvens
7407,6099,False,7,BR,Brasil,PB,Pirpirituba,NE,False,-6.78,-35.499,False,False,cities,7407,Pirpirituba,09/09/2026,Quarta-feira,10:24:00,23,15,E,83,81,Sol,1018,1,24,sol
7408,6100,False,7,BR,Brasil,PB,Pitimbu,NE,True,-7.471,-34.809,False,False,cities,7408,Pitimbu,09/09/2026,Quarta-feira,11:09:00,26,13,E,82,84,Sol com algumas nuvens,1017,2,28,sol-com-algumas-nuvens
4229,5265,False,7,BR,Brasil,PB,Pocinhos,NE,False,-7.077,-36.061,False,False,cities,4229,Pocinhos,09/09/2026,Quarta-feira,11:09:00,21,18,E,80,59,Sol,1018,1,18,sol
7411,1234,False,7,BR,Brasil,PB,Pombal,NE,False,-6.77,-37.802,False,False,cities,7411,Pombal,09/09/2026,Quarta-feira,10:24:00,25,12,ENE,77,61,Sol,1018,1,26,sol
7409,6607,False,7,BR,Brasil,PB,Poço Dantas,NE,False,-6.404,-38.469,False,False,cities,7409,Poço Dantas,09/09/2026,Quarta-feira,11:09:00,23,13,ENE,78,55,Sol,1018,1,22,sol
7410,6608,False,7,BR,Brasil,PB,Poço de José de Moura,NE,False,-6.575,-38.512,False,False,cities,7410,Poço de José de Moura,09/09/2026,Quarta-feira,10:24:00,25,12,ENE,76,58,Sol,1018,1,25,sol
7412,6609,False,7,BR,Brasil,PB,Prata,NE,False,-7.691,-37.08,False,False,cities,7412,Prata,09/09/2026,Quarta-feira,11:09:00,21,8,ENE,75,59,Sol,1019,1,21,sol
4324,5366,False,7,BR,Brasil,PB,Princesa Isabel,NE,False,-7.737,-37.993,False,False,cities,4324,Princesa Isabel,09/09/2026,Quarta-feira,10:24:00,20,6,ENE,71,60,Sol,1019,1,19,sol
7413,6101,False,7,BR,Brasil,PB,Puxinanã,NE,False,-7.161,-35.961,False,False,cities,7413,Puxinanã,09/09/2026,Quarta-feira,10:24:00,21,17,E,81,63,Sol,1018,1,19,sol
7414,1235,False,7,BR,Brasil,PB,Queimadas,NE,False,-7.358,-35.898,False,False,cities,7414,Queimadas,09/09/2026,Quarta-feira,10:24:00,23,16,E,80,69,Sol,1018,1,22,sol
7415,6610,False,7,BR,Brasil,PB,Quixaba,NE,False,-7.031,-37.149,False,False,cities,7415,Quixaba,09/09/2026,Quarta-feira,11:09:00,25,15,ENE,78,61,Sol,1018,1,24,sol
7416,6611,False,7,BR,Brasil,PB,Remígio,NE,False,-6.97,-35.79,False,False,cities,7416,Remígio,09/09/2026,Quarta-feira,11:09:00,22,17,E,81,70,Sol,1018,1,21,sol
7417,6104,False,7,BR,Brasil,PB,Riachão,NE,False,-6.55071,-35.646179,False,False,cities,7417,Riachão,09/09/2026,Quarta-feira,11:09:00,22,17,E,83,70,Sol,1018,1,22,sol
7418,6105,False,7,BR,Brasil,PB,Riachão do Bacamarte,NE,False,-7.248,-35.663,False,False,cities,7418,Riachão do Bacamarte,09/09/2026,Quarta-feira,11:09:00,23,16,E,81,76,Sol,1018,1,23,sol
7419,6106,False,7,BR,Brasil,PB,Riachão do Poço,NE,False,-7.152,-35.264,False,False,cities,7419,Riachão do Poço,09/09/2026,Quarta-feira,10:24:00,24,14,E,82,81,Sol,1018,1,25,sol
4325,5367,False,7,BR,Brasil,PB,Santa Cruz,NE,False,-6.533,-38.062,False,False,cities,4325,Santa Cruz,09/09/2026,Quarta-feira,10:24:00,25,13,ENE,78,58,Sol,1018,1,24,sol
7224,6111,False,7,BR,Brasil,PB,Seridó,NE,False,-6.934,-36.402,False,False,cities,7224,Seridó,09/09/2026,Quarta-feira,11:09:00,22,20,E,80,62,Sol,1018,1,20,sol
7225,5553,False,7,BR,Brasil,PB,Serra Branca,NE,False,-7.483,-36.665,False,False,cities,7225,Serra Branca,09/09/2026,Quarta-feira,10:24:00,22,15,ENE,77,60,Sol,1018,1,21,sol
7227,6618,False,7,BR,Brasil,PB,Serra Grande,NE,False,-7.215,-38.37,False,False,cities,7227,Serra Grande,09/09/2026,Quarta-feira,10:24:00,23,8,ENE,73,55,Sol,1018,1,23,sol
7228,6112,False,7,BR,Brasil,PB,Serra Redonda,NE,False,-7.178,-35.675,False,False,cities,7228,Serra Redonda,09/09/2026,Quarta-feira,10:24:00,23,16,E,81,75,Sol,1018,1,22,sol
7226,6113,False,7,BR,Brasil,PB,Serra da Raiz,NE,False,-6.687,-35.444,False,False,cities,7226,Serra da Raiz,09/09/2026,Quarta-feira,11:09:00,24,15,E,83,79,Sol com algumas nuvens,1018,2,25,sol-com-algumas-nuvens
7229,6114,False,7,BR,Brasil,PB,Serraria,NE,False,-6.833,-35.625,False,False,cities,7229,Serraria,09/09/2026,Quarta-feira,11:09:00,23,15,E,82,81,Sol,1018,1,23,sol
7233,1239,False,7,BR,Brasil,PB,Soledade,NE,False,-7.057,-36.363,False,False,cities,7233,Soledade,09/09/2026,Quarta-feira,10:24:00,22,19,E,80,62,Sol,1018,1,19,sol
7232,6117,False,7,BR,Brasil,PB,Solânea,NE,False,-6.76,-35.66,False,False,cities,7232,Solânea,09/09/2026,Quarta-feira,10:24:00,22,16,E,82,77,Sol,1018,1,22,sol
7234,6118,False,7,BR,Brasil,PB,Sossêgo,NE,False,-6.769,-36.253,False,False,cities,7234,Sossêgo,09/09/2026,Quarta-feira,10:24:00,22,19,E,81,63,Sol,1018,1,20,sol
7235,1240,False,7,BR,Brasil,PB,Sousa,NE,False,-6.759,-38.228,False,False,cities,7235,Sousa,09/09/2026,Quarta-feira,11:09:00,25,11,ENE,76,58,Sol,1018,1,25,sol
7236,6217,False,7,BR,Brasil,PB,Sumé,NE,False,-7.672,-36.88,False,False,cities,7236,Sumé,09/09/2026,Quarta-feira,11:09:00,22,12,ENE,76,61,Sol,1018,1,21,sol
7437,6620,False,7,BR,Brasil,PB,São Domingos de Pombal,NE,False,-6.814,-37.942,False,False,cities,7437,São Domingos de Pombal,09/09/2026,Quarta-feira,11:09:00,25,11,ENE,76,60,Sol,1018,1,25,sol
7438,6119,False,7,BR,Brasil,PB,São Domingos do Cariri,NE,False,-7.636,-36.433,False,False,cities,7438,São Domingos do Cariri,09/09/2026,Quarta-feira,10:24:00,23,15,ENE,78,65,Sol,1018,1,23,sol
4201,5201,False,7,BR,Brasil,PB,São Francisco,NE,False,-6.619,-38.094,False,False,cities,4201,São Francisco,09/09/2026,Quarta-feira,11:09:00,24,12,ENE,77,54,Sol,1018,1,23,sol
7439,1241,False,7,BR,Brasil,PB,São Gonçalo,NE,False,-6.451,-38.131,False,False,cities,7439,São Gonçalo,09/09/2026,Quarta-feira,10:24:00,25,13,ENE,78,58,Sol,1018,1,24,sol
7442,6621,False,7,BR,Brasil,PB,São José da Lagoa Tapada,NE,False,-6.941,-38.162,False,False,cities,7442,São José da Lagoa Tapada,09/09/2026,Quarta-feira,10:24:00,23,10,ENE,74,51,Sol,1018,1,21,sol
7443,6622,False,7,BR,Brasil,PB,São José de Caiana,NE,False,-7.249,-38.301,False,False,cities,7443,São José de Caiana,09/09/2026,Quarta-feira,11:09:00,23,8,ENE,73,55,Sol,1018,1,23,sol
7214,6120,False,7,BR,Brasil,PB,São José de Espinharas,NE,False,-6.847,-37.326,False,False,cities,7214,São José de Espinharas,09/09/2026,Quarta-feira,10:24:00,25,14,ENE,78,64,Sol,1017,1,25,sol
4287,5324,False,7,BR,Brasil,PB,São José de Piranhas,NE,False,-7.121,-38.502,False,False,cities,4287,São José de Piranhas,09/09/2026,Quarta-feira,11:09:00,24,9,ENE,73,54,Sol,1018,1,23,sol
7215,6623,False,7,BR,Brasil,PB,São José de Princesa,NE,False,-7.738,-38.094,False,False,cities,7215,São José de Princesa,09/09/2026,Quarta-feira,10:24:00,18,6,ENE,71,55,Sol,1019,1,17,sol
7216,6624,False,7,BR,Brasil,PB,São José do Bonfim,NE,False,-7.163,-37.309,False,False,cities,7216,São José do Bonfim,09/09/2026,Quarta-feira,11:09:00,24,13,NE,50,61,Sol,1018,1,23,sol
7217,6121,False,7,BR,Brasil,PB,São José do Sabugi,NE,False,-6.776,-36.799,False,False,cities,7217,São José do Sabugi,09/09/2026,Quarta-feira,10:24:00,23,16,E,80,58,Sol,1017,1,22,sol
7218,6625,False,7,BR,Brasil,PB,São José dos Cordeiros,NE,False,-7.391,-36.808,False,False,cities,7218,São José dos Cordeiros,09/09/2026,Quarta-feira,10:24:00,22,15,ENE,77,58,Sol,1018,1,21,sol
7219,6896,False,7,BR,Brasil,PB,São José dos Ramos,NE,False,-7.251,-35.384,False,False,cities,7219,São José dos Ramos,09/09/2026,Quarta-feira,11:09:00,24,14,E,82,80,Sol,1017,1,25,sol
4692,5887,False,7,BR,Brasil,PB,São João do Cariri,NE,False,-7.391,-36.533,False,False,cities,4692,São João do Cariri,09/09/2026,Quarta-feira,10:24:00,23,16,ENE,78,63,Sol,1018,1,21,sol
7440,5034,False,7,BR,Brasil,PB,São João do Rio do Peixe,NE,False,-6.729,-38.449,False,False,cities,7440,São João do Rio do Peixe,09/09/2026,Quarta-feira,11:09:00,32,11,ENE,75,57,Sol,1018,1,25,sol
7441,5638,False,7,BR,Brasil,PB,São João do Tigre,NE,False,-8.079,-36.848,False,False,cities,7441,São João do Tigre,09/09/2026,Quarta-feira,11:09:00,20,8,ENE,74,62,Sol,1019,1,20,sol
7221,6122,False,7,BR,Brasil,PB,São Miguel de Taipu,NE,False,-7.25,-35.21,False,False,cities,7221,São Miguel de Taipu,09/09/2026,Quarta-feira,11:09:00,24,13,E,82,82,Sol,1017,1,25,sol
5621,7367,False,7,BR,Brasil,PB,São Sebastião de Lagoa de Roça,NE,False,-7.0828,-35.835,False,False,cities,5621,São Sebastião de Lagoa de Roça,09/09/2026,Quarta-feira,10:24:00,22,17,E,81,70,Sol,1018,1,21,sol
4230,5266,False,7,BR,Brasil,PB,São Vicente do Seridó,NE,False,-6.933,-36.4,False,False,cities,4230,São Vicente do Seridó,09/09/2026,Quarta-feira,11:09:00,22,20,E,80,62,Sol,1018,1,20,sol
7237,6123,False,7,BR,Brasil,PB,Tacima,NE,False,-6.488,-35.637,False,False,cities,7237,Tacima,09/09/2026,Quarta-feira,11:09:00,24,16,E,83,77,Sol,1018,1,25,sol
7238,1242,False,7,BR,Brasil,PB,Taperoá,NE,False,-7.208,-36.827,False,False,cities,7238,Taperoá,09/09/2026,Quarta-feira,10:24:00,22,17,ENE,78,58,Sol,1018,1,20,sol
7239,6626,False,7,BR,Brasil,PB,Tavares,NE,False,-7.636,-37.878,False,False,cities,7239,Tavares,09/09/2026,Quarta-feira,10:24:00,21,7,ENE,72,60,Sol,1019,1,20,sol
7240,1243,False,7,BR,Brasil,PB,Teixeira,NE,False,-7.223,-37.254,False,False,cities,7240,Teixeira,09/09/2026,Quarta-feira,10:24:00,22,14,ENE,76,62,Sol,1018,1,21,sol
7241,6124,False,7,BR,Brasil,PB,Tenório,NE,False,-6.942,-36.629,False,False,cities,7241,Tenório,09/09/2026,Quarta-feira,10:24:00,22,19,E,80,61,Sol,1018,1,19,sol
7242,6627,False,7,BR,Brasil,PB,Triunfo,NE,False,-6.579,-38.597,False,False,cities,7242,Triunfo,09/09/2026,Quarta-feira,10:24:00,25,12,ENE,76,57,Sol,1018,1,24,sol
4202,5202,False,7,BR,Brasil,PB,Uiraúna,NE,False,-6.518,-38.412,False,False,cities,4202,Uiraúna,09/09/2026,Quarta-feira,11:09:00,24,12,ENE,77,55,Sol,1018,1,23,sol
7246,5672,False,7,BR,Brasil,PB,Vieirópolis,NE,False,-6.544,-38.278,False,False,cities,7246,Vieirópolis,09/09/2026,Quarta-feira,10:24:00,22,12,ENE,77,50,Sol,1018,1,20,sol
7247,5554,False,7,BR,Brasil,PB,Vista Serrana,NE,False,-6.738,-37.567,False,False,cities,7247,Vista Serrana,09/09/2026,Quarta-feira,11:09:00,24,14,ENE,78,56,Sol,1017,1,23,sol
7244,6126,False,7,BR,Brasil,PB,Várzea,NE,False,-6.772,-36.992,False,False,cities,7244,Várzea,09/09/2026,Quarta-feira,10:24:00,24,10,E,80,59,Sol,1017,1,24,sol
7248,6628,False,7,BR,Brasil,PB,Zabelê,NE,False,-8.076,-37.098,False,False,cities,7248,Zabelê,09/09/2026,Quarta-feira,10:24:00,22,6,ENE,73,63,Sol,1019,1,22,sol
6339,5555,False,7,BR,Brasil,PB,Água Branca,NE,False,-7.5114,-37.6357,False,False,cities,6339,Água Branca,09/09/2026,Quarta-feira,11:09:00,21,8,ENE,74,59,Sol,1019,1,20,sol
6352,761,False,7,BR,Brasil,PE,Abreu e Lima,NE,True,-7.912,-34.903,False,False,cities,6352,Abreu e Lima,09/09/2026,Quarta-feira,10:24:00,26,16,E,81,82,Sol com algumas nuvens,1017,2,29,sol-com-algumas-nuvens
5378,2044,False,7,BR,Brasil,PE,Afogados da Ingazeira,NE,False,-7.751,-37.639,False,False,cities,5378,Afogados da Ingazeira,09/09/2026,Quarta-feira,11:09:00,22,6,ENE,72,60,Sol,1019,1,22,sol
7249,4761,False,7,BR,Brasil,PE,Afrânio,NE,False,-8.515,-41.005,False,False,cities,7249,Afrânio,09/09/2026,Quarta-feira,11:09:00,21,25,NE,53,54,Sol,1019,1,16,sol
4709,5908,False,7,BR,Brasil,PE,Agrestina,NE,False,-8.458,-35.945,False,False,cities,4709,Agrestina,09/09/2026,Quarta-feira,11:09:00,22,11,ENE,76,75,Sol,1019,1,22,sol
7252,5368,False,7,BR,Brasil,PE,Alagoinha,NE,False,-8.466,-36.776,False,False,cities,7252,Alagoinha,09/09/2026,Quarta-feira,10:24:00,20,7,ENE,73,57,Sol,1020,1,19,sol
7253,5556,False,7,BR,Brasil,PE,Aliança,NE,False,-7.603,-35.231,False,True,cities,7253,Aliança,09/09/2026,Quarta-feira,11:09:00,24,14,NE,50,80,Sol,1017,1,26,sol
7254,5673,False,7,BR,Brasil,PE,Altinho,NE,False,-8.49,-36.059,False,False,cities,7254,Altinho,09/09/2026,Quarta-feira,10:24:00,22,11,ENE,76,74,Sol,1019,1,22,sol
7255,6145,False,7,BR,Brasil,PE,Amaraji,NE,False,-8.383,-35.453,False,False,cities,7255,Amaraji,09/09/2026,Quarta-feira,11:09:00,23,13,ENE,79,79,Sol,1018,1,23,sol
7256,6146,False,7,BR,Brasil,PE,Angelim,NE,False,-8.89,-36.286,False,False,cities,7256,Angelim,09/09/2026,Quarta-feira,10:24:00,19,7,ENE,74,70,Sol,1020,1,19,sol
7258,1244,False,7,BR,Brasil,PE,Araripina,NE,False,-7.576,-40.498,False,False,cities,7258,Araripina,09/09/2026,Quarta-feira,11:09:00,20,21,ENE,59,59,Sol,1019,1,16,sol
7257,6147,False,7,BR,Brasil,PE,Araçoiaba,NE,False,-7.79,-35.091,False,False,cities,7257,Araçoiaba,09/09/2026,Quarta-feira,11:09:00,25,15,E,81,79,Sol,1017,1,27,sol
7259,1245,False,7,BR,Brasil,PE,Arcoverde,NE,False,-8.419,-37.054,False,False,cities,7259,Arcoverde,09/09/2026,Quarta-feira,10:24:00,21,7,ENE,72,59,Sol,1019,1,20,sol
7260,6148,False,7,BR,Brasil,PE,Barra de Guabiraba,NE,False,-8.42,-35.658,False,False,cities,7260,Barra de Guabiraba,09/09/2026,Quarta-feira,10:24:00,22,12,ENE,78,72,Sol,1018,1,22,sol
7261,2699,False,7,BR,Brasil,PE,Barreiros,NE,True,-8.818,-35.186,False,False,cities,7261,Barreiros,09/09/2026,Quarta-feira,11:09:00,26,11,ENE,78,84,Sol,1018,1,30,sol
7264,2179,False,7,BR,Brasil,PE,Belo Jardim,NE,False,-8.336,-36.424,False,False,cities,7264,Belo Jardim,09/09/2026,Quarta-feira,11:09:00,21,10,ENE,75,66,Sol,1019,1,20,sol
7262,6149,False,7,BR,Brasil,PE,Belém de Maria,NE,False,-8.62,-35.84,False,False,cities,7262,Belém de Maria,09/09/2026,Quarta-feira,10:24:00,23,9,ENE,76,82,Sol,1019,1,24,sol
7263,1605,False,7,BR,Brasil,PE,Belém de São Francisco,NE,False,-8.754,-38.966,False,False,cities,7263,Belém de São Francisco,09/09/2026,Quarta-feira,10:24:00,23,8,ENE,63,69,Sol com algumas nuvens,1019,2,24,sol-com-algumas-nuvens
4203,5203,False,7,BR,Brasil,PE,Betania,NE,False,-8.275,-38.034,False,False,cities,4203,Betania,09/09/2026,Quarta-feira,11:09:00,23,7,ENE,69,62,Sol,1019,1,23,sol
7265,5557,False,7,BR,Brasil,PE,Bezerros,NE,False,-8.233,-35.797,False,False,cities,7265,Bezerros,09/09/2026,Quarta-feira,10:24:00,22,13,ENE,78,71,Sol,1018,1,22,sol
7266,4205,False,7,BR,Brasil,PE,Bodocó,NE,False,-7.778,-39.941,False,False,cities,7266,Bodocó,09/09/2026,Quarta-feira,10:24:00,21,16,ENE,62,56,Sol,1019,1,19,sol
7267,1247,False,7,BR,Brasil,PE,Bom Conselho,NE,False,-9.17,-36.68,False,False,cities,7267,Bom Conselho,09/09/2026,Quarta-feira,10:24:00,19,6,ENE,72,63,Sol,1019,1,19,sol
4693,5888,False,7,BR,Brasil,PE,Bom Jardim,NE,False,-7.796,-35.587,False,False,cities,4693,Bom Jardim,09/09/2026,Quarta-feira,10:24:00,22,15,E,80,77,Sol,1018,1,22,sol
7268,2737,False,7,BR,Brasil,PE,Bonito,NE,False,-8.47,-35.729,False,False,cities,7268,Bonito,09/09/2026,Quarta-feira,10:24:00,21,10,ENE,77,73,Sol,1018,1,21,sol
7270,6629,False,7,BR,Brasil,PE,Brejinho,NE,False,-7.349,-37.286,False,False,cities,7270,Brejinho,09/09/2026,Quarta-feira,10:24:00,19,11,ENE,76,52,Sol,1018,1,17,sol
7271,6150,False,7,BR,Brasil,PE,Brejo da Madre de Deus,NE,False,-8.146,-36.371,False,False,cities,7271,Brejo da Madre de Deus,09/09/2026,Quarta-feira,11:09:00,22,12,ENE,76,64,Sol,1018,1,21,sol
7269,6151,False,7,BR,Brasil,PE,Brejão,NE,False,-9.03,-36.569,False,False,cities,7269,Brejão,09/09/2026,Quarta-feira,10:24:00,19,6,ENE,73,68,Sol,1020,1,19,sol
7272,6152,False,7,BR,Brasil,PE,Buenos Aires,NE,False,-7.726,-35.327,False,False,cities,7272,Buenos Aires,09/09/2026,Quarta-feira,10:24:00,24,15,E,81,79,Sol,1017,1,25,sol
7273,5674,False,7,BR,Brasil,PE,Buíque,NE,False,-8.623,-37.156,False,False,cities,7273,Buíque,09/09/2026,Quarta-feira,10:24:00,20,7,ENE,71,60,Sol,1019,1,19,sol
6353,762,False,7,BR,Brasil,PE,Cabo de Santo Agostinho,NE,True,-8.287,-35.035,False,True,cities,6353,Cabo de Santo Agostinho,09/09/2026,Quarta-feira,10:24:00,26,17,E,80,81,Sol,1018,1,28,sol
7274,1249,False,7,BR,Brasil,PE,Cabrobó,NE,False,-8.514,-39.31,False,False,cities,7274,Cabrobó,09/09/2026,Quarta-feira,11:09:00,22,6,E,100,67,Sol com algumas nuvens,1020,2,23,sol-com-algumas-nuvens
4204,5204,False,7,BR,Brasil,PE,Cachoeirinha,NE,False,-8.486,-36.233,False,False,cities,4204,Cachoeirinha,09/09/2026,Quarta-feira,10:24:00,22,10,ENE,76,73,Sol,1019,1,22,sol
7275,1250,False,7,BR,Brasil,PE,Caetés,NE,False,-8.78,-36.62,False,False,cities,7275,Caetés,09/09/2026,Quarta-feira,10:24:00,19,7,ENE,73,64,Sol,1020,1,19,sol
7276,5558,False,7,BR,Brasil,PE,Calçado,NE,False,-8.742,-36.334,False,False,cities,7276,Calçado,09/09/2026,Quarta-feira,10:24:00,19,8,ENE,74,68,Sol,1020,1,19,sol
6354,763,False,7,BR,Brasil,PE,Camaragibe,NE,False,-8.022,-34.981,False,False,cities,6354,Camaragibe,09/09/2026,Quarta-feira,11:09:00,26,18,E,81,81,Sol,1017,1,28,sol
7278,6153,False,7,BR,Brasil,PE,Camocim de São Félix,NE,False,-8.359,-35.762,False,False,cities,7278,Camocim de São Félix,09/09/2026,Quarta-feira,10:24:00,22,12,ENE,78,72,Sol,1018,1,22,sol
7279,6154,False,7,BR,Brasil,PE,Camutanga,NE,False,-7.407,-35.274,False,False,cities,7279,Camutanga,09/09/2026,Quarta-feira,11:09:00,24,14,E,82,80,Sol,1017,1,25,sol
7280,1251,False,7,BR,Brasil,PE,Canhotinho,NE,False,-8.882,-36.191,False,False,cities,7280,Canhotinho,09/09/2026,Quarta-feira,11:09:00,20,7,ENE,74,73,Sol,1020,1,20,sol
7281,6155,False,7,BR,Brasil,PE,Capoeiras,NE,False,-8.735,-36.627,False,False,cities,7281,Capoeiras,09/09/2026,Quarta-feira,10:24:00,19,7,ENE,73,64,Sol,1020,1,19,sol
7283,6156,False,7,BR,Brasil,PE,Carnaubeira da Penha,NE,False,-8.319,-38.745,False,False,cities,7283,Carnaubeira da Penha,09/09/2026,Quarta-feira,11:09:00,21,7,ENE,65,62,Sol com algumas nuvens,1019,2,21,sol-com-algumas-nuvens
7282,6631,False,7,BR,Brasil,PE,Carnaíba,NE,False,-7.805,-37.794,False,False,cities,7282,Carnaíba,09/09/2026,Quarta-feira,11:09:00,21,6,ENE,72,61,Sol,1019,1,21,sol
7284,2086,False,7,BR,Brasil,PE,Carpina,NE,False,-7.851,-35.255,False,False,cities,7284,Carpina,09/09/2026,Quarta-feira,10:24:00,25,16,E,81,80,Sol,1017,1,26,sol
6355,764,False,7,BR,Brasil,PE,Caruaru,NE,False,-8.283,-35.976,False,True,cities,6355,Caruaru,09/09/2026,Quarta-feira,11:09:00,22,13,W,280,71,Sol,1018,1,22,sol
7285,6157,False,7,BR,Brasil,PE,Casinhas,NE,False,-7.741,-35.721,False,False,cities,7285,Casinhas,09/09/2026,Quarta-feira,10:24:00,22,15,E,80,76,Sol,1018,1,22,sol
4710,5909,False,7,BR,Brasil,PE,Catende,NE,False,-8.667,-35.717,False,False,cities,4710,Catende,09/09/2026,Quarta-feira,11:09:00,23,9,ENE,77,84,Sol,1019,1,25,sol
7286,5675,False,7,BR,Brasil,PE,Cedro,NE,False,-7.722,-39.239,False,False,cities,7286,Cedro,09/09/2026,Quarta-feira,10:24:00,21,10,ENE,67,58,Sol,1019,1,20,sol
7288,5559,False,7,BR,Brasil,PE,Chã Grande,NE,False,-8.238,-35.462,False,False,cities,7288,Chã Grande,09/09/2026,Quarta-feira,10:24:00,23,14,E,79,76,Sol,1018,1,23,sol
7287,6158,False,7,BR,Brasil,PE,Chã de Alegria,NE,False,-8.001,-35.213,False,False,cities,7287,Chã de Alegria,09/09/2026,Quarta-feira,10:24:00,25,16,E,80,81,Sol,1017,1,27,sol
7289,5267,False,7,BR,Brasil,PE,Condado,NE,False,-7.586,-35.106,False,False,cities,7289,Condado,09/09/2026,Quarta-feira,11:09:00,25,14,E,82,82,Sol,1016,1,27,sol
4205,5205,False,7,BR,Brasil,PE,Correntes,NE,False,-9.129,-36.33,False,False,cities,4205,Correntes,09/09/2026,Quarta-feira,10:24:00,21,6,ENE,73,77,Sol,1019,1,22,sol
7290,6159,False,7,BR,Brasil,PE,Cortês,NE,False,-8.47,-35.541,False,False,cities,7290,Cortês,09/09/2026,Quarta-feira,10:24:00,22,10,ENE,78,78,Sol,1018,1,22,sol
7291,6160,False,7,BR,Brasil,PE,Cumaru,NE,False,-8.006,-35.697,False,False,cities,7291,Cumaru,09/09/2026,Quarta-feira,11:09:00,23,15,E,79,74,Sol,1018,1,24,sol
4206,5206,False,7,BR,Brasil,PE,Custodia,NE,False,-8.088,-37.643,False,False,cities,4206,Custodia,09/09/2026,Quarta-feira,11:09:00,21,6,ENE,71,56,Sol,1019,1,20,sol
7296,5639,False,7,BR,Brasil,PE,Feira Nova,NE,False,-7.951,-35.389,False,False,cities,7296,Feira Nova,09/09/2026,Quarta-feira,10:24:00,24,15,E,80,76,Sol,1018,1,25,sol
7297,1565,False,7,BR,Brasil,PE,Fernando de Noronha,NE,False,-3.8403,-32.4108,True,False,cities,7297,Fernando de Noronha,09/09/2026,Quarta-feira,10:24:00,25,27,E,99,86,Sol com muitas nuvens,1016,2r,24,sol-com-muitas-nuvens
7299,6632,False,7,BR,Brasil,PE,Flores,NE,False,-7.868,-37.975,False,False,cities,7299,Flores,09/09/2026,Quarta-feira,10:24:00,22,6,ENE,71,63,Sol,1019,1,22,sol
7300,1253,False,7,BR,Brasil,PE,Floresta,NE,False,-8.601,-38.569,False,False,cities,7300,Floresta,09/09/2026,Quarta-feira,10:24:00,23,8,N,0,68,Sol com algumas nuvens,1019,2,23,sol-com-algumas-nuvens
7301,6162,False,7,BR,Brasil,PE,Frei Miguelinho,NE,False,-7.94,-35.912,False,False,cities,7301,Frei Miguelinho,09/09/2026,Quarta-feira,10:24:00,24,15,ENE,78,75,Sol,1017,1,25,sol
7302,6163,False,7,BR,Brasil,PE,Gameleira,NE,False,-8.584,-35.387,False,True,cities,7302,Gameleira,09/09/2026,Quarta-feira,11:09:00,25,11,ENE,78,81,Sol,1018,1,27,sol
7303,257,False,7,BR,Brasil,PE,Garanhuns,NE,False,-8.89,-36.493,False,False,cities,7303,Garanhuns,09/09/2026,Quarta-feira,10:24:00,19,7,NNE,30,68,Sol,1020,1,18,sol
7304,1254,False,7,BR,Brasil,PE,Glória do Goitá,NE,False,-8.002,-35.293,False,False,cities,7304,Glória do Goitá,09/09/2026,Quarta-feira,10:24:00,25,16,E,80,78,Sol,1017,1,26,sol
7305,2087,False,7,BR,Brasil,PE,Goiana,NE,True,-7.561,-35.002,False,True,cities,7305,Goiana,09/09/2026,Quarta-feira,10:24:00,25,13,E,82,82,Sol,1017,1,27,sol
7306,6164,False,7,BR,Brasil,PE,Granito,NE,False,-7.716,-39.615,False,False,cities,7306,Granito,09/09/2026,Quarta-feira,10:24:00,22,12,ENE,64,54,Sol,1019,1,21,sol
7307,1255,False,7,BR,Brasil,PE,Gravatá,NE,False,-8.201,-35.565,False,False,cities,7307,Gravatá,09/09/2026,Quarta-feira,11:09:00,22,13,ENE,79,74,Sol,1018,1,22,sol
7308,6165,False,7,BR,Brasil,PE,Iati,NE,False,-9.046,-36.846,False,False,cities,7308,Iati,09/09/2026,Quarta-feira,10:24:00,21,6,ENE,72,65,Sol,1019,1,21,sol
7309,5207,False,7,BR,Brasil,PE,Ibimirim,NE,False,-8.541,-37.69,False,False,cities,7309,Ibimirim,09/09/2026,Quarta-feira,10:24:00,22,7,ENE,69,66,Sol,1019,1,23,sol
7310,6166,False,7,BR,Brasil,PE,Ibirajuba,NE,False,-8.581,-36.179,False,False,cities,7310,Ibirajuba,09/09/2026,Quarta-feira,10:24:00,21,9,ENE,75,72,Sol,1020,1,21,sol
7311,1256,False,7,BR,Brasil,PE,Igarassu,NE,True,-7.834,-34.906,False,True,cities,7311,Igarassu,09/09/2026,Quarta-feira,10:24:00,26,16,E,81,82,Sol com algumas nuvens,1017,2,29,sol-com-algumas-nuvens
4711,5910,False,7,BR,Brasil,PE,Iguaraci,NE,False,-7.835,-37.515,False,False,cities,4711,Iguaraci,09/09/2026,Quarta-feira,11:09:00,21,6,ENE,72,56,Sol,1019,1,20,sol
7312,6167,False,7,BR,Brasil,PE,Inajá,NE,False,-8.9,-37.83,False,False,cities,7312,Inajá,09/09/2026,Quarta-feira,11:09:00,22,9,ENE,68,69,Sol,1019,1,23,sol
7313,6633,False,7,BR,Brasil,PE,Ingazeira,NE,False,-7.676,-37.46,False,False,cities,7313,Ingazeira,09/09/2026,Quarta-feira,10:24:00,22,8,ENE,74,60,Sol,1019,1,21,sol
7314,2017,False,7,BR,Brasil,PE,Ipojuca,NE,True,-8.399,-35.064,False,False,cities,7314,Ipojuca,09/09/2026,Quarta-feira,10:24:00,26,17,E,80,82,Sol,1018,1,28,sol
7315,5561,False,7,BR,Brasil,PE,Ipubi,NE,False,-7.652,-40.149,False,False,cities,7315,Ipubi,09/09/2026,Quarta-feira,11:09:00,20,18,ENE,61,59,Sol,1020,1,17,sol
7316,6168,False,7,BR,Brasil,PE,Itacuruba,NE,False,-8.727,-38.683,False,False,cities,7316,Itacuruba,09/09/2026,Quarta-feira,10:24:00,23,8,ENE,65,67,Sol com algumas nuvens,1019,2,23,sol-com-algumas-nuvens
9141,2710,False,7,BR,Brasil,PE,Itamaracá,NE,True,-7.77,-34.84,False,False,cities,9141,Itamaracá,09/09/2026,Quarta-feira,10:24:00,27,15,E,82,83,Sol com algumas nuvens,1016,2,29,sol-com-algumas-nuvens
7318,2712,False,7,BR,Brasil,PE,Itambé,NE,False,-7.41,-35.113,False,True,cities,7318,Itambé,09/09/2026,Quarta-feira,11:09:00,24,13,E,82,81,Sol,1017,1,25,sol
7319,6634,False,7,BR,Brasil,PE,Itapetim,NE,False,-7.378,-37.19,False,False,cities,7319,Itapetim,09/09/2026,Quarta-feira,10:24:00,20,12,ENE,76,55,Sol,1018,1,18,sol
7320,6169,False,7,BR,Brasil,PE,Itapissuma,NE,True,-7.776,-34.892,False,False,cities,7320,Itapissuma,09/09/2026,Quarta-feira,10:24:00,26,15,SE,130,82,Sol com algumas nuvens,1016,2,29,sol-com-algumas-nuvens
7321,6170,False,7,BR,Brasil,PE,Itaquitinga,NE,False,-7.668,-35.102,False,False,cities,7321,Itaquitinga,09/09/2026,Quarta-feira,10:24:00,25,14,E,82,82,Sol,1016,1,27,sol
7317,6171,False,7,BR,Brasil,PE,Itaíba,NE,False,-8.947,-37.423,False,False,cities,7317,Itaíba,09/09/2026,Quarta-feira,10:24:00,21,8,ENE,70,71,Sol,1020,1,21,sol
7322,1606,False,7,BR,Brasil,PE,Jaboatão dos Guararapes,NE,True,-8.113,-35.015,False,False,cities,7322,Jaboatão dos Guararapes,09/09/2026,Quarta-feira,10:24:00,26,18,E,80,81,Sol com algumas nuvens,1018,2,28,sol-com-algumas-nuvens
7323,6172,False,7,BR,Brasil,PE,Jaqueira,NE,False,-8.727,-35.793,False,False,cities,7323,Jaqueira,09/09/2026,Quarta-feira,11:09:00,22,8,ENE,76,82,Sol,1019,1,23,sol
7324,6173,False,7,BR,Brasil,PE,Jataúba,NE,False,-7.99,-36.496,False,False,cities,7324,Jataúba,09/09/2026,Quarta-feira,11:09:00,22,12,ENE,76,60,Sol,1018,1,21,sol
4712,5911,False,7,BR,Brasil,PE,Jatobá,NE,False,-9.183,-38.269,False,False,cities,4712,Jatobá,09/09/2026,Quarta-feira,11:09:00,23,12,ENE,66,73,Sol,1019,1,24,sol
7326,6174,False,7,BR,Brasil,PE,Joaquim Nabuco,NE,False,-8.624,-35.533,False,False,cities,7326,Joaquim Nabuco,09/09/2026,Quarta-feira,10:24:00,23,9,SE,130,82,Sol,1018,1,24,sol
7325,1258,False,7,BR,Brasil,PE,João Alfredo,NE,False,-7.856,-35.588,False,False,cities,7325,João Alfredo,09/09/2026,Quarta-feira,10:24:00,23,15,E,80,78,Sol,1018,1,24,sol
7327,6175,False,7,BR,Brasil,PE,Jucati,NE,False,-8.706,-36.489,False,False,cities,7327,Jucati,09/09/2026,Quarta-feira,11:09:00,19,8,ENE,74,68,Sol,1020,1,19,sol
4208,5208,False,7,BR,Brasil,PE,Pedra,NE,False,-8.497,-36.941,False,False,cities,4208,Pedra,09/09/2026,Quarta-feira,11:09:00,21,7,ENE,73,59,Sol,1019,1,20,sol
4713,5912,False,7,BR,Brasil,PE,Quipapá,NE,False,-8.828,-36.012,False,False,cities,4713,Quipapá,09/09/2026,Quarta-feira,10:24:00,21,7,ENE,75,77,Sol,1019,1,22,sol
3994,4925,False,7,BR,Brasil,PE,Sanharó,NE,False,-8.361,-36.566,False,False,cities,3994,Sanharó,09/09/2026,Quarta-feira,10:24:00,20,9,ENE,74,65,Sol,1019,1,19,sol
7170,6635,False,7,BR,Brasil,PE,Solidão,NE,False,-7.6,-37.652,False,False,cities,7170,Solidão,09/09/2026,Quarta-feira,11:09:00,21,7,ENE,73,61,Sol,1019,1,21,sol
7171,1272,False,7,BR,Brasil,PE,Surubim,NE,False,-7.833,-35.755,False,False,cities,7171,Surubim,09/09/2026,Quarta-feira,10:24:00,23,15,E,79,77,Sol,1018,1,23,sol
3995,4926,False,7,BR,Brasil,PE,Tabira,NE,False,-7.591,-37.539,False,False,cities,3995,Tabira,09/09/2026,Quarta-feira,10:24:00,21,7,ENE,73,61,Sol,1019,1,21,sol
7172,6208,False,7,BR,Brasil,PE,Tacaimbó,NE,False,-8.316,-36.293,False,False,cities,7172,Tacaimbó,09/09/2026,Quarta-feira,10:24:00,21,11,ENE,75,67,Sol,1019,1,20,sol
7173,5340,False,7,BR,Brasil,PE,Tacaratu,NE,False,-9.105,-38.149,False,False,cities,7173,Tacaratu,09/09/2026,Quarta-feira,11:09:00,22,12,ENE,67,67,Sol,1019,1,21,sol
7174,5566,False,7,BR,Brasil,PE,Tamandaré,NE,True,-8.76,-35.105,False,False,cities,7174,Tamandaré,09/09/2026,Quarta-feira,10:24:00,27,13,ENE,79,84,Sol,1018,1,30,sol
7175,4740,False,7,BR,Brasil,PE,Taquaritinga do Norte,NE,False,-7.903,-36.044,False,False,cities,7175,Taquaritinga do Norte,09/09/2026,Quarta-feira,10:24:00,21,15,ENE,78,56,Sol,1017,1,19,sol
7176,6209,False,7,BR,Brasil,PE,Terezinha,NE,False,-9.056,-36.623,False,False,cities,7176,Terezinha,09/09/2026,Quarta-feira,10:24:00,19,6,ENE,73,68,Sol,1020,1,19,sol
7177,5567,False,7,BR,Brasil,PE,Terra Nova,NE,False,-8.23,-39.376,False,False,cities,7177,Terra Nova,09/09/2026,Quarta-feira,10:24:00,22,7,ENE,63,62,Sol,1019,1,22,sol
7178,1275,False,7,BR,Brasil,PE,Timbaúba,NE,False,-7.505,-35.318,False,True,cities,7178,Timbaúba,09/09/2026,Quarta-feira,10:24:00,24,14,E,81,80,Sol,1017,1,25,sol
4714,5913,False,7,BR,Brasil,PE,Toritama,NE,False,-8.007,-36.057,False,False,cities,4714,Toritama,09/09/2026,Quarta-feira,10:24:00,24,14,ENE,78,72,Sol,1017,1,24,sol
7179,6210,False,7,BR,Brasil,PE,Tracunhaém,NE,False,-7.805,-35.24,False,True,cities,7179,Tracunhaém,09/09/2026,Quarta-feira,10:24:00,25,15,E,81,79,Sol,1017,1,26,sol
3198,3376,False,7,BR,Brasil,PE,Trindade,NE,False,-7.762,-40.268,False,False,cities,3198,Trindade,09/09/2026,Quarta-feira,10:24:00,21,20,ENE,59,58,Sol,1019,1,18,sol
3952,4873,False,7,BR,Brasil,PE,Triunfo,NE,False,-7.838,-38.102,False,False,cities,3952,Triunfo,09/09/2026,Quarta-feira,10:24:00,20,6,ENE,71,57,Sol,1019,1,19,sol
7180,6211,False,7,BR,Brasil,PE,Tupanatinga,NE,False,-8.753,-37.34,False,False,cities,7180,Tupanatinga,09/09/2026,Quarta-feira,10:24:00,20,7,ENE,70,63,Sol,1019,1,19,sol
7181,6636,False,7,BR,Brasil,PE,Tuparetama,NE,False,-7.602,-37.311,False,False,cities,7181,Tuparetama,09/09/2026,Quarta-feira,10:24:00,22,8,ENE,74,59,Sol,1019,1,21,sol
7182,5076,False,7,BR,Brasil,PE,Venturosa,NE,False,-8.575,-36.874,False,False,cities,7182,Venturosa,09/09/2026,Quarta-feira,11:09:00,21,7,ENE,73,58,Sol,1020,1,20,sol
3210,3411,False,7,BR,Brasil,PE,Verdejante,NE,False,-7.926,-38.972,False,False,cities,3210,Verdejante,09/09/2026,Quarta-feira,11:09:00,22,8,ENE,67,65,Sol,1019,1,22,sol
7183,6212,False,7,BR,Brasil,PE,Vertente do Lério,NE,False,-7.771,-35.85,False,False,cities,7183,Vertente do Lério,09/09/2026,Quarta-feira,10:24:00,23,15,E,79,74,Sol,1018,1,23,sol
7184,5568,False,7,BR,Brasil,PE,Vertentes,NE,False,-7.903,-35.988,False,False,cities,7184,Vertentes,09/09/2026,Quarta-feira,11:09:00,22,15,ENE,78,60,Sol,1017,1,20,sol
3996,4927,False,7,BR,Brasil,PE,Vicência,NE,False,-7.657,-35.327,False,True,cities,3996,Vicência,09/09/2026,Quarta-feira,11:09:00,24,15,E,81,79,Sol,1017,1,25,sol
7186,6213,False,7,BR,Brasil,PE,Xexéu,NE,False,-8.802,-35.627,False,True,cities,7186,Xexéu,09/09/2026,Quarta-feira,10:24:00,23,8,ENE,77,82,Sol,1018,1,25,sol
7250,6214,False,7,BR,Brasil,PE,Água Preta,NE,False,-8.707,-35.531,False,True,cities,7250,Água Preta,09/09/2026,Quarta-feira,10:24:00,23,8,ENE,77,82,Sol,1018,1,25,sol
7251,4136,False,7,BR,Brasil,PE,Águas Belas,NE,False,-9.111,-37.123,False,False,cities,7251,Águas Belas,09/09/2026,Quarta-feira,11:09:00,22,7,ENE,71,69,Sol,1019,1,23,sol
7187,5077,False,7,BR,Brasil,PI,Acauã,NE,False,-8.215,-41.082,False,False,cities,7187,Acauã,09/09/2026,Quarta-feira,10:24:00,22,25,NE,52,57,Sol,1018,1,18,sol
7188,6637,False,7,BR,Brasil,PI,Agricolândia,NE,False,-5.799,-42.669,False,False,cities,7188,Agricolândia,09/09/2026,Quarta-feira,11:09:00,27,7,NE,50,51,Sol,1016,1,27,sol
7190,6218,False,7,BR,Brasil,PI,Alagoinha do Piauí,NE,False,-7.008,-40.939,False,False,cities,7190,Alagoinha do Piauí,09/09/2026,Quarta-feira,11:09:00,24,18,ENE,59,55,Sol,1018,1,23,sol
7191,5326,False,7,BR,Brasil,PI,Alegrete do Piauí,NE,False,-7.243,-40.858,False,False,cities,7191,Alegrete do Piauí,09/09/2026,Quarta-feira,10:24:00,23,18,ENE,58,55,Sol,1018,1,20,sol
7192,6638,False,7,BR,Brasil,PI,Alto Longá,NE,False,-5.251,-42.21,False,False,cities,7192,Alto Longá,09/09/2026,Quarta-feira,11:09:00,28,8,ENE,64,59,Sol,1015,1,29,sol
7194,5569,False,7,BR,Brasil,PI,Alvorada do Gurguéia,NE,False,-8.424,-43.777,False,False,cities,7194,Alvorada do Gurguéia,09/09/2026,Quarta-feira,11:09:00,26,13,NNE,33,43,Sol,1017,1,24,sol
7196,6639,False,7,BR,Brasil,PI,Angical do Piauí,NE,False,-6.086,-42.739,False,False,cities,7196,Angical do Piauí,09/09/2026,Quarta-feira,11:09:00,27,9,NE,46,38,Sol,1016,1,27,sol
7198,6640,False,7,BR,Brasil,PI,Antônio Almeida,NE,False,-7.219,-44.197,False,False,cities,7198,Antônio Almeida,09/09/2026,Quarta-feira,10:24:00,27,20,NNE,19,38,Sol,1016,1,23,sol
7197,5078,False,7,BR,Brasil,PI,Anísio de Abreu,NE,False,-9.189,-43.046,False,False,cities,7197,Anísio de Abreu,09/09/2026,Quarta-feira,11:09:00,24,19,NE,46,47,Sol,1019,1,21,sol
7199,6641,False,7,BR,Brasil,PI,Aroazes,NE,False,-6.119,-41.793,False,False,cities,7199,Aroazes,09/09/2026,Quarta-feira,11:09:00,28,13,ENE,57,45,Sol,1016,1,28,sol
7200,6642,False,7,BR,Brasil,PI,Arraial,NE,False,-6.655,-42.532,False,False,cities,7200,Arraial,09/09/2026,Quarta-feira,10:24:00,29,13,NE,43,39,Sol,1016,1,29,sol
7201,6643,False,7,BR,Brasil,PI,Assunção do Piauí,NE,False,-5.866,-41.039,False,False,cities,7201,Assunção do Piauí,09/09/2026,Quarta-feira,11:09:00,24,14,ENE,66,59,Sol,1016,1,23,sol
7202,6219,False,7,BR,Brasil,PI,Avelino Lopes,NE,False,-10.137,-43.949,False,False,cities,7202,Avelino Lopes,09/09/2026,Quarta-feira,11:09:00,24,22,ENE,56,51,Sol,1018,1,20,sol
3953,4874,False,7,BR,Brasil,PI,Baixa Grande do Ribeiro,NE,False,-7.85,-45.214,False,False,cities,3953,Baixa Grande do Ribeiro,09/09/2026,Quarta-feira,11:09:00,25,15,NNE,22,35,Sol,1016,1,22,sol
3997,4928,False,7,BR,Brasil,PI,Barra d'Alcântara,NE,False,-6.517,-42.114,False,False,cities,3997,Barra d'Alcântara,09/09/2026,Quarta-feira,10:24:00,27,13,NE,50,40,Sol,1016,1,25,sol
7204,6220,False,7,BR,Brasil,PI,Barreiras do Piauí,NE,False,-9.925,-45.475,False,False,cities,7204,Barreiras do Piauí,09/09/2026,Quarta-feira,11:09:00,25,14,NE,55,39,Sol,1017,1,23,sol
7205,6221,False,7,BR,Brasil,PI,Barro Duro,NE,False,-5.817,-42.513,False,False,cities,7205,Barro Duro,09/09/2026,Quarta-feira,11:09:00,27,8,NE,51,44,Sol,1016,1,26,sol
7206,5570,False,7,BR,Brasil,PI,Batalha,NE,False,-4.025,-42.075,False,False,cities,7206,Batalha,09/09/2026,Quarta-feira,11:09:00,27,6,ENE,77,66,Sol,1015,1,29,sol
7207,6222,False,7,BR,Brasil,PI,Bela Vista do Piauí,NE,False,-7.989,-41.868,False,False,cities,7207,Bela Vista do Piauí,09/09/2026,Quarta-feira,10:24:00,24,15,NE,45,53,Sol,1018,1,22,sol
7208,6223,False,7,BR,Brasil,PI,Belém do Piauí,NE,False,-7.376,-40.972,False,False,cities,7208,Belém do Piauí,09/09/2026,Quarta-feira,10:24:00,23,10,NE,56,56,Sol,1017,1,23,sol
7209,5680,False,7,BR,Brasil,PI,Beneditinos,NE,False,-5.456,-42.36,False,False,cities,7209,Beneditinos,09/09/2026,Quarta-feira,10:24:00,28,8,ENE,59,49,Sol,1015,1,28,sol
7210,6224,False,7,BR,Brasil,PI,Bertolínia,NE,False,-7.641,-43.951,False,False,cities,7210,Bertolínia,09/09/2026,Quarta-feira,11:09:00,26,15,NNE,24,40,Sol,1016,1,24,sol
7211,6225,False,7,BR,Brasil,PI,Betânia do Piauí,NE,False,-8.148,-40.796,False,False,cities,7211,Betânia do Piauí,09/09/2026,Quarta-feira,11:09:00,22,27,NE,53,58,Sol,1019,1,18,sol
7212,6644,False,7,BR,Brasil,PI,Boa Hora,NE,False,-4.411,-42.086,False,False,cities,7212,Boa Hora,09/09/2026,Quarta-feira,11:09:00,27,7,ENE,73,68,Sol,1015,1,29,sol
7213,6226,False,7,BR,Brasil,PI,Bocaina,NE,False,-6.942,-41.323,False,False,cities,7213,Bocaina,09/09/2026,Quarta-feira,10:24:00,25,17,NE,55,51,Sol,1017,1,23,sol
4209,5209,False,7,BR,Brasil,PI,Colônia do Gurguéia,NE,False,-8.182,-43.792,False,False,cities,4209,Colônia do Gurguéia,09/09/2026,Quarta-feira,10:24:00,26,14,NNE,29,43,Sol,1016,1,24,sol
4715,5914,False,7,BR,Brasil,PI,Itaueira,NE,False,-7.603,-43.026,False,False,cities,4715,Itaueira,09/09/2026,Quarta-feira,11:09:00,26,24,NNE,31,42,Sol,1017,1,22,sol
4716,5915,False,7,BR,Brasil,PI,Jurema,NE,False,-9.231,-43.128,False,False,cities,4716,Jurema,09/09/2026,Quarta-feira,11:09:00,24,19,NE,46,47,Sol,1019,1,21,sol
7071,5643,False,7,BR,Brasil,PI,Lagoa Alegre,NE,False,-4.516,-42.625,False,False,cities,7071,Lagoa Alegre,09/09/2026,Quarta-feira,10:24:00,26,6,ENE,68,72,Sol,1015,1,30,sol
7072,6672,False,7,BR,Brasil,PI,Lagoa de São Francisco,NE,False,-4.392,-41.601,False,False,cities,7072,Lagoa de São Francisco,09/09/2026,Quarta-feira,11:09:00,26,9,ENE,78,61,Sol,1015,1,26,sol
7073,6867,False,7,BR,Brasil,PI,Lagoa do Barro do Piauí,NE,False,-8.4767,-41.5342,False,False,cities,7073,Lagoa do Barro do Piauí,09/09/2026,Quarta-feira,10:24:00,22,17,NE,48,54,Sol,1018,1,19,sol
7074,5681,False,7,BR,Brasil,PI,Lagoa do Piauí,NE,False,-5.415,-42.643,False,False,cities,7074,Lagoa do Piauí,09/09/2026,Quarta-feira,10:24:00,27,6,NE,55,60,Sol,1016,1,28,sol
7075,6673,False,7,BR,Brasil,PI,Lagoa do Sítio,NE,False,-6.513,-41.584,False,False,cities,7075,Lagoa do Sítio,09/09/2026,Quarta-feira,11:09:00,25,16,NE,56,43,Sol,1017,1,23,sol
7076,6674,False,7,BR,Brasil,PI,Lagoinha do Piauí,NE,False,-5.831,-42.623,False,False,cities,7076,Lagoinha do Piauí,09/09/2026,Quarta-feira,11:09:00,27,8,NE,51,44,Sol,1016,1,26,sol
7077,6675,False,7,BR,Brasil,PI,Landri Sales,NE,False,-7.266,-43.93,False,False,cities,7077,Landri Sales,09/09/2026,Quarta-feira,10:24:00,27,18,NNE,19,39,Sol,1016,1,24,sol
7079,1290,False,7,BR,Brasil,PI,Luzilândia,NE,False,-3.458,-42.37,False,False,cities,7079,Luzilândia,09/09/2026,Quarta-feira,10:24:00,27,6,E,79,77,Sol,1015,1,30,sol
7078,6676,False,7,BR,Brasil,PI,Luís Correia,NE,True,-2.879,-41.667,False,False,cities,7078,Luís Correia,09/09/2026,Quarta-feira,11:09:00,27,27,E,87,76,Sol,1015,1,26,sol
7080,6677,False,7,BR,Brasil,PI,Madeiro,NE,False,-3.483,-42.504,False,False,cities,7080,Madeiro,09/09/2026,Quarta-feira,10:24:00,26,7,ENE,79,78,Sol,1015,1,30,sol
7081,6246,False,7,BR,Brasil,PI,Manoel Emídio,NE,False,-8.013,-43.872,False,False,cities,7081,Manoel Emídio,09/09/2026,Quarta-feira,11:09:00,26,13,NNE,29,42,Sol,1016,1,25,sol
7082,6247,False,7,BR,Brasil,PI,Marcolândia,NE,False,-7.442,-40.661,False,False,cities,7082,Marcolândia,09/09/2026,Quarta-feira,10:24:00,20,27,ENE,57,57,Sol,1018,1,15,sol
6795,2669,False,7,BR,Brasil,PI,Oeiras,NE,False,-7.025,-42.131,False,False,cities,6795,Oeiras,09/09/2026,Quarta-feira,10:24:00,27,15,NE,47,46,Sol,1016,1,25,sol
6796,6687,False,7,BR,Brasil,PI,Olho d'Água do Piauí,NE,False,-5.841,-42.575,False,False,cities,6796,Olho d'Água do Piauí,09/09/2026,Quarta-feira,11:09:00,27,8,NE,51,44,Sol,1016,1,26,sol
6797,5274,False,7,BR,Brasil,PI,Padre Marcos,NE,False,-7.355,-40.904,False,False,cities,6797,Padre Marcos,09/09/2026,Quarta-feira,11:09:00,23,10,NE,56,56,Sol,1017,1,23,sol
6798,6251,False,7,BR,Brasil,PI,Paes Landim,NE,False,-7.778,-42.256,False,False,cities,6798,Paes Landim,09/09/2026,Quarta-feira,10:24:00,26,16,NE,41,51,Sol,1017,1,24,sol
6799,6252,False,7,BR,Brasil,PI,Pajeú do Piauí,NE,False,-7.856,-42.822,False,False,cities,6799,Pajeú do Piauí,09/09/2026,Quarta-feira,11:09:00,26,19,NE,35,45,Sol,1017,1,23,sol
6800,4991,False,7,BR,Brasil,PI,Palmeira do Piauí,NE,False,-8.727,-44.236,False,False,cities,6800,Palmeira do Piauí,09/09/2026,Quarta-feira,11:09:00,25,11,NE,38,43,Sol,1017,1,24,sol
6801,6688,False,7,BR,Brasil,PI,Palmeirais,NE,False,-5.978,-43.063,False,False,cities,6801,Palmeirais,09/09/2026,Quarta-feira,11:09:00,26,6,NE,41,51,Sol,1016,1,27,sol
6802,6253,False,7,BR,Brasil,PI,Paquetá,NE,False,-7.104,-41.704,False,False,cities,6802,Paquetá,09/09/2026,Quarta-feira,11:09:00,25,15,NE,50,48,Sol,1017,1,23,sol
6803,5644,False,7,BR,Brasil,PI,Parnaguá,NE,False,-10.228,-44.639,False,False,cities,6803,Parnaguá,09/09/2026,Quarta-feira,11:09:00,25,12,ENE,58,45,Sol,1017,1,24,sol
6823,1292,False,7,BR,Brasil,PI,Parnaíba,NE,True,-2.905,-41.777,False,False,cities,6823,Parnaíba,09/09/2026,Quarta-feira,10:24:00,27,24,E,86,76,Sol,1015,1,27,sol
6824,6870,False,7,BR,Brasil,PI,Passagem Franca do Piauí,NE,False,-5.858,-42.44,False,False,cities,6824,Passagem Franca do Piauí,09/09/2026,Quarta-feira,11:09:00,28,10,NE,53,49,Sol,1016,1,28,sol
6828,5275,False,7,BR,Brasil,PI,Patos do Piauí,NE,False,-7.668,-41.244,False,False,cities,6828,Patos do Piauí,09/09/2026,Quarta-feira,11:09:00,24,17,NE,52,56,Sol,1018,1,22,sol
6829,262,False,7,BR,Brasil,PI,Paulistana,NE,False,-8.144,-41.15,False,False,cities,6829,Paulistana,09/09/2026,Quarta-feira,11:09:00,23,23,NE,51,56,Sol,1018,1,19,sol
6830,6254,False,7,BR,Brasil,PI,Pavussu,NE,False,-7.966,-43.223,False,False,cities,6830,Pavussu,09/09/2026,Quarta-feira,10:24:00,24,22,NNE,32,43,Sol,1017,1,20,sol
6832,6135,False,7,BR,Brasil,PI,Pedro II,NE,False,-4.425,-41.459,False,False,cities,6832,Pedro II,09/09/2026,Quarta-feira,11:09:00,24,10,E,79,55,Sol,1015,1,23,sol
6833,6255,False,7,BR,Brasil,PI,Pedro Laurentino,NE,False,-8.068,-42.285,False,False,cities,6833,Pedro Laurentino,09/09/2026,Quarta-feira,10:24:00,25,15,NE,39,50,Sol,1018,1,23,sol
6834,263,False,7,BR,Brasil,PI,Picos,NE,False,-7.077,-41.467,False,False,cities,6834,Picos,09/09/2026,Quarta-feira,11:09:00,25,15,ENE,70,51,Sol,1017,1,24,sol
6835,6256,False,7,BR,Brasil,PI,Pimenteiras,NE,False,-6.245,-41.419,False,False,cities,6835,Pimenteiras,09/09/2026,Quarta-feira,11:09:00,27,15,ENE,60,49,Sol,1016,1,25,sol
6836,6257,False,7,BR,Brasil,PI,Pio IX,NE,False,-6.837,-40.579,False,False,cities,6836,Pio IX,09/09/2026,Quarta-feira,11:09:00,23,22,ENE,63,50,Sol,1018,1,19,sol
6837,5213,False,7,BR,Brasil,PI,Piracura,NE,False,-3.928,-41.709,False,False,cities,6837,Piracura,09/09/2026,Quarta-feira,10:24:00,28,9,E,81,62,Sol,1015,1,30,sol
6839,1293,False,7,BR,Brasil,PI,Piripiri,NE,False,-4.273,-41.777,False,False,cities,6839,Piripiri,09/09/2026,Quarta-feira,10:24:00,27,6,ENE,77,64,Sol,1015,1,28,sol
6841,6689,False,7,BR,Brasil,PI,Porto,NE,False,-3.893,-42.71,False,False,cities,6841,Porto,09/09/2026,Quarta-feira,11:09:00,26,6,ENE,74,77,Sol,1015,1,30,sol
6840,5682,False,7,BR,Brasil,PI,Porto Alegre do Piauí,NE,False,-6.967,-44.182,False,False,cities,6840,Porto Alegre do Piauí,09/09/2026,Quarta-feira,10:24:00,26,14,NNE,18,43,Sol,1016,1,24,sol
6842,6690,False,7,BR,Brasil,PI,Prata do Piauí,NE,False,-5.667,-42.207,False,False,cities,6842,Prata do Piauí,09/09/2026,Quarta-feira,10:24:00,28,9,ENE,60,52,Sol,1015,1,29,sol
6843,5276,False,7,BR,Brasil,PI,Queimada Nova,NE,False,-8.579,-41.419,False,False,cities,6843,Queimada Nova,09/09/2026,Quarta-feira,10:24:00,22,19,NE,49,57,Sol,1019,1,19,sol
6844,6258,False,7,BR,Brasil,PI,Redenção do Gurguéia,NE,False,-9.487,-44.586,False,False,cities,6844,Redenção do Gurguéia,09/09/2026,Quarta-feira,11:09:00,25,7,NE,52,43,Sol,1017,1,24,sol
4694,5889,False,7,BR,Brasil,PI,Regeneração,NE,False,-6.238,-42.688,False,False,cities,4694,Regeneração,09/09/2026,Quarta-feira,11:09:00,28,8,NE,45,38,Sol,1016,1,28,sol
6846,6259,False,7,BR,Brasil,PI,Ribeira do Piauí,NE,False,-7.691,-42.713,False,False,cities,6846,Ribeira do Piauí,09/09/2026,Quarta-feira,11:09:00,26,19,NE,36,46,Sol,1017,1,24,sol
6847,5277,False,7,BR,Brasil,PI,Ribeiro Gonçalves,NE,False,-7.558,-45.242,False,False,cities,6847,Ribeiro Gonçalves,09/09/2026,Quarta-feira,11:09:00,24,10,NNE,16,49,Sol,1016,1,22,sol
6848,6260,False,7,BR,Brasil,PI,Rio Grande do Piauí,NE,False,-7.775,-43.142,False,False,cities,6848,Rio Grande do Piauí,09/09/2026,Quarta-feira,10:24:00,26,22,NNE,30,41,Sol,1017,1,22,sol
6849,6261,False,7,BR,Brasil,PI,Santa Cruz do Piauí,NE,False,-7.185,-41.767,False,False,cities,6849,Santa Cruz do Piauí,09/09/2026,Quarta-feira,11:09:00,26,15,NE,49,49,Sol,1017,1,24,sol
6850,5216,False,7,BR,Brasil,PI,Santa Cruz dos Milagres,NE,False,-5.81,-41.96,False,False,cities,6850,Santa Cruz dos Milagres,09/09/2026,Quarta-feira,10:24:00,28,10,ENE,61,59,Sol,1015,1,29,sol
6851,4786,False,7,BR,Brasil,PI,Santa Filomena,NE,False,-9.112,-45.922,False,False,cities,6851,Santa Filomena,09/09/2026,Quarta-feira,10:24:00,24,8,NE,49,51,Sol,1016,1,23,sol
6852,6262,False,7,BR,Brasil,PI,Santa Luz,NE,False,-8.954,-44.129,False,False,cities,6852,Santa Luz,09/09/2026,Quarta-feira,11:09:00,25,16,NE,42,44,Sol,1017,1,22,sol
6946,6872,False,7,BR,Brasil,PI,Santa Maria da Baixa Grande,NE,False,-5.8564,-42.1934,False,False,cities,6946,Santa Maria da Baixa Grande,09/09/2026,Quarta-feira,10:24:00,28,11,ENE,57,55,Sol,1016,1,28,sol
6853,6692,False,7,BR,Brasil,PI,Santana do Piauí,NE,False,-6.948,-41.519,False,False,cities,6853,Santana do Piauí,09/09/2026,Quarta-feira,11:09:00,24,15,NE,53,47,Sol,1017,1,22,sol
6855,5575,False,7,BR,Brasil,PI,Santo Antônio de Lisboa,NE,False,-6.981,-41.234,False,False,cities,6855,Santo Antônio de Lisboa,09/09/2026,Quarta-feira,10:24:00,25,18,ENE,57,53,Sol,1017,1,23,sol
6856,6874,False,7,BR,Brasil,PI,Santo Antônio dos Milagres,NE,False,-6.047,-42.71,False,False,cities,6856,Santo Antônio dos Milagres,09/09/2026,Quarta-feira,11:09:00,27,8,NE,48,41,Sol,1016,1,26,sol
6857,6263,False,7,BR,Brasil,PI,Santo Inácio do Piauí,NE,False,-7.43,-41.911,False,False,cities,6857,Santo Inácio do Piauí,09/09/2026,Quarta-feira,10:24:00,26,16,NE,47,50,Sol,1017,1,24,sol
6941,6264,False,7,BR,Brasil,PI,Sebastião Barros,NE,False,-10.817,-44.834,False,False,cities,6941,Sebastião Barros,09/09/2026,Quarta-feira,11:09:00,23,11,ENE,64,44,Sol,1018,1,21,sol
6942,5036,False,7,BR,Brasil,PI,Sebastião Leal,NE,False,-7.566,-44.064,False,False,cities,6942,Sebastião Leal,09/09/2026,Quarta-feira,10:24:00,26,18,NNE,24,37,Sol,1016,1,23,sol
6943,6693,False,7,BR,Brasil,PI,Sigefredo Pacheco,NE,False,-4.914,-41.733,False,False,cities,6943,Sigefredo Pacheco,09/09/2026,Quarta-feira,10:24:00,26,9,ENE,73,62,Sol,1015,1,27,sol
6945,5215,False,7,BR,Brasil,PI,Simplício Mendes,NE,False,-7.854,-41.91,False,False,cities,6945,Simplício Mendes,09/09/2026,Quarta-feira,10:24:00,24,15,NE,44,50,Sol,1018,1,22,sol
6944,6265,False,7,BR,Brasil,PI,Simões,NE,False,-7.599,-40.818,False,False,cities,6944,Simões,09/09/2026,Quarta-feira,10:24:00,22,28,NE,55,55,Sol,1018,1,17,sol
6947,6266,False,7,BR,Brasil,PI,Socorro do Piauí,NE,False,-7.866,-42.491,False,False,cities,6947,Socorro do Piauí,09/09/2026,Quarta-feira,10:24:00,26,16,NE,38,48,Sol,1017,1,24,sol
6948,6267,False,7,BR,Brasil,PI,Sussuapara,NE,False,-7.043,-41.384,False,False,cities,6948,Sussuapara,09/09/2026,Quarta-feira,10:24:00,25,17,NE,55,51,Sol,1017,1,23,sol
6858,6268,False,7,BR,Brasil,PI,São Braz do Piauí,NE,False,-9.05,-42.94,False,False,cities,6858,São Braz do Piauí,09/09/2026,Quarta-feira,10:24:00,23,21,NE,43,48,Sol,1019,1,19,sol
6860,6873,False,7,BR,Brasil,PI,São Francisco de Assis do Piauí,NE,False,-8.238,-41.686,False,False,cities,6860,São Francisco de Assis do Piauí,09/09/2026,Quarta-feira,10:24:00,23,15,NE,46,51,Sol,1018,1,20,sol
6878,6269,False,7,BR,Brasil,PI,São Francisco do Piauí,NE,False,-7.251,-42.543,False,False,cities,6878,São Francisco do Piauí,09/09/2026,Quarta-feira,11:09:00,27,18,NE,38,44,Sol,1017,1,24,sol
6859,6694,False,7,BR,Brasil,PI,São Félix do Piauí,NE,False,-5.933,-42.114,False,False,cities,6859,São Félix do Piauí,09/09/2026,Quarta-feira,11:09:00,28,10,ENE,58,57,Sol,1016,1,29,sol
6886,6871,False,7,BR,Brasil,PI,São Gonçalo do Gurguéia,NE,False,-10.03,-45.303,False,False,cities,6886,São Gonçalo do Gurguéia,09/09/2026,Quarta-feira,10:24:00,24,13,NE,56,38,Sol,1017,1,21,sol
6925,6695,False,7,BR,Brasil,PI,São Gonçalo do Piauí,NE,False,-5.993,-42.703,False,False,cities,6925,São Gonçalo do Piauí,09/09/2026,Quarta-feira,11:09:00,27,8,NE,48,41,Sol,1016,1,26,sol
6932,6696,False,7,BR,Brasil,PI,São José do Divino,NE,False,-3.811,-41.833,False,False,cities,6932,São José do Divino,09/09/2026,Quarta-feira,10:24:00,28,8,E,81,67,Sol,1015,1,30,sol
6933,6270,False,7,BR,Brasil,PI,São José do Peixe,NE,False,-7.494,-42.564,False,False,cities,6933,São José do Peixe,09/09/2026,Quarta-feira,11:09:00,27,19,NE,37,45,Sol,1017,1,24,sol
6926,6271,False,7,BR,Brasil,PI,São João da Canabrava,NE,False,-6.817,-41.343,False,False,cities,6926,São João da Canabrava,09/09/2026,Quarta-feira,11:09:00,25,18,ENE,56,50,Sol,1017,1,23,sol
6927,6697,False,7,BR,Brasil,PI,São João da Fronteira,NE,False,-3.956,-41.258,False,False,cities,6927,São João da Fronteira,09/09/2026,Quarta-feira,11:09:00,26,15,E,84,63,Sol,1015,1,26,sol
6928,5278,False,7,BR,Brasil,PI,São João da Serra,NE,False,-5.514,-41.899,False,False,cities,6928,São João da Serra,09/09/2026,Quarta-feira,11:09:00,28,10,ENE,64,58,Sol,1015,1,29,sol
6929,6272,False,7,BR,Brasil,PI,São João da Varjota,NE,False,-6.91,-41.86,False,False,cities,6929,São João da Varjota,09/09/2026,Quarta-feira,11:09:00,25,15,NE,50,45,Sol,1017,1,23,sol
6930,5217,False,7,BR,Brasil,PI,São João do Arraial,NE,False,-3.819,-42.446,False,False,cities,6930,São João do Arraial,09/09/2026,Quarta-feira,11:09:00,26,4,ENE,76,72,Sol,1015,1,30,sol
6931,1294,False,7,BR,Brasil,PI,São João do Piauí,NE,False,-8.358,-42.247,False,False,cities,6931,São João do Piauí,09/09/2026,Quarta-feira,10:24:00,24,13,NE,41,53,Sol,1018,1,23,sol
6935,6273,False,7,BR,Brasil,PI,São Julião,NE,False,-7.085,-40.826,False,False,cities,6935,São Julião,09/09/2026,Quarta-feira,11:09:00,23,18,ENE,59,53,Sol,1018,1,21,sol
6936,6274,False,7,BR,Brasil,PI,São Lourenço do Piauí,NE,False,-9.169,-42.545,False,False,cities,6936,São Lourenço do Piauí,09/09/2026,Quarta-feira,11:09:00,23,20,NE,45,51,Sol,1019,1,20,sol
6937,6698,False,7,BR,Brasil,PI,São Luis do Piauí,NE,False,-6.825,-41.324,False,False,cities,6937,São Luis do Piauí,09/09/2026,Quarta-feira,10:24:00,25,18,ENE,56,50,Sol,1017,1,23,sol
6938,6275,False,7,BR,Brasil,PI,São Miguel do Fidalgo,NE,False,-7.586,-42.37,False,False,cities,6938,São Miguel do Fidalgo,09/09/2026,Quarta-feira,10:24:00,26,17,NE,40,49,Sol,1017,1,24,sol
4695,5890,False,7,BR,Brasil,PI,São Miguel do Tapuio,NE,False,-5.504,-41.323,False,False,cities,4695,São Miguel do Tapuio,09/09/2026,Quarta-feira,10:24:00,26,11,ENE,69,62,Sol,1016,1,27,sol
6939,6699,False,7,BR,Brasil,PI,São Pedro do Piauí,NE,False,-5.929,-42.719,False,False,cities,6939,São Pedro do Piauí,09/09/2026,Quarta-feira,11:09:00,27,8,NE,49,44,Sol,1016,1,26,sol
6940,1572,False,7,BR,Brasil,PI,São Raimundo Nonato,NE,False,-9.015,-42.699,False,False,cities,6940,São Raimundo Nonato,09/09/2026,Quarta-feira,10:24:00,24,19,NE,43,53,Sol,1019,1,21,sol
6949,6276,False,7,BR,Brasil,PI,Tamboril do Piauí,NE,False,-8.4,-42.914,False,False,cities,6949,Tamboril do Piauí,09/09/2026,Quarta-feira,11:09:00,25,17,NE,37,49,Sol,1018,1,23,sol
6950,6700,False,7,BR,Brasil,PI,Tanque do Piauí,NE,False,-6.6,-42.282,False,False,cities,6950,Tanque do Piauí,09/09/2026,Quarta-feira,11:09:00,27,13,NE,46,40,Sol,1016,1,27,sol
6951,264,True,7,BR,Brasil,PI,Teresina,NE,False,-5.035,-42.801,False,False,cities,6951,Teresina,09/09/2026,Quarta-feira,10:24:00,27,6,NW,307,69,Sol,1015,1,30,sol
6952,1296,False,7,BR,Brasil,PI,União,NE,False,-4.586,-42.864,False,False,cities,6952,União,09/09/2026,Quarta-feira,10:24:00,26,6,ENE,63,74,Sol,1015,1,29,sol
6953,1297,False,7,BR,Brasil,PI,Uruçuí,NE,False,-7.229,-44.556,False,False,cities,6953,Uruçuí,09/09/2026,Quarta-feira,10:24:00,26,15,NNE,17,44,Sol,1016,1,24,sol
6954,5083,False,7,BR,Brasil,PI,Valença do Piauí,NE,False,-6.408,-41.746,False,False,cities,6954,Valença do Piauí,09/09/2026,Quarta-feira,11:09:00,27,14,NE,56,40,Sol,1016,1,25,sol
6956,6277,False,7,BR,Brasil,PI,Vera Mendes,NE,False,-7.603,-41.483,False,False,cities,6956,Vera Mendes,09/09/2026,Quarta-feira,11:09:00,24,19,NE,50,54,Sol,1018,1,22,sol
6957,6278,False,7,BR,Brasil,PI,Vila Nova do Piauí,NE,False,-7.136,-40.94,False,False,cities,6957,Vila Nova do Piauí,09/09/2026,Quarta-feira,10:24:00,23,13,ENE,58,53,Sol,1017,1,22,sol
4696,5891,False,7,BR,Brasil,PI,Várzea Branca,NE,False,-9.239,-42.964,False,False,cities,4696,Várzea Branca,09/09/2026,Quarta-feira,10:24:00,24,20,NE,46,50,Sol,1019,1,21,sol
6955,6701,False,7,BR,Brasil,PI,Várzea Grande,NE,False,-6.545,-42.246,False,False,cities,6955,Várzea Grande,09/09/2026,Quarta-feira,11:09:00,26,12,NE,49,37,Sol,1016,1,24,sol
6958,6279,False,7,BR,Brasil,PI,Wall Ferraz,NE,False,-7.233,-41.91,False,False,cities,6958,Wall Ferraz,09/09/2026,Quarta-feira,10:24:00,26,16,NE,47,49,Sol,1017,1,24,sol
6959,4208,False,7,BR,Brasil,PR,Abatiá,S,False,-23.304,-50.312,False,False,cities,6959,Abatiá,09/09/2026,Quarta-feira,10:24:00,17,6,E,90,78,Chuvoso,1018,5,16,chuvoso
6960,4209,False,7,BR,Brasil,PR,Adrianópolis,S,False,-24.657,-48.991,False,False,cities,6960,Adrianópolis,09/09/2026,Quarta-feira,10:24:00,15,3,E,90,80,Nublado,1019,3,14,nublado
6962,4210,False,7,BR,Brasil,PR,Agudos do Sul,S,False,-25.992,-49.335,False,False,cities,6962,Agudos do Sul,09/09/2026,Quarta-feira,10:24:00,13,2,ENE,75,68,Nublado,1017,3,11,nublado
6963,1298,False,7,BR,Brasil,PR,Alexandra,S,False,-25.556,-48.626,False,False,cities,6963,Alexandra,09/09/2026,Quarta-feira,10:24:00,18,3,E,83,95,Nublado,1019,3,19,nublado
6964,2047,False,7,BR,Brasil,PR,Almirante Tamandaré,S,False,-25.325,-49.31,False,False,cities,6964,Almirante Tamandaré,09/09/2026,Quarta-feira,10:24:00,14,4,ENE,78,66,Chuvoso,1019,5,13,chuvoso
6965,4211,False,7,BR,Brasil,PR,Altamira do Paraná,S,False,-24.798,-52.713,False,False,cities,6965,Altamira do Paraná,09/09/2026,Quarta-feira,11:09:00,17,7,ENE,65,80,Nublado,1017,3,17,nublado
3213,3420,False,7,BR,Brasil,PR,Alto Paraná,S,False,-23.129,-52.319,False,False,cities,3213,Alto Paraná,09/09/2026,Quarta-feira,10:24:00,18,12,ENE,78,79,Sol com muitas nuvens,1017,2r,17,sol-com-muitas-nuvens
6968,5327,False,7,BR,Brasil,PR,Alto Paraíso,S,False,-23.067,-52.35,False,False,cities,6968,Alto Paraíso,09/09/2026,Quarta-feira,11:09:00,18,12,ENE,78,79,Nublado,1017,3,17,nublado
6969,4212,False,7,BR,Brasil,PR,Alto Piquiri,S,False,-24.028,-53.441,False,False,cities,6969,Alto Piquiri,09/09/2026,Quarta-feira,11:09:00,18,10,ENE,71,82,Sol com muitas nuvens,1016,2r,18,sol-com-muitas-nuvens
6966,4213,False,7,BR,Brasil,PR,Altãnia,S,False,-23.874,-53.902,False,False,cities,6966,Altãnia,09/09/2026,Quarta-feira,10:24:00,18,7,ENE,72,84,Sol com muitas nuvens,1016,2r,18,sol-com-muitas-nuvens
6967,1299,False,7,BR,Brasil,PR,Altônia,S,False,-23.874,-53.902,False,False,cities,6967,Altônia,09/09/2026,Quarta-feira,10:24:00,18,7,ENE,72,84,Sol com muitas nuvens,1016,2r,18,sol-com-muitas-nuvens
6970,4992,False,7,BR,Brasil,PR,Alvorada do Iguaçu,S,False,-25.36,-54.502,False,False,cities,6970,Alvorada do Iguaçu,09/09/2026,Quarta-feira,10:24:00,18,9,ENE,63,80,Nublado,1015,3,18,nublado
6971,2801,False,7,BR,Brasil,PR,Alvorada do Sul,S,False,-22.78,-51.231,False,False,cities,6971,Alvorada do Sul,09/09/2026,Quarta-feira,11:09:00,19,6,E,90,86,Chuvoso,1017,5,20,chuvoso
6972,4214,False,7,BR,Brasil,PR,Amaporã,S,False,-23.096,-52.788,False,False,cities,6972,Amaporã,09/09/2026,Quarta-feira,10:24:00,19,9,ENE,77,84,Nublado,1016,3,20,nublado
6973,2802,False,7,BR,Brasil,PR,Ampére,S,False,-25.915,-53.473,False,True,cities,6973,Ampére,09/09/2026,Quarta-feira,10:24:00,16,3,ENE,59,70,Nublado,1016,3,16,nublado
6974,2803,False,7,BR,Brasil,PR,Anahy,S,False,-24.717,-53.084,False,False,cities,6974,Anahy,09/09/2026,Quarta-feira,10:24:00,17,9,ENE,65,78,Nublado,1017,3,17,nublado
6975,265,False,7,BR,Brasil,PR,Andirá,S,False,-23.051,-50.229,False,False,cities,6975,Andirá,09/09/2026,Quarta-feira,10:24:00,18,5,E,90,83,Chuvoso,1018,5,18,chuvoso
6976,1300,False,7,BR,Brasil,PR,Antonina,S,False,-25.4,-48.712,False,False,cities,6976,Antonina,09/09/2026,Quarta-feira,10:24:00,18,3,E,83,94,Nublado,1019,3,19,nublado
6978,1301,False,7,BR,Brasil,PR,Apucarana,S,False,-23.551,-51.461,False,False,cities,6978,Apucarana,09/09/2026,Quarta-feira,10:24:00,17,9,ENE,78,75,Nublado,1018,3,16,nublado
6668,2805,False,7,BR,Brasil,PR,Astorga,S,False,-23.232,-51.666,False,True,cities,6668,Astorga,09/09/2026,Quarta-feira,10:24:00,17,11,E,79,74,Chuvoso,1018,5,16,chuvoso
6669,4218,False,7,BR,Brasil,PR,Atalaia,S,False,-23.151,-52.054,False,False,cities,6669,Atalaia,09/09/2026,Quarta-feira,11:09:00,19,12,E,79,82,Sol com muitas nuvens,1017,2r,18,sol-com-muitas-nuvens
6670,4219,False,7,BR,Brasil,PR,Balsa Nova,S,False,-25.584,-49.636,False,False,cities,6670,Balsa Nova,09/09/2026,Quarta-feira,10:24:00,14,2,ENE,75,68,Nublado,1019,3,14,nublado
6671,1304,False,7,BR,Brasil,PR,Bandeirantes,S,False,-23.11,-50.367,False,False,cities,6671,Bandeirantes,09/09/2026,Quarta-feira,11:09:00,17,6,E,90,81,Chuvoso,1018,5,17,chuvoso
6672,2806,False,7,BR,Brasil,PR,Barbosa Ferraz,S,False,-24.03,-52.012,False,False,cities,6672,Barbosa Ferraz,09/09/2026,Quarta-feira,11:09:00,18,9,ENE,71,83,Nublado,1018,3,18,nublado
6674,2807,False,7,BR,Brasil,PR,Barra do Jacaré,S,False,-23.115,-50.181,False,False,cities,6674,Barra do Jacaré,09/09/2026,Quarta-feira,10:24:00,17,6,E,90,80,Chuvoso,1018,5,17,chuvoso
6673,4220,False,7,BR,Brasil,PR,Barracão,S,False,-26.254,-53.633,False,False,cities,6673,Barracão,09/09/2026,Quarta-feira,11:09:00,16,5,ENE,59,63,Nublado,1016,3,15,nublado
6675,4221,False,7,BR,Brasil,PR,Bela Vista da Caroba,S,False,-25.881,-53.665,False,False,cities,6675,Bela Vista da Caroba,09/09/2026,Quarta-feira,11:09:00,17,4,ENE,60,71,Sol com muitas nuvens,1016,2r,17,sol-com-muitas-nuvens
6676,2808,False,7,BR,Brasil,PR,Bela Vista do Paraíso,S,False,-22.997,-51.191,False,False,cities,6676,Bela Vista do Paraíso,09/09/2026,Quarta-feira,10:24:00,17,7,E,90,77,Chuvoso,1017,5,17,chuvoso
6677,2048,False,7,BR,Brasil,PR,Bituruna,S,False,-26.161,-51.552,False,False,cities,6677,Bituruna,09/09/2026,Quarta-feira,11:09:00,13,2,ENE,62,64,Nublado,1019,3,12,nublado
6678,2809,False,7,BR,Brasil,PR,Boa Esperança,S,False,-24.242,-52.789,False,True,cities,6678,Boa Esperança,09/09/2026,Quarta-feira,10:24:00,17,10,ENE,68,74,Nublado,1017,3,16,nublado
6679,5102,False,7,BR,Brasil,PR,Boa Esperança do Iguaçu,S,False,-25.6324,-53.2108,False,False,cities,6679,Boa Esperança do Iguaçu,09/09/2026,Quarta-feira,10:24:00,17,3,ENE,60,75,Nublado,1017,3,17,nublado
6680,4222,False,7,BR,Brasil,PR,Boa Ventura de São Roque,S,False,-24.869,-51.627,False,True,cities,6680,Boa Ventura de São Roque,09/09/2026,Quarta-feira,11:09:00,14,4,ENE,63,67,Nublado,1018,3,13,nublado
6681,4223,False,7,BR,Brasil,PR,Boa Vista da Aparecida,S,False,-25.436,-53.408,False,False,cities,6681,Boa Vista da Aparecida,09/09/2026,Quarta-feira,10:24:00,17,7,ENE,62,74,Nublado,1016,3,17,nublado
6682,4224,False,7,BR,Brasil,PR,Bocaiúva do Sul,S,False,-25.206,-49.115,False,False,cities,6682,Bocaiúva do Sul,09/09/2026,Quarta-feira,10:24:00,13,4,E,81,67,Chuvoso,1019,5,12,chuvoso
6683,4225,False,7,BR,Brasil,PR,Bom Jesus do Sul,S,False,-26.193,-53.597,False,False,cities,6683,Bom Jesus do Sul,09/09/2026,Quarta-feira,10:24:00,16,5,ENE,59,63,Nublado,1016,3,15,nublado
6685,4226,False,7,BR,Brasil,PR,Bom Sucesso,S,False,-23.71,-51.764,False,False,cities,6685,Bom Sucesso,09/09/2026,Quarta-feira,11:09:00,18,12,ENE,74,78,Nublado,1017,3,17,nublado
6684,2810,False,7,BR,Brasil,PR,Bom Sucesso do Sul,S,False,-26.076,-52.834,False,False,cities,6684,Bom Sucesso do Sul,09/09/2026,Quarta-feira,10:24:00,16,3,ENE,58,69,Nublado,1017,3,16,nublado
6686,2811,False,7,BR,Brasil,PR,Borrazópolis,S,False,-23.941,-51.588,False,False,cities,6686,Borrazópolis,09/09/2026,Quarta-feira,11:09:00,17,8,ENE,73,78,Nublado,1018,3,16,nublado
6687,2812,False,7,BR,Brasil,PR,Braganey,S,False,-24.816,-53.122,False,False,cities,6687,Braganey,09/09/2026,Quarta-feira,10:24:00,17,9,ENE,64,76,Nublado,1017,3,16,nublado
6688,6921,False,7,BR,Brasil,PR,Bragantina,S,False,-24.61,-53.615,False,False,cities,6688,Bragantina,09/09/2026,Quarta-feira,10:24:00,18,9,ENE,66,76,Nublado,1017,3,17,nublado
6689,4227,False,7,BR,Brasil,PR,Brasilândia do Sul,S,False,-24.197,-53.525,False,False,cities,6689,Brasilândia do Sul,09/09/2026,Quarta-feira,11:09:00,19,9,ENE,69,83,Nublado,1016,3,19,nublado
6690,4228,False,7,BR,Brasil,PR,Cafeara,S,False,-22.793,-51.716,False,False,cities,6690,Cafeara,09/09/2026,Quarta-feira,11:09:00,19,9,E,90,85,Chuvoso,1017,5,19,chuvoso
6691,2813,False,7,BR,Brasil,PR,Cafelândia,S,False,-24.618,-53.32,False,False,cities,6691,Cafelândia,09/09/2026,Quarta-feira,10:24:00,18,10,ENE,66,75,Nublado,1017,3,17,nublado
6692,4229,False,7,BR,Brasil,PR,Cafezal do Sul,S,False,-23.902,-53.513,False,False,cities,6692,Cafezal do Sul,09/09/2026,Quarta-feira,11:09:00,18,9,ENE,72,83,Sol com muitas nuvens,1016,2r,18,sol-com-muitas-nuvens
6693,4230,False,7,BR,Brasil,PR,Califórnia,S,False,-23.65,-51.355,False,False,cities,6693,Califórnia,09/09/2026,Quarta-feira,10:24:00,17,9,ENE,77,76,Nublado,1018,3,16,nublado
6694,6773,False,7,BR,Brasil,PR,Calógeras,S,False,-23.992,-49.833,False,False,cities,6694,Calógeras,09/09/2026,Quarta-feira,10:24:00,16,6,E,83,70,Chuvoso,1018,5,15,chuvoso
6695,2814,False,7,BR,Brasil,PR,Cambará,S,False,-23.046,-50.074,False,False,cities,6695,Cambará,09/09/2026,Quarta-feira,11:09:00,18,5,E,90,82,Chuvoso,1018,5,18,chuvoso
6697,4231,False,7,BR,Brasil,PR,Cambira,S,False,-23.583,-51.578,False,False,cities,6697,Cambira,09/09/2026,Quarta-feira,10:24:00,17,10,ENE,76,74,Nublado,1018,3,16,nublado
6696,1305,False,7,BR,Brasil,PR,Cambé,S,False,-23.276,-51.278,False,True,cities,6696,Cambé,09/09/2026,Quarta-feira,10:24:00,17,8,E,81,77,Chuvoso,1018,5,16,chuvoso
6700,4232,False,7,BR,Brasil,PR,Campina Grande do Sul,S,False,-25.306,-49.055,False,False,cities,6700,Campina Grande do Sul,09/09/2026,Quarta-feira,10:24:00,13,4,E,81,67,Chuva e trovoadas,1019,6,12,chuva-e-trovoadas
6698,2815,False,7,BR,Brasil,PR,Campina da Lagoa,S,False,-24.592,-52.799,False,False,cities,6698,Campina da Lagoa,09/09/2026,Quarta-feira,10:24:00,17,8,ENE,66,77,Nublado,1017,3,16,nublado
6699,4233,False,7,BR,Brasil,PR,Campina do Simão,S,False,-25.079,-51.827,False,False,cities,6699,Campina do Simão,09/09/2026,Quarta-feira,11:09:00,14,4,ENE,61,67,Nublado,1018,3,13,nublado
6701,2816,False,7,BR,Brasil,PR,Campo Bonito,S,False,-25.031,-52.992,False,False,cities,6701,Campo Bonito,09/09/2026,Quarta-feira,10:24:00,15,8,ENE,63,70,Nublado,1017,3,14,nublado
6703,1306,False,7,BR,Brasil,PR,Campo Largo,S,False,-25.459,-49.528,False,False,cities,6703,Campo Largo,09/09/2026,Quarta-feira,10:24:00,15,2,ENE,76,67,Chuvoso,1019,5,14,chuvoso
6704,4234,False,7,BR,Brasil,PR,Campo Magro,S,False,-25.369,-49.451,False,False,cities,6704,Campo Magro,09/09/2026,Quarta-feira,11:09:00,14,3,ENE,78,67,Chuvoso,1019,5,13,chuvoso
6705,267,False,7,BR,Brasil,PR,Campo Mourão,S,False,-24.046,-52.383,False,True,cities,6705,Campo Mourão,09/09/2026,Quarta-feira,10:24:00,17,10,ENE,71,77,Nublado,1017,3,16,nublado
6702,4235,False,7,BR,Brasil,PR,Campo do Tenente,S,False,-25.978,-49.683,False,False,cities,6702,Campo do Tenente,09/09/2026,Quarta-feira,11:09:00,13,2,ENE,73,69,Nublado,1017,3,12,nublado
6707,2817,False,7,BR,Brasil,PR,Candói,S,False,-25.572,-52.056,False,False,cities,6707,Candói,09/09/2026,Quarta-feira,10:24:00,15,3,ENE,60,68,Nublado,1016,3,14,nublado
6708,2818,False,7,BR,Brasil,PR,Cantagalo,S,False,-25.374,-52.126,False,False,cities,6708,Cantagalo,09/09/2026,Quarta-feira,10:24:00,16,3,ENE,60,72,Nublado,1015,3,16,nublado
6709,2820,False,7,BR,Brasil,PR,Capanema,S,False,-25.672,-53.809,False,False,cities,6709,Capanema,09/09/2026,Quarta-feira,10:24:00,18,5,ENE,61,77,Nublado,1016,3,18,nublado
6710,2819,False,7,BR,Brasil,PR,Capitão Leônidas Marques,S,False,-25.479,-53.614,False,False,cities,6710,Capitão Leônidas Marques,09/09/2026,Quarta-feira,10:24:00,18,6,ENE,61,77,Nublado,1016,3,18,nublado
6711,4113,False,7,BR,Brasil,PR,Carambeí,S,False,-24.918,-50.097,False,True,cities,6711,Carambeí,09/09/2026,Quarta-feira,11:09:00,15,2,ENE,76,64,Nublado,1018,3,14,nublado
6712,4145,False,7,BR,Brasil,PR,Carlópolis,S,False,-23.425,-49.721,False,False,cities,6712,Carlópolis,09/09/2026,Quarta-feira,10:24:00,18,5,E,90,78,Chuvoso,1018,5,18,chuvoso
6713,268,False,7,BR,Brasil,PR,Cascavel,S,False,-24.956,-53.455,False,True,cities,6713,Cascavel,09/09/2026,Quarta-feira,10:24:00,17,11,NE,50,68,Nublado,1017,3,15,nublado
3357,269,False,7,BR,Brasil,PR,Castro,S,False,-24.791,-50.012,False,True,cities,3357,Castro,09/09/2026,Quarta-feira,11:09:00,14,3,ENE,78,64,Nublado,1018,3,13,nublado
6714,2821,False,7,BR,Brasil,PR,Catanduvas,S,False,-25.203,-53.157,False,False,cities,6714,Catanduvas,09/09/2026,Quarta-feira,11:09:00,16,7,ENE,62,69,Nublado,1017,3,15,nublado
3214,3421,False,7,BR,Brasil,PR,Centenário do Sul,S,False,-22.821,-51.595,False,False,cities,3214,Centenário do Sul,09/09/2026,Quarta-feira,11:09:00,18,8,E,90,81,Chuvoso,1017,5,18,chuvoso
6715,4237,False,7,BR,Brasil,PR,Cerro Azul,S,False,-24.824,-49.261,False,False,cities,6715,Cerro Azul,09/09/2026,Quarta-feira,11:09:00,12,4,E,82,69,Nublado,1019,3,11,nublado
6717,2822,False,7,BR,Brasil,PR,Chopinzinho,S,False,-25.856,-52.523,False,False,cities,6717,Chopinzinho,09/09/2026,Quarta-feira,10:24:00,15,2,ENE,59,67,Nublado,1016,3,15,nublado
6718,270,False,7,BR,Brasil,PR,Cianorte,S,False,-23.663,-52.605,False,False,cities,6718,Cianorte,09/09/2026,Quarta-feira,10:24:00,18,12,ENE,74,81,Nublado,1017,3,18,nublado
6719,3349,False,7,BR,Brasil,PR,Cidade Gaúcha,S,False,-23.38,-52.945,False,False,cities,6719,Cidade Gaúcha,09/09/2026,Quarta-feira,10:24:00,20,9,N,358,82,Nublado,1016,3,20,nublado
6720,2823,False,7,BR,Brasil,PR,Clevelândia,S,False,-26.396,-52.471,False,False,cities,6720,Clevelândia,09/09/2026,Quarta-feira,10:24:00,15,2,ENE,59,62,Nublado,1017,3,14,nublado
6721,1307,False,7,BR,Brasil,PR,Colombo,S,False,-25.292,-49.224,False,False,cities,6721,Colombo,09/09/2026,Quarta-feira,10:24:00,14,4,E,80,67,Chuvoso,1019,5,12,chuvoso
3249,3509,False,7,BR,Brasil,PR,Colorado,S,False,-22.837,-51.973,False,False,cities,3249,Colorado,09/09/2026,Quarta-feira,10:24:00,18,10,E,82,81,Chuvoso,1017,5,17,chuvoso
6722,2824,False,7,BR,Brasil,PR,Congonhinhas,S,False,-23.551,-50.554,False,False,cities,6722,Congonhinhas,09/09/2026,Quarta-feira,11:09:00,17,7,E,83,74,Chuvoso,1018,5,16,chuvoso
3180,3323,False,7,BR,Brasil,PR,Conselheiro Mairinck,S,False,-23.63,-50.169,False,False,cities,3180,Conselheiro Mairinck,09/09/2026,Quarta-feira,10:24:00,17,7,E,83,77,Chuvoso,1018,5,16,chuvoso
6723,4238,False,7,BR,Brasil,PR,Contenda,S,False,-25.676,-49.535,False,True,cities,6723,Contenda,09/09/2026,Quarta-feira,10:24:00,14,2,ENE,75,68,Nublado,1019,3,14,nublado
6724,2825,False,7,BR,Brasil,PR,Corbélia,S,False,-24.799,-53.307,False,True,cities,6724,Corbélia,09/09/2026,Quarta-feira,11:09:00,17,10,ENE,65,73,Nublado,1017,3,16,nublado
6725,1308,False,7,BR,Brasil,PR,Cornélio Procópio,S,False,-23.181,-50.647,False,True,cities,6725,Cornélio Procópio,09/09/2026,Quarta-feira,10:24:00,17,6,E,90,80,Chuvoso,1018,5,17,chuvoso
6726,4236,False,7,BR,Brasil,PR,Coronel Domingos Soares,S,False,-26.228,-52.032,False,False,cities,6726,Coronel Domingos Soares,09/09/2026,Quarta-feira,11:09:00,13,2,ENE,61,59,Nublado,1018,3,12,nublado
6727,2826,False,7,BR,Brasil,PR,Coronel Vivida,S,False,-25.98,-52.568,False,False,cities,6727,Coronel Vivida,09/09/2026,Quarta-feira,11:09:00,16,2,ENE,59,69,Nublado,1016,3,15,nublado
6728,4239,False,7,BR,Brasil,PR,Corumbataí do Sul,S,False,-24.101,-52.12,False,False,cities,6728,Corumbataí do Sul,09/09/2026,Quarta-feira,11:09:00,17,8,ENE,70,75,Nublado,1018,3,16,nublado
3186,3350,False,7,BR,Brasil,PR,Cruz Machado,S,False,-26.017,-51.347,False,True,cities,3186,Cruz Machado,09/09/2026,Quarta-feira,11:09:00,14,2,ENE,62,68,Nublado,1019,3,14,nublado
6729,4240,False,7,BR,Brasil,PR,Cruzeiro do Iguaçu,S,False,-25.616,-53.128,False,False,cities,6729,Cruzeiro do Iguaçu,09/09/2026,Quarta-feira,10:24:00,17,3,ENE,60,75,Nublado,1016,3,17,nublado
3215,3422,False,7,BR,Brasil,PR,Cruzeiro do Oeste,S,False,-23.785,-53.073,False,False,cities,3215,Cruzeiro do Oeste,09/09/2026,Quarta-feira,10:24:00,18,10,ENE,73,79,Nublado,1016,3,18,nublado
3250,3510,False,7,BR,Brasil,PR,Cruzeiro do Sul,S,False,-22.962,-52.161,False,False,cities,3250,Cruzeiro do Sul,09/09/2026,Quarta-feira,10:24:00,18,11,E,80,82,Nublado,1017,3,18,nublado
6730,4241,False,7,BR,Brasil,PR,Cruzmaltina,S,False,-24.013,-51.459,False,False,cities,6730,Cruzmaltina,09/09/2026,Quarta-feira,10:24:00,16,8,ENE,73,75,Nublado,1018,3,16,nublado
6731,271,True,7,BR,Brasil,PR,Curitiba,S,False,-25.449,-49.231,True,False,cities,6731,Curitiba,09/09/2026,Quarta-feira,11:09:00,15,4,N,0,67,Chuvoso,1019,5,14,chuvoso
6732,3136,False,7,BR,Brasil,PR,Curiúva,S,False,-24.032,-50.458,False,False,cities,6732,Curiúva,09/09/2026,Quarta-feira,11:09:00,15,7,E,80,70,Nublado,1018,3,14,nublado
6706,4242,False,7,BR,Brasil,PR,Cândido de Abreu,S,False,-24.567,-51.333,False,True,cities,6706,Cândido de Abreu,09/09/2026,Quarta-feira,10:24:00,15,4,ENE,66,76,Nublado,1018,3,14,nublado
6716,2827,False,7,BR,Brasil,PR,Céu Azul,S,False,-25.147,-53.849,False,True,cities,6716,Céu Azul,09/09/2026,Quarta-feira,11:09:00,16,9,ENE,64,70,Nublado,1016,3,15,nublado
6733,6823,False,7,BR,Brasil,PR,Dez de Maio,S,False,-24.689,-53.917,False,False,cities,6733,Dez de Maio,09/09/2026,Quarta-feira,10:24:00,18,7,ENE,66,76,Sol com muitas nuvens,1016,2r,17,sol-com-muitas-nuvens
6734,4243,False,7,BR,Brasil,PR,Diamante d'Oeste,S,False,-24.943,-54.103,False,False,cities,6734,Diamante d'Oeste,09/09/2026,Quarta-feira,10:24:00,18,7,ENE,65,79,Nublado,1016,3,18,nublado
6735,4244,False,7,BR,Brasil,PR,Diamante do Norte,S,False,-22.656,-52.86,False,False,cities,6735,Diamante do Norte,09/09/2026,Quarta-feira,10:24:00,20,9,E,81,89,Chuvoso,1016,5,21,chuvoso
6740,4245,False,7,BR,Brasil,PR,Diamante do Sul,S,False,-25.043,-52.68,False,False,cities,6740,Diamante do Sul,09/09/2026,Quarta-feira,11:09:00,16,6,ENE,63,76,Nublado,1017,3,15,nublado
6741,1309,False,7,BR,Brasil,PR,Dois Vizinhos,S,False,-25.734,-53.057,False,False,cities,6741,Dois Vizinhos,09/09/2026,Quarta-feira,10:24:00,16,3,WSW,239,72,Nublado,1017,3,16,nublado
6742,6933,False,7,BR,Brasil,PR,Dorizon,S,False,-25.949,-50.848,False,False,cities,6742,Dorizon,09/09/2026,Quarta-feira,10:24:00,13,2,ENE,64,71,Nublado,1019,3,12,nublado
3244,3493,False,7,BR,Brasil,PR,Douradina,S,False,-23.381,-53.292,False,False,cities,3244,Douradina,09/09/2026,Quarta-feira,11:09:00,19,9,ENE,75,84,Nublado,1016,3,19,nublado
6743,6875,False,7,BR,Brasil,PR,Doutor Antônio Paranhos,S,False,-25.609,-53.011,False,False,cities,6743,Doutor Antônio Paranhos,09/09/2026,Quarta-feira,11:09:00,16,3,ENE,60,74,Nublado,1016,3,16,nublado
6744,2828,False,7,BR,Brasil,PR,Doutor Camargo,S,False,-23.556,-52.218,False,True,cities,6744,Doutor Camargo,09/09/2026,Quarta-feira,10:24:00,19,14,ENE,76,82,Nublado,1017,3,18,nublado
6745,4246,False,7,BR,Brasil,PR,Doutor Ulysses,S,False,-24.568,-49.42,False,False,cities,6745,Doutor Ulysses,09/09/2026,Quarta-feira,10:24:00,13,4,E,81,69,Sol com muitas nuvens,1019,2r,12,sol-com-muitas-nuvens
6746,6824,False,7,BR,Brasil,PR,Encantado d'Oeste,S,False,-24.413,-53.652,False,False,cities,6746,Encantado d'Oeste,09/09/2026,Quarta-feira,11:09:00,18,8,ENE,69,81,Sol com muitas nuvens,1016,2r,18,sol-com-muitas-nuvens
6747,2829,False,7,BR,Brasil,PR,Engenheiro Beltrão,S,False,-23.797,-52.269,False,True,cities,6747,Engenheiro Beltrão,09/09/2026,Quarta-feira,10:24:00,18,12,ENE,73,81,Nublado,1017,3,17,nublado
6762,6774,False,7,BR,Brasil,PR,Entre Rios,S,False,-25.589,-51.673,False,False,cities,6762,Entre Rios,09/09/2026,Quarta-feira,11:09:00,15,3,ENE,61,69,Nublado,1018,3,14,nublado
6748,2830,False,7,BR,Brasil,PR,Entre Rios do Oeste,S,False,-24.704,-54.2,False,True,cities,6748,Entre Rios do Oeste,09/09/2026,Quarta-feira,10:24:00,18,5,ENE,66,82,Sol com muitas nuvens,1015,2r,19,sol-com-muitas-nuvens
3463,4247,False,7,BR,Brasil,PR,Enéas Marques,S,False,-25.942,-53.164,False,False,cities,3463,Enéas Marques,09/09/2026,Quarta-feira,10:24:00,15,3,ENE,59,65,Nublado,1017,3,14,nublado
6764,4950,False,7,BR,Brasil,PR,Espigão Alto do Iguaçu,S,False,-25.424,-52.836,False,False,cities,6764,Espigão Alto do Iguaçu,09/09/2026,Quarta-feira,10:24:00,16,4,ENE,61,72,Nublado,1015,3,15,nublado
6766,2831,False,7,BR,Brasil,PR,Farol,S,False,-24.1,-52.623,False,False,cities,6766,Farol,09/09/2026,Quarta-feira,11:09:00,17,9,ENE,69,75,Nublado,1017,3,16,nublado
6768,2832,False,7,BR,Brasil,PR,Faxinal,S,False,-24.0,-51.319,False,False,cities,6768,Faxinal,09/09/2026,Quarta-feira,10:24:00,16,7,ENE,74,71,Nublado,1018,3,15,nublado
6767,5279,False,7,BR,Brasil,PR,Faxinal do Céu,S,False,-25.906,-51.596,False,False,cities,6767,Faxinal do Céu,09/09/2026,Quarta-feira,11:09:00,13,2,ENE,62,60,Nublado,1018,3,12,nublado
6769,4249,False,7,BR,Brasil,PR,Fazenda Rio Grande,S,False,-25.657,-49.308,False,False,cities,6769,Fazenda Rio Grande,09/09/2026,Quarta-feira,10:24:00,15,3,ENE,77,67,Chuva e trovoadas,1019,6,14,chuva-e-trovoadas
6771,4250,False,7,BR,Brasil,PR,Fernandes Pinheiro,S,False,-25.413,-50.547,False,True,cities,6771,Fernandes Pinheiro,09/09/2026,Quarta-feira,10:24:00,15,1,ENE,68,69,Nublado,1019,3,14,nublado
6772,4251,False,7,BR,Brasil,PR,Figueira,S,False,-23.849,-50.403,False,False,cities,6772,Figueira,09/09/2026,Quarta-feira,10:24:00,16,7,E,80,76,Nublado,1018,3,16,nublado
6774,4252,False,7,BR,Brasil,PR,Flor da Serra do Sul,S,False,-26.26,-53.304,False,False,cities,6774,Flor da Serra do Sul,09/09/2026,Quarta-feira,11:09:00,15,4,ENE,58,61,Nublado,1017,3,14,nublado
6773,2833,False,7,BR,Brasil,PR,Floraí,S,False,-23.317,-52.304,False,False,cities,6773,Floraí,09/09/2026,Quarta-feira,11:09:00,19,13,ENE,77,81,Sol com muitas nuvens,1017,2r,18,sol-com-muitas-nuvens
6775,2834,False,7,BR,Brasil,PR,Floresta,S,False,-23.599,-52.081,False,False,cities,6775,Floresta,09/09/2026,Quarta-feira,10:24:00,19,15,ENE,75,82,Sol com muitas nuvens,1017,2r,18,sol-com-muitas-nuvens
6776,2835,False,7,BR,Brasil,PR,Florestópolis,S,False,-22.863,-51.387,False,False,cities,6776,Florestópolis,09/09/2026,Quarta-feira,10:24:00,18,7,E,90,83,Chuvoso,1017,5,19,chuvoso
6778,2836,False,7,BR,Brasil,PR,Formosa do Oeste,S,False,-24.293,-53.312,False,False,cities,6778,Formosa do Oeste,09/09/2026,Quarta-feira,10:24:00,19,10,ENE,69,82,Nublado,1017,3,19,nublado
6779,272,False,7,BR,Brasil,PR,Foz do Iguaçu,S,False,-25.548,-54.588,True,False,cities,6779,Foz do Iguaçu,09/09/2026,Quarta-feira,10:24:00,18,9,ENE,63,82,Nublado,1015,3,18,nublado
6780,4254,False,7,BR,Brasil,PR,Foz do Jordão,S,False,-25.642,-52.103,False,True,cities,6780,Foz do Jordão,09/09/2026,Quarta-feira,10:24:00,15,3,ENE,60,68,Nublado,1016,3,14,nublado
6781,4255,False,7,BR,Brasil,PR,Francisco Alves,S,False,-24.066,-53.848,False,False,cities,6781,Francisco Alves,09/09/2026,Quarta-feira,11:09:00,18,7,ENE,70,84,Sol com muitas nuvens,1016,2r,18,sol-com-muitas-nuvens
6782,1310,False,7,BR,Brasil,PR,Francisco Beltrão,S,False,-26.081,-53.055,False,True,cities,6782,Francisco Beltrão,09/09/2026,Quarta-feira,10:24:00,16,3,ENE,58,69,Nublado,1017,3,15,nublado
6770,2837,False,7,BR,Brasil,PR,Fênix,S,False,-23.916,-51.979,False,True,cities,6770,Fênix,09/09/2026,Quarta-feira,10:24:00,19,11,ENE,73,83,Nublado,1017,3,18,nublado
6784,4257,False,7,BR,Brasil,PR,Godoy Moreira,S,False,-24.177,-51.924,False,False,cities,6784,Godoy Moreira,09/09/2026,Quarta-feira,10:24:00,18,8,ENE,70,81,Nublado,1018,3,17,nublado
6785,1311,False,7,BR,Brasil,PR,Goioerê,S,False,-24.185,-53.027,False,True,cities,6785,Goioerê,09/09/2026,Quarta-feira,11:09:00,18,10,ENE,70,78,Nublado,1017,3,18,nublado
6786,4258,False,7,BR,Brasil,PR,Goioxim,S,False,-25.195,-51.992,False,False,cities,6786,Goioxim,09/09/2026,Quarta-feira,10:24:00,15,4,ENE,61,68,Nublado,1017,3,14,nublado
6787,6825,False,7,BR,Brasil,PR,Graciosa,S,False,-23.085,-52.607,False,False,cities,6787,Graciosa,09/09/2026,Quarta-feira,11:09:00,19,11,ENE,77,83,Nublado,1016,3,19,nublado
6788,4259,False,7,BR,Brasil,PR,Grandes Rios,S,False,-24.146,-51.506,False,False,cities,6788,Grandes Rios,09/09/2026,Quarta-feira,11:09:00,17,7,ENE,72,79,Nublado,1018,3,16,nublado
6789,6136,False,7,BR,Brasil,PR,Guaiporã,S,False,-23.944,-53.586,False,False,cities,6789,Guaiporã,09/09/2026,Quarta-feira,10:24:00,18,9,ENE,71,83,Sol com muitas nuvens,1016,2r,18,sol-com-muitas-nuvens
6790,4114,False,7,BR,Brasil,PR,Guairaçá,S,False,-22.934,-52.686,False,False,cities,6790,Guairaçá,09/09/2026,Quarta-feira,11:09:00,19,10,E,79,83,Nublado,1016,3,19,nublado
6792,4260,False,7,BR,Brasil,PR,Guamiranga,S,False,-25.191,-50.805,False,False,cities,6792,Guamiranga,09/09/2026,Quarta-feira,10:24:00,15,1,ENE,66,68,Nublado,1018,3,14,nublado
6793,4261,False,7,BR,Brasil,PR,Guapirama,S,False,-23.516,-50.04,False,False,cities,6793,Guapirama,09/09/2026,Quarta-feira,10:24:00,17,6,E,90,78,Chuvoso,1018,5,17,chuvoso
6794,4262,False,7,BR,Brasil,PR,Guaporema,S,False,-23.343,-52.779,False,True,cities,6794,Guaporema,09/09/2026,Quarta-feira,11:09:00,20,9,ENE,76,82,Nublado,1016,3,20,nublado
6553,4263,False,7,BR,Brasil,PR,Guaraci,S,False,-22.973,-51.65,False,False,cities,6553,Guaraci,09/09/2026,Quarta-feira,11:09:00,18,10,E,82,79,Chuvoso,1017,5,18,chuvoso
6555,6798,False,7,BR,Brasil,PR,Guarani,S,False,-25.212,-52.651,False,False,cities,6555,Guarani,09/09/2026,Quarta-feira,10:24:00,15,5,ENE,61,69,Nublado,1015,3,14,nublado
6554,2838,False,7,BR,Brasil,PR,Guaraniaçu,S,False,-25.101,-52.878,False,False,cities,6554,Guaraniaçu,09/09/2026,Quarta-feira,11:09:00,15,6,ENE,62,69,Nublado,1017,3,13,nublado
6556,4264,False,7,BR,Brasil,PR,Guaraqueçaba,S,True,-25.307,-48.329,False,False,cities,6556,Guaraqueçaba,09/09/2026,Quarta-feira,10:24:00,17,3,E,85,95,Nublado,1019,3,19,nublado
6557,1312,False,7,BR,Brasil,PR,Guaratuba,S,True,-25.883,-48.575,False,False,cities,6557,Guaratuba,09/09/2026,Quarta-feira,10:24:00,16,3,E,81,95,Nublado,1018,3,18,nublado
6791,1313,False,7,BR,Brasil,PR,Guaíra,S,False,-24.08,-54.256,False,False,cities,6791,Guaíra,09/09/2026,Quarta-feira,11:09:00,18,5,ENE,70,85,Sol com muitas nuvens,1016,2r,19,sol-com-muitas-nuvens
6558,5610,False,7,BR,Brasil,PR,Herculândia,S,False,-23.261,-53.403,False,False,cities,6558,Herculândia,09/09/2026,Quarta-feira,11:09:00,19,9,ENE,75,86,Nublado,1016,3,19,nublado
6559,2839,False,7,BR,Brasil,PR,Honório Serpa,S,False,-26.141,-52.387,False,False,cities,6559,Honório Serpa,09/09/2026,Quarta-feira,11:09:00,14,2,ENE,60,61,Nublado,1017,3,13,nublado
6560,2646,False,7,BR,Brasil,PR,Ibaiti,S,False,-23.849,-50.188,False,True,cities,6560,Ibaiti,09/09/2026,Quarta-feira,10:24:00,15,7,E,82,69,Chuvoso,1018,5,13,chuvoso
6561,2840,False,7,BR,Brasil,PR,Ibema,S,False,-25.106,-53.012,False,False,cities,6561,Ibema,09/09/2026,Quarta-feira,10:24:00,15,7,ENE,62,70,Nublado,1017,3,14,nublado
6562,2629,False,7,BR,Brasil,PR,Ibiaci,S,False,-22.92,-51.026,False,False,cities,6562,Ibiaci,09/09/2026,Quarta-feira,10:24:00,18,6,E,90,83,Chuvoso,1017,5,19,chuvoso
6563,1314,False,7,BR,Brasil,PR,Ibiporã,S,False,-23.269,-51.048,False,False,cities,6563,Ibiporã,09/09/2026,Quarta-feira,10:24:00,17,7,E,82,80,Chuvoso,1018,5,17,chuvoso
6564,4115,False,7,BR,Brasil,PR,Icaraíma,S,False,-23.396,-53.614,False,True,cities,6564,Icaraíma,09/09/2026,Quarta-feira,11:09:00,18,9,ENE,75,85,Sol com muitas nuvens,1016,2r,18,sol-com-muitas-nuvens
6565,2841,False,7,BR,Brasil,PR,Iguaraçu,S,False,-23.197,-51.828,False,False,cities,6565,Iguaraçu,09/09/2026,Quarta-feira,10:24:00,18,12,E,79,77,Chuvoso,1017,5,17,chuvoso
6566,4265,False,7,BR,Brasil,PR,Iguatu,S,False,-24.644,-53.135,False,False,cities,6566,Iguatu,09/09/2026,Quarta-feira,10:24:00,19,9,ENE,66,82,Nublado,1017,3,19,nublado
6567,766,False,7,BR,Brasil,PR,Ilha do Mel,S,True,-25.45,-48.25,False,False,cities,6567,Ilha do Mel,09/09/2026,Quarta-feira,10:24:00,17,3,E,85,95,Nublado,1019,3,18,nublado
6568,4787,False,7,BR,Brasil,PR,Ilha do Sol,S,False,-25.583,-53.817,False,False,cities,6568,Ilha do Sol,09/09/2026,Quarta-feira,10:24:00,18,5,ENE,61,77,Nublado,1016,3,18,nublado
6569,4266,False,7,BR,Brasil,PR,Imbaú,S,False,-24.445,-50.761,False,False,cities,6569,Imbaú,09/09/2026,Quarta-feira,10:24:00,16,5,ENE,73,72,Nublado,1019,3,16,nublado
6570,2842,False,7,BR,Brasil,PR,Imbituva,S,False,-25.23,-50.604,False,True,cities,6570,Imbituva,09/09/2026,Quarta-feira,11:09:00,15,1,ENE,69,69,Nublado,1018,3,15,nublado
3240,3486,False,7,BR,Brasil,PR,Inajá,S,False,-22.749,-52.198,False,False,cities,3240,Inajá,09/09/2026,Quarta-feira,11:09:00,18,10,E,82,84,Chuvoso,1017,5,18,chuvoso
6572,4137,False,7,BR,Brasil,PR,Indianópolis,S,False,-23.476,-52.696,False,False,cities,6572,Indianópolis,09/09/2026,Quarta-feira,10:24:00,19,11,ENE,75,82,Nublado,1016,3,19,nublado
6571,4194,False,7,BR,Brasil,PR,Inácio Martins,S,False,-25.571,-51.079,False,False,cities,6571,Inácio Martins,09/09/2026,Quarta-feira,10:24:00,15,2,ENE,63,68,Nublado,1019,3,14,nublado
6573,2843,False,7,BR,Brasil,PR,Ipiranga,S,False,-25.024,-50.584,False,False,cities,6573,Ipiranga,09/09/2026,Quarta-feira,11:09:00,16,2,ENE,70,70,Nublado,1018,3,16,nublado
6574,1315,False,7,BR,Brasil,PR,Iporã,S,False,-24.003,-53.704,False,False,cities,6574,Iporã,09/09/2026,Quarta-feira,10:24:00,18,8,ENE,71,83,Sol com muitas nuvens,1016,2r,18,sol-com-muitas-nuvens
6575,2844,False,7,BR,Brasil,PR,Iracema do Oeste,S,False,-24.428,-53.355,False,False,cities,6575,Iracema do Oeste,09/09/2026,Quarta-feira,10:24:00,19,10,ENE,67,80,Nublado,1017,3,18,nublado
6576,4267,False,7,BR,Brasil,PR,Iretama,S,False,-24.424,-52.106,False,False,cities,6576,Iretama,09/09/2026,Quarta-feira,10:24:00,16,5,ENE,67,75,Nublado,1018,3,16,nublado
3238,3476,False,7,BR,Brasil,PR,Itaguajé,S,False,-22.618,-51.966,False,False,cities,3238,Itaguajé,09/09/2026,Quarta-feira,10:24:00,19,9,E,90,85,Chuvoso,1017,5,19,chuvoso
6577,2845,False,7,BR,Brasil,PR,Itaipulândia,S,False,-25.137,-54.302,False,False,cities,6577,Itaipulândia,09/09/2026,Quarta-feira,10:24:00,18,7,ENE,64,81,Nublado,1015,3,18,nublado
6578,2846,False,7,BR,Brasil,PR,Itambaracá,S,False,-23.018,-50.406,False,True,cities,6578,Itambaracá,09/09/2026,Quarta-feira,10:24:00,18,6,E,90,83,Chuvoso,1018,5,18,chuvoso
6579,2847,False,7,BR,Brasil,PR,Itambé,S,False,-23.661,-51.99,False,False,cities,6579,Itambé,09/09/2026,Quarta-feira,10:24:00,19,14,ENE,75,80,Nublado,1017,3,17,nublado
6580,2848,False,7,BR,Brasil,PR,Itapejara d'Oeste,S,False,-25.965,-52.816,False,False,cities,6580,Itapejara d'Oeste,09/09/2026,Quarta-feira,10:24:00,16,2,ENE,59,71,Nublado,1017,3,16,nublado
6581,4268,False,7,BR,Brasil,PR,Itaperuçu,S,False,-25.22,-49.348,False,False,cities,6581,Itaperuçu,09/09/2026,Quarta-feira,10:24:00,14,4,E,79,66,Chuvoso,1019,5,12,chuvoso
6582,4269,False,7,BR,Brasil,PR,Itaúna do Sul,S,False,-22.731,-52.887,False,False,cities,6582,Itaúna do Sul,09/09/2026,Quarta-feira,10:24:00,19,9,E,81,86,Nublado,1016,3,20,nublado
6583,1316,False,7,BR,Brasil,PR,Ivaiporã,S,False,-24.248,-51.685,False,True,cities,6583,Ivaiporã,09/09/2026,Quarta-feira,11:09:00,16,6,ENE,70,75,Nublado,1018,3,15,nublado
6586,2849,False,7,BR,Brasil,PR,Ivatuba,S,False,-23.619,-52.221,False,False,cities,6586,Ivatuba,09/09/2026,Quarta-feira,10:24:00,19,14,ENE,74,83,Nublado,1017,3,18,nublado
6585,4270,False,7,BR,Brasil,PR,Ivaté,S,False,-23.409,-53.369,False,False,cities,6585,Ivaté,09/09/2026,Quarta-feira,10:24:00,19,9,ENE,75,84,Nublado,1016,3,19,nublado
6584,275,False,7,BR,Brasil,PR,Ivaí,S,False,-25.011,-50.859,False,True,cities,6584,Ivaí,09/09/2026,Quarta-feira,10:24:00,16,2,ENE,67,69,Nublado,1018,3,15,nublado
6587,2647,False,7,BR,Brasil,PR,Jaboti,S,False,-23.743,-50.076,False,False,cities,6587,Jaboti,09/09/2026,Quarta-feira,10:24:00,17,7,E,83,77,Chuvoso,1018,5,16,chuvoso
6588,2850,False,7,BR,Brasil,PR,Jaguapitã,S,False,-23.113,-51.532,False,False,cities,6588,Jaguapitã,09/09/2026,Quarta-feira,10:24:00,18,9,E,81,76,Chuvoso,1018,5,17,chuvoso
6589,2851,False,7,BR,Brasil,PR,Jaguariaíva,S,False,-24.251,-49.706,False,False,cities,6589,Jaguariaíva,09/09/2026,Quarta-feira,11:09:00,17,6,E,82,70,Chuvoso,1019,5,16,chuvoso
6590,1625,False,7,BR,Brasil,PR,Jandaia do Sul,S,False,-23.603,-51.643,False,False,cities,6590,Jandaia do Sul,09/09/2026,Quarta-feira,10:24:00,17,11,ENE,76,74,Nublado,1018,3,16,nublado
6591,2852,False,7,BR,Brasil,PR,Janiópolis,S,False,-24.142,-52.782,False,False,cities,6591,Janiópolis,09/09/2026,Quarta-feira,10:24:00,17,10,ENE,69,75,Nublado,1017,3,16,nublado
6592,2648,False,7,BR,Brasil,PR,Japira,S,False,-23.813,-50.139,False,False,cities,6592,Japira,09/09/2026,Quarta-feira,10:24:00,15,7,E,82,69,Chuvoso,1018,5,13,chuvoso
6593,2853,False,7,BR,Brasil,PR,Japurá,S,False,-23.47,-52.553,False,False,cities,6593,Japurá,09/09/2026,Quarta-feira,10:24:00,19,11,ENE,75,82,Nublado,1017,3,19,nublado
6594,4195,False,7,BR,Brasil,PR,Jardim Alegre,S,False,-24.179,-51.692,False,True,cities,6594,Jardim Alegre,09/09/2026,Quarta-feira,11:09:00,16,7,ENE,71,75,Nublado,1018,3,15,nublado
3241,3487,False,7,BR,Brasil,PR,Jardim Olinda,S,False,-22.55,-52.036,False,False,cities,3241,Jardim Olinda,09/09/2026,Quarta-feira,10:24:00,19,9,E,90,86,Chuvoso,1017,5,20,chuvoso
6595,2854,False,7,BR,Brasil,PR,Jataizinho,S,False,-23.254,-50.98,False,True,cities,6595,Jataizinho,09/09/2026,Quarta-feira,10:24:00,18,7,E,82,81,Chuvoso,1018,5,18,chuvoso
6596,2855,False,7,BR,Brasil,PR,Jesuítas,S,False,-24.385,-53.388,False,False,cities,6596,Jesuítas,09/09/2026,Quarta-feira,11:09:00,19,9,ENE,68,81,Nublado,1017,3,19,nublado
3216,3423,False,7,BR,Brasil,PR,Joaquim Távora,S,False,-23.499,-49.905,False,False,cities,3216,Joaquim Távora,09/09/2026,Quarta-feira,11:09:00,17,6,E,90,77,Chuvoso,1018,5,17,chuvoso
6597,4271,False,7,BR,Brasil,PR,Jundiaí do Sul,S,False,-23.437,-50.248,False,False,cities,6597,Jundiaí do Sul,09/09/2026,Quarta-feira,10:24:00,17,6,E,90,78,Chuvoso,1018,5,17,chuvoso
6598,2856,False,7,BR,Brasil,PR,Juranda,S,False,-24.42,-52.843,False,False,cities,6598,Juranda,09/09/2026,Quarta-feira,10:24:00,17,9,ENE,67,76,Nublado,1017,3,17,nublado
6599,2857,False,7,BR,Brasil,PR,Jussara,S,False,-23.621,-52.469,False,False,cities,6599,Jussara,09/09/2026,Quarta-feira,11:09:00,19,12,ENE,74,82,Nublado,1017,3,18,nublado
6600,2858,False,7,BR,Brasil,PR,Kaloré,S,False,-23.817,-51.668,False,False,cities,6600,Kaloré,09/09/2026,Quarta-feira,10:24:00,18,10,ENE,73,79,Nublado,1017,3,17,nublado
6601,6815,False,7,BR,Brasil,PR,Lagoinha de Cima,S,False,-24.333,-50.617,False,False,cities,6601,Lagoinha de Cima,09/09/2026,Quarta-feira,10:24:00,17,6,ENE,76,73,Nublado,1019,3,16,nublado
6602,1317,False,7,BR,Brasil,PR,Lapa,S,False,-25.77,-49.716,False,True,cities,6602,Lapa,09/09/2026,Quarta-feira,10:24:00,14,2,ENE,74,68,Nublado,1019,3,13,nublado
6603,4272,False,7,BR,Brasil,PR,Laranjal,S,False,-24.887,-52.469,False,True,cities,6603,Laranjal,09/09/2026,Quarta-feira,11:09:00,16,5,ENE,64,75,Nublado,1017,3,15,nublado
6604,1574,False,7,BR,Brasil,PR,Laranjeiras do Sul,S,False,-25.408,-52.416,False,False,cities,6604,Laranjeiras do Sul,09/09/2026,Quarta-feira,10:24:00,15,3,WNW,301,68,Nublado,1013,3,15,nublado
6605,2859,False,7,BR,Brasil,PR,Leópolis,S,False,-23.08,-50.751,False,False,cities,6605,Leópolis,09/09/2026,Quarta-feira,11:09:00,17,6,E,90,80,Chuvoso,1018,5,17,chuvoso
6606,4273,False,7,BR,Brasil,PR,Lidianópolis,S,False,-24.109,-51.652,False,False,cities,6606,Lidianópolis,09/09/2026,Quarta-feira,10:24:00,16,7,ENE,71,75,Nublado,1018,3,15,nublado
6607,4274,False,7,BR,Brasil,PR,Lindoeste,S,False,-25.26,-53.576,False,False,cities,6607,Lindoeste,09/09/2026,Quarta-feira,11:09:00,17,9,ENE,63,70,Nublado,1016,3,16,nublado
6608,1626,False,7,BR,Brasil,PR,Loanda,S,False,-22.923,-53.137,False,False,cities,6608,Loanda,09/09/2026,Quarta-feira,11:09:00,19,9,E,79,85,Nublado,1016,3,19,nublado
6609,4206,False,7,BR,Brasil,PR,Lobato,S,False,-23.008,-51.951,False,False,cities,6609,Lobato,09/09/2026,Quarta-feira,10:24:00,18,11,E,81,80,Chuvoso,1017,5,17,chuvoso
6610,2860,False,7,BR,Brasil,PR,Luiziana,S,False,-24.286,-52.276,False,True,cities,6610,Luiziana,09/09/2026,Quarta-feira,10:24:00,16,8,ENE,68,74,Nublado,1018,3,15,nublado
6611,4275,False,7,BR,Brasil,PR,Lunardelli,S,False,-24.079,-51.738,False,False,cities,6611,Lunardelli,09/09/2026,Quarta-feira,10:24:00,16,7,ENE,71,75,Nublado,1018,3,15,nublado
6612,4276,False,7,BR,Brasil,PR,Lupionópolis,S,False,-22.755,-51.657,False,False,cities,6612,Lupionópolis,09/09/2026,Quarta-feira,10:24:00,19,9,E,90,85,Chuvoso,1017,5,19,chuvoso
6613,4277,False,7,BR,Brasil,PR,Mallet,S,False,-25.878,-50.821,False,False,cities,6613,Mallet,09/09/2026,Quarta-feira,10:24:00,13,2,ENE,64,70,Nublado,1019,3,13,nublado
6614,2861,False,7,BR,Brasil,PR,Mamborê,S,False,-24.319,-52.53,False,True,cities,6614,Mamborê,09/09/2026,Quarta-feira,10:24:00,16,8,ENE,67,74,Nublado,1017,3,15,nublado
6616,2630,False,7,BR,Brasil,PR,Mandaguari,S,False,-23.548,-51.671,False,False,cities,6616,Mandaguari,09/09/2026,Quarta-feira,11:09:00,17,11,ENE,77,73,Sol com muitas nuvens,1018,2r,16,sol-com-muitas-nuvens
6615,2862,False,7,BR,Brasil,PR,Mandaguaçu,S,False,-23.347,-52.095,False,False,cities,6615,Mandaguaçu,09/09/2026,Quarta-feira,11:09:00,19,15,ENE,77,80,Sol com muitas nuvens,1017,2r,18,sol-com-muitas-nuvens
3242,3488,False,7,BR,Brasil,PR,Mandiocaba,S,False,-23.083,-52.45,False,False,cities,3242,Mandiocaba,09/09/2026,Quarta-feira,10:24:00,19,11,ENE,78,80,Sol com muitas nuvens,1017,2r,18,sol-com-muitas-nuvens
6617,4278,False,7,BR,Brasil,PR,Mandirituba,S,False,-25.779,-49.326,False,False,cities,6617,Mandirituba,09/09/2026,Quarta-feira,10:24:00,14,3,ENE,76,67,Nublado,1019,3,13,nublado
6618,4279,False,7,BR,Brasil,PR,Manfrinópolis,S,False,-26.144,-53.311,False,False,cities,6618,Manfrinópolis,09/09/2026,Quarta-feira,10:24:00,16,4,ENE,59,68,Nublado,1017,3,16,nublado
6619,2049,False,7,BR,Brasil,PR,Mangueirinha,S,False,-25.941,-52.176,False,True,cities,6619,Mangueirinha,09/09/2026,Quarta-feira,11:09:00,15,2,ENE,60,68,Nublado,1017,3,14,nublado
6620,2863,False,7,BR,Brasil,PR,Manoel Ribas,S,False,-24.516,-51.668,False,False,cities,6620,Manoel Ribas,09/09/2026,Quarta-feira,11:09:00,14,4,ENE,66,69,Nublado,1018,3,13,nublado
6621,6922,False,7,BR,Brasil,PR,Marabá,S,False,-23.753,-52.785,False,False,cities,6621,Marabá,09/09/2026,Quarta-feira,11:09:00,18,10,ENE,73,78,Nublado,1017,3,17,nublado
6622,1609,False,7,BR,Brasil,PR,Marechal Cândido Rondon,S,False,-24.556,-54.057,False,True,cities,6622,Marechal Cândido Rondon,09/09/2026,Quarta-feira,10:24:00,18,4,SSE,160,80,Sol com muitas nuvens,1015,2r,18,sol-com-muitas-nuvens
6623,6876,False,7,BR,Brasil,PR,Margarida,S,False,-24.649,-54.126,False,False,cities,6623,Margarida,09/09/2026,Quarta-feira,11:09:00,18,5,ENE,67,81,Sol com muitas nuvens,1015,2r,19,sol-com-muitas-nuvens
6624,4280,False,7,BR,Brasil,PR,Maria Helena,S,False,-23.616,-53.205,False,False,cities,6624,Maria Helena,09/09/2026,Quarta-feira,10:24:00,19,10,ENE,73,83,Nublado,1016,3,19,nublado
6625,2050,False,7,BR,Brasil,PR,Marialva,S,False,-23.485,-51.792,False,False,cities,6625,Marialva,09/09/2026,Quarta-feira,11:09:00,17,13,ENE,77,74,Sol com muitas nuvens,1017,2r,16,sol-com-muitas-nuvens
6627,4281,False,7,BR,Brasil,PR,Marilena,S,False,-22.736,-53.04,False,False,cities,6627,Marilena,09/09/2026,Quarta-feira,10:24:00,19,9,E,80,86,Nublado,1016,3,20,nublado
3217,3424,False,7,BR,Brasil,PR,Mariluz,S,False,-24.002,-53.146,False,False,cities,3217,Mariluz,09/09/2026,Quarta-feira,11:09:00,19,10,ENE,70,81,Nublado,1017,3,18,nublado
6626,2864,False,7,BR,Brasil,PR,Marilândia do Sul,S,False,-23.745,-51.308,False,True,cities,6626,Marilândia do Sul,09/09/2026,Quarta-feira,10:24:00,17,8,ENE,76,76,Nublado,1018,3,16,nublado
6628,278,False,7,BR,Brasil,PR,Maringá,S,False,-23.425,-51.939,False,False,cities,6628,Maringá,09/09/2026,Quarta-feira,10:24:00,19,14,SW,230,80,Sol com muitas nuvens,1017,2r,18,sol-com-muitas-nuvens
6630,2865,False,7,BR,Brasil,PR,Maripá,S,False,-24.418,-53.83,False,False,cities,6630,Maripá,09/09/2026,Quarta-feira,11:09:00,18,6,ENE,68,80,Sol com muitas nuvens,1016,2r,18,sol-com-muitas-nuvens
6629,2866,False,7,BR,Brasil,PR,Mariópolis,S,False,-26.355,-52.559,False,True,cities,6629,Mariópolis,09/09/2026,Quarta-feira,10:24:00,15,3,ENE,59,62,Nublado,1017,3,14,nublado
6631,2867,False,7,BR,Brasil,PR,Marmeleiro,S,False,-26.149,-53.026,False,False,cities,6631,Marmeleiro,09/09/2026,Quarta-feira,10:24:00,16,3,ENE,58,69,Nublado,1017,3,15,nublado
6633,4282,False,7,BR,Brasil,PR,Marquinho,S,False,-25.113,-52.254,False,False,cities,6633,Marquinho,09/09/2026,Quarta-feira,11:09:00,15,4,ENE,61,69,Nublado,1015,3,14,nublado
6632,6799,False,7,BR,Brasil,PR,Marquês de Abrantes,S,False,-24.983,-48.967,False,False,cities,6632,Marquês de Abrantes,09/09/2026,Quarta-feira,11:09:00,12,3,E,83,67,Nublado,1019,3,10,nublado
6634,4283,False,7,BR,Brasil,PR,Marumbi,S,False,-23.706,-51.639,False,False,cities,6634,Marumbi,09/09/2026,Quarta-feira,10:24:00,17,11,ENE,75,75,Nublado,1017,3,16,nublado
6635,2868,False,7,BR,Brasil,PR,Matelândia,S,False,-25.241,-53.996,False,False,cities,6635,Matelândia,09/09/2026,Quarta-feira,10:24:00,17,8,ENE,63,74,Nublado,1016,3,16,nublado
6636,4284,False,7,BR,Brasil,PR,Matinhos,S,True,-25.817,-48.57,False,False,cities,6636,Matinhos,09/09/2026,Quarta-feira,11:09:00,16,3,E,81,95,Chuvoso,1018,5,18,chuvoso
3256,3524,False,7,BR,Brasil,PR,Mato Rico,S,False,-24.705,-52.146,False,False,cities,3256,Mato Rico,09/09/2026,Quarta-feira,10:24:00,16,4,ENE,64,75,Nublado,1018,3,15,nublado
6637,2869,False,7,BR,Brasil,PR,Mauá da Serra,S,False,-23.901,-51.229,False,True,cities,6637,Mauá da Serra,09/09/2026,Quarta-feira,10:24:00,15,8,ENE,76,66,Nublado,1018,3,14,nublado
6638,1320,False,7,BR,Brasil,PR,Medianeira,S,False,-25.295,-54.094,False,False,cities,6638,Medianeira,09/09/2026,Quarta-feira,11:09:00,18,8,ENE,63,77,Nublado,1016,3,17,nublado
6639,2870,False,7,BR,Brasil,PR,Mercedes,S,False,-24.454,-54.162,False,False,cities,6639,Mercedes,09/09/2026,Quarta-feira,10:24:00,18,4,ENE,68,81,Sol com muitas nuvens,1015,2r,19,sol-com-muitas-nuvens
6640,4285,False,7,BR,Brasil,PR,Mirador,S,False,-23.258,-52.776,False,False,cities,6640,Mirador,09/09/2026,Quarta-feira,10:24:00,20,9,ENE,76,83,Nublado,1016,3,20,nublado
6641,2871,False,7,BR,Brasil,PR,Miraselva,S,False,-22.966,-51.485,False,False,cities,6641,Miraselva,09/09/2026,Quarta-feira,11:09:00,18,8,E,83,78,Chuvoso,1017,5,17,chuvoso
6642,2872,False,7,BR,Brasil,PR,Missal,S,False,-25.1,-54.248,False,False,cities,6642,Missal,09/09/2026,Quarta-feira,10:24:00,17,7,ENE,64,78,Nublado,1015,3,17,nublado
3218,3425,False,7,BR,Brasil,PR,Moreira Sales,S,False,-24.062,-53.007,False,False,cities,3218,Moreira Sales,09/09/2026,Quarta-feira,10:24:00,18,10,ENE,71,79,Nublado,1017,3,18,nublado
6643,3494,False,7,BR,Brasil,PR,Morretes,S,False,-25.477,-48.834,False,False,cities,6643,Morretes,09/09/2026,Quarta-feira,10:24:00,18,3,E,81,93,Nublado,1019,3,20,nublado
6644,4286,False,7,BR,Brasil,PR,Munhoz de Melo,S,False,-23.148,-51.774,False,False,cities,6644,Munhoz de Melo,09/09/2026,Quarta-feira,11:09:00,18,11,E,80,79,Chuvoso,1017,5,17,chuvoso
6645,4287,False,7,BR,Brasil,PR,Nossa Senhora das Graças,S,False,-22.914,-51.794,False,False,cities,6645,Nossa Senhora das Graças,09/09/2026,Quarta-feira,10:24:00,18,10,E,83,81,Chuvoso,1017,5,18,chuvoso
6646,4288,False,7,BR,Brasil,PR,Nova Aliança do Ivaí,S,False,-23.177,-52.602,False,False,cities,6646,Nova Aliança do Ivaí,09/09/2026,Quarta-feira,11:09:00,19,11,ENE,77,83,Nublado,1016,3,19,nublado
6647,2873,False,7,BR,Brasil,PR,Nova América da Colina,S,False,-23.331,-50.718,False,False,cities,6647,Nova América da Colina,09/09/2026,Quarta-feira,10:24:00,17,7,E,83,77,Chuvoso,1018,5,16,chuvoso
6648,2874,False,7,BR,Brasil,PR,Nova Aurora,S,False,-24.529,-53.256,False,True,cities,6648,Nova Aurora,09/09/2026,Quarta-feira,10:24:00,18,10,ENE,66,79,Nublado,1017,3,18,nublado
6649,2875,False,7,BR,Brasil,PR,Nova Cantu,S,False,-24.673,-52.569,False,True,cities,6649,Nova Cantu,09/09/2026,Quarta-feira,10:24:00,16,7,ENE,66,76,Nublado,1017,3,16,nublado
6650,1321,False,7,BR,Brasil,PR,Nova Esperança,S,False,-23.184,-52.205,False,False,cities,6650,Nova Esperança,09/09/2026,Quarta-feira,11:09:00,18,12,E,79,81,Sol com muitas nuvens,1017,2r,18,sol-com-muitas-nuvens
4697,5892,False,7,BR,Brasil,PR,Nova Esperança do Sudoeste,S,False,-25.906,-53.2652,False,True,cities,4697,Nova Esperança do Sudoeste,09/09/2026,Quarta-feira,11:09:00,16,3,ENE,59,69,Nublado,1017,3,16,nublado
6651,2649,False,7,BR,Brasil,PR,Nova Fátima,S,False,-23.432,-50.564,False,False,cities,6651,Nova Fátima,09/09/2026,Quarta-feira,10:24:00,17,6,E,83,77,Chuvoso,1018,5,16,chuvoso
6652,2876,False,7,BR,Brasil,PR,Nova Laranjeiras,S,False,-25.307,-52.541,False,False,cities,6652,Nova Laranjeiras,09/09/2026,Quarta-feira,10:24:00,15,4,ENE,61,69,Nublado,1014,3,14,nublado
6653,2636,False,7,BR,Brasil,PR,Nova Londrina,S,False,-22.766,-52.985,False,False,cities,6653,Nova Londrina,09/09/2026,Quarta-feira,10:24:00,19,9,E,81,86,Nublado,1016,3,20,nublado
6656,4289,False,7,BR,Brasil,PR,Nova Olímpia,S,False,-23.472,-53.089,False,False,cities,6656,Nova Olímpia,09/09/2026,Quarta-feira,11:09:00,19,9,ENE,74,82,Nublado,1016,3,19,nublado
6657,2877,False,7,BR,Brasil,PR,Nova Prata do Iguaçu,S,False,-25.633,-53.347,False,True,cities,6657,Nova Prata do Iguaçu,09/09/2026,Quarta-feira,11:09:00,17,4,ENE,60,74,Sol com muitas nuvens,1017,2r,17,sol-com-muitas-nuvens
6658,2878,False,7,BR,Brasil,PR,Nova Santa Bárbara,S,False,-23.585,-50.585,False,False,cities,6658,Nova Santa Bárbara,09/09/2026,Quarta-feira,10:24:00,16,7,E,81,69,Chuvoso,1018,5,14,chuvoso
6659,2879,False,7,BR,Brasil,PR,Nova Santa Rosa,S,False,-24.466,-53.953,False,False,cities,6659,Nova Santa Rosa,09/09/2026,Quarta-feira,10:24:00,18,5,ENE,68,80,Sol com muitas nuvens,1016,2r,18,sol-com-muitas-nuvens
6660,4290,False,7,BR,Brasil,PR,Nova Tebas,S,False,-24.438,-51.945,False,True,cities,6660,Nova Tebas,09/09/2026,Quarta-feira,11:09:00,16,4,ENE,66,75,Nublado,1018,3,16,nublado
6661,4291,False,7,BR,Brasil,PR,Novo Itacolomi,S,False,-23.764,-51.507,False,False,cities,6661,Novo Itacolomi,09/09/2026,Quarta-feira,11:09:00,17,9,ENE,76,77,Nublado,1018,3,17,nublado
6662,4951,False,7,BR,Brasil,PR,Novo Sarandi,S,False,-24.565,-53.905,False,False,cities,6662,Novo Sarandi,09/09/2026,Quarta-feira,11:09:00,18,6,ENE,67,77,Sol com muitas nuvens,1016,2r,18,sol-com-muitas-nuvens
5603,1322,False,7,BR,Brasil,PR,Ortigueira,S,False,-24.208,-50.949,False,False,cities,5603,Ortigueira,09/09/2026,Quarta-feira,11:09:00,17,6,ENE,74,72,Nublado,1018,3,16,nublado
6663,2880,False,7,BR,Brasil,PR,Ourizona,S,False,-23.405,-52.199,False,False,cities,6663,Ourizona,09/09/2026,Quarta-feira,11:09:00,19,14,ENE,77,79,Sol com muitas nuvens,1017,2r,17,sol-com-muitas-nuvens
6664,2881,False,7,BR,Brasil,PR,Ouro Verde do Oeste,S,False,-24.774,-53.902,False,True,cities,6664,Ouro Verde do Oeste,09/09/2026,Quarta-feira,10:24:00,18,7,ENE,66,76,Sol com muitas nuvens,1016,2r,17,sol-com-muitas-nuvens
6665,6137,False,7,BR,Brasil,PR,Ouro Verde do Piquiri,S,False,-24.635,-53.212,False,False,cities,6665,Ouro Verde do Piquiri,09/09/2026,Quarta-feira,10:24:00,18,10,ENE,66,78,Nublado,1017,3,17,nublado
6666,2882,False,7,BR,Brasil,PR,Paiçandu,S,False,-23.457,-52.049,False,False,cities,6666,Paiçandu,09/09/2026,Quarta-feira,11:09:00,19,15,ENE,76,81,Sol com muitas nuvens,1017,2r,18,sol-com-muitas-nuvens
6667,767,False,7,BR,Brasil,PR,Palmas,S,False,-26.484,-51.991,False,False,cities,6667,Palmas,09/09/2026,Quarta-feira,10:24:00,14,3,ENE,61,58,Nublado,1018,3,12,nublado
6375,2883,False,7,BR,Brasil,PR,Palmeira,S,False,-25.429,-50.006,False,True,cities,6375,Palmeira,09/09/2026,Quarta-feira,10:24:00,14,2,ENE,74,68,Nublado,1019,3,14,nublado
6376,4292,False,7,BR,Brasil,PR,Palmital,S,False,-24.893,-52.203,False,False,cities,6376,Palmital,09/09/2026,Quarta-feira,11:09:00,15,4,ENE,63,71,Nublado,1017,3,14,nublado
6377,6907,False,7,BR,Brasil,PR,Palmitolândia,S,False,-24.733,-53.733,False,False,cities,6377,Palmitolândia,09/09/2026,Quarta-feira,10:24:00,18,9,ENE,66,74,Nublado,1016,3,17,nublado
6378,2180,False,7,BR,Brasil,PR,Palotina,S,False,-24.284,-53.84,False,False,cities,6378,Palotina,09/09/2026,Quarta-feira,10:24:00,18,7,ENE,69,84,Sol com muitas nuvens,1016,2r,19,sol-com-muitas-nuvens
6380,3511,False,7,BR,Brasil,PR,Paranacity,S,False,-22.93,-52.151,False,False,cities,6380,Paranacity,09/09/2026,Quarta-feira,10:24:00,18,11,E,81,85,Nublado,1017,3,18,nublado
5604,1323,False,7,BR,Brasil,PR,Paranaguá,S,True,-25.52,-48.509,True,False,cities,5604,Paranaguá,09/09/2026,Quarta-feira,10:24:00,17,3,E,85,95,Chuvoso,1019,5,19,chuvoso
6382,3477,False,7,BR,Brasil,PR,Paranapoema,S,False,-22.634,-52.098,False,False,cities,6382,Paranapoema,09/09/2026,Quarta-feira,10:24:00,19,9,E,90,85,Chuvoso,1017,5,19,chuvoso
5607,1324,False,7,BR,Brasil,PR,Paranavaí,S,False,-23.073,-52.465,False,False,cities,5607,Paranavaí,09/09/2026,Quarta-feira,11:09:00,19,11,ENE,78,80,Nublado,1017,3,18,nublado
6381,6826,False,7,BR,Brasil,PR,Paraná d'Oeste,S,False,-24.109,-52.891,False,False,cities,6381,Paraná d'Oeste,09/09/2026,Quarta-feira,10:24:00,18,10,ENE,70,78,Nublado,1017,3,18,nublado
6379,4138,False,7,BR,Brasil,PR,Paraíso do Norte,S,False,-23.281,-52.602,False,False,cities,6379,Paraíso do Norte,09/09/2026,Quarta-feira,10:24:00,19,11,ENE,77,83,Nublado,1017,3,19,nublado
6383,2884,False,7,BR,Brasil,PR,Pato Bragado,S,False,-24.626,-54.2,False,False,cities,6383,Pato Bragado,09/09/2026,Quarta-feira,10:24:00,18,5,ENE,67,83,Sol com muitas nuvens,1015,2r,19,sol-com-muitas-nuvens
5609,1325,False,7,BR,Brasil,PR,Pato Branco,S,False,-26.229,-52.671,False,True,cities,5609,Pato Branco,09/09/2026,Quarta-feira,11:09:00,15,3,ENE,59,63,Nublado,1017,3,14,nublado
6384,6923,False,7,BR,Brasil,PR,Pau d'Alho do Sul,S,False,-23.519,-50.891,False,False,cities,6384,Pau d'Alho do Sul,09/09/2026,Quarta-feira,10:24:00,18,7,E,80,80,Chuvoso,1018,5,18,chuvoso
6385,4293,False,7,BR,Brasil,PR,Paula Freitas,S,False,-26.208,-50.938,False,True,cities,6385,Paula Freitas,09/09/2026,Quarta-feira,10:24:00,14,2,ENE,64,70,Nublado,1019,3,13,nublado
6386,5611,False,7,BR,Brasil,PR,Paulistânia,S,False,-24.159,-53.369,False,False,cities,6386,Paulistânia,09/09/2026,Quarta-feira,10:24:00,19,10,ENE,70,81,Nublado,1017,3,18,nublado
6387,4294,False,7,BR,Brasil,PR,Paulo Frontin,S,False,-26.04,-50.836,False,False,cities,6387,Paulo Frontin,09/09/2026,Quarta-feira,11:09:00,13,2,ENE,64,71,Nublado,1019,3,12,nublado
6388,2885,False,7,BR,Brasil,PR,Peabiru,S,False,-23.913,-52.343,False,False,cities,6388,Peabiru,09/09/2026,Quarta-feira,10:24:00,18,11,ENE,72,80,Nublado,1017,3,17,nublado
6389,3472,False,7,BR,Brasil,PR,Perobal,S,False,-23.896,-53.41,False,False,cities,6389,Perobal,09/09/2026,Quarta-feira,10:24:00,18,10,ENE,71,83,Sol com muitas nuvens,1016,2r,18,sol-com-muitas-nuvens
6394,4295,False,7,BR,Brasil,PR,Pinhais,S,False,-25.445,-49.192,False,False,cities,6394,Pinhais,09/09/2026,Quarta-feira,10:24:00,15,4,N,0,67,Chuvoso,1019,5,14,chuvoso
6396,4296,False,7,BR,Brasil,PR,Pinhal de São Bento,S,False,-26.03,-53.483,False,False,cities,6396,Pinhal de São Bento,09/09/2026,Quarta-feira,10:24:00,17,3,ENE,59,69,Nublado,1016,3,16,nublado
6395,2650,False,7,BR,Brasil,PR,Pinhalão,S,False,-23.793,-50.056,False,False,cities,6395,Pinhalão,09/09/2026,Quarta-feira,10:24:00,17,7,E,83,77,Chuvoso,1018,5,16,chuvoso
5610,1326,False,7,BR,Brasil,PR,Pinhão,S,False,-25.696,-51.66,False,False,cities,5610,Pinhão,09/09/2026,Quarta-feira,10:24:00,15,3,ENE,61,69,Nublado,1018,3,15,nublado
5613,1327,False,7,BR,Brasil,PR,Piraquara,S,False,-25.442,-49.063,False,False,cities,5613,Piraquara,09/09/2026,Quarta-feira,10:24:00,14,4,E,80,67,Chuvoso,1019,5,13,chuvoso
6397,2651,False,7,BR,Brasil,PR,Piraí do Sul,S,False,-24.526,-49.949,False,True,cities,6397,Piraí do Sul,09/09/2026,Quarta-feira,10:24:00,14,5,E,79,61,Nublado,1018,3,12,nublado
5614,1328,False,7,BR,Brasil,PR,Pitanga,S,False,-24.757,-51.761,False,True,cities,5614,Pitanga,09/09/2026,Quarta-feira,10:24:00,14,4,ENE,64,68,Nublado,1018,3,13,nublado
6398,2886,False,7,BR,Brasil,PR,Pitangueiras,S,False,-23.231,-51.586,False,False,cities,6398,Pitangueiras,09/09/2026,Quarta-feira,10:24:00,17,10,E,80,75,Chuvoso,1018,5,16,chuvoso
6393,4116,False,7,BR,Brasil,PR,Piên,S,False,-26.098,-49.429,False,False,cities,6393,Piên,09/09/2026,Quarta-feira,10:24:00,13,2,ENE,74,70,Nublado,1016,3,12,nublado
6399,4297,False,7,BR,Brasil,PR,Planaltina do Paraná,S,False,-23.007,-52.914,False,False,cities,6399,Planaltina do Paraná,09/09/2026,Quarta-feira,10:24:00,19,9,ENE,78,84,Nublado,1016,3,20,nublado
6400,2887,False,7,BR,Brasil,PR,Planalto,S,False,-25.716,-53.766,False,True,cities,6400,Planalto,09/09/2026,Quarta-feira,10:24:00,18,4,ENE,60,76,Nublado,1016,3,18,nublado
6401,279,False,7,BR,Brasil,PR,Ponta Grossa,S,False,-25.095,-50.162,False,True,cities,6401,Ponta Grossa,09/09/2026,Quarta-feira,10:24:00,15,1,ENE,73,68,Nublado,1019,3,15,nublado
6402,3426,False,7,BR,Brasil,PR,Pontal do Paraná,S,True,-25.674,-48.511,False,False,cities,6402,Pontal do Paraná,09/09/2026,Quarta-feira,11:09:00,17,3,E,83,95,Chuvoso,1019,5,18,chuvoso
6403,3324,False,7,BR,Brasil,PR,Porecatu,S,False,-22.756,-51.379,False,False,cities,6403,Porecatu,09/09/2026,Quarta-feira,10:24:00,19,7,E,90,84,Chuvoso,1017,5,19,chuvoso
6406,4298,False,7,BR,Brasil,PR,Porto Amazonas,S,False,-25.545,-49.89,False,False,cities,6406,Porto Amazonas,09/09/2026,Quarta-feira,10:24:00,14,1,ENE,73,68,Nublado,1019,3,14,nublado
6407,4299,False,7,BR,Brasil,PR,Porto Barreiro,S,False,-25.547,-52.408,False,False,cities,6407,Porto Barreiro,09/09/2026,Quarta-feira,10:24:00,16,3,ENE,60,72,Nublado,1013,3,16,nublado
6446,6827,False,7,BR,Brasil,PR,Porto Camargo,S,False,-23.368,-53.743,False,False,cities,6446,Porto Camargo,09/09/2026,Quarta-feira,11:09:00,18,9,ENE,75,87,Sol com muitas nuvens,1016,2r,18,sol-com-muitas-nuvens
6447,5280,False,7,BR,Brasil,PR,Porto Mendes,S,False,-24.5,-54.33,False,False,cities,6447,Porto Mendes,09/09/2026,Quarta-feira,10:24:00,18,4,ENE,68,85,Sol com muitas nuvens,1015,2r,19,sol-com-muitas-nuvens
6448,4300,False,7,BR,Brasil,PR,Porto Rico,S,False,-22.772,-53.267,False,False,cities,6448,Porto Rico,09/09/2026,Quarta-feira,10:24:00,20,8,E,80,89,Nublado,1016,3,21,nublado
6449,4301,False,7,BR,Brasil,PR,Porto Vitória,S,False,-26.161,-51.232,False,False,cities,6449,Porto Vitória,09/09/2026,Quarta-feira,10:24:00,14,2,ENE,63,69,Nublado,1019,3,13,nublado
6450,4302,False,7,BR,Brasil,PR,Prado Ferreira,S,False,-23.039,-51.442,False,False,cities,6450,Prado Ferreira,09/09/2026,Quarta-feira,11:09:00,18,8,E,83,78,Chuvoso,1017,5,17,chuvoso
6454,2888,False,7,BR,Brasil,PR,Pranchita,S,False,-26.02,-53.74,False,False,cities,6454,Pranchita,09/09/2026,Quarta-feira,10:24:00,16,4,ENE,59,67,Sol com muitas nuvens,1016,2r,16,sol-com-muitas-nuvens
6455,7365,False,7,BR,Brasil,PR,Presidente Castelo Branco,S,False,-23.2778,-52.1519,False,False,cities,6455,Presidente Castelo Branco,09/09/2026,Quarta-feira,10:24:00,18,13,ENE,78,79,Nublado,1017,3,17,nublado
6456,2889,False,7,BR,Brasil,PR,Primeiro de Maio,S,False,-22.851,-51.028,False,False,cities,6456,Primeiro de Maio,09/09/2026,Quarta-feira,10:24:00,18,6,E,90,83,Chuvoso,1017,5,19,chuvoso
5615,1329,False,7,BR,Brasil,PR,Prudentópolis,S,False,-25.213,-50.978,False,True,cities,5615,Prudentópolis,09/09/2026,Quarta-feira,11:09:00,16,2,ENE,65,74,Nublado,1018,3,16,nublado
6392,3351,False,7,BR,Brasil,PR,Pérola,S,False,-23.805,-53.684,False,False,cities,6392,Pérola,09/09/2026,Quarta-feira,10:24:00,18,9,ENE,73,83,Sol com muitas nuvens,1016,2r,18,sol-com-muitas-nuvens
6391,5577,False,7,BR,Brasil,PR,Pérola Independente,S,False,-24.532,-53.744,False,False,cities,6391,Pérola Independente,09/09/2026,Quarta-feira,10:24:00,18,8,ENE,67,77,Sol com muitas nuvens,1016,2r,17,sol-com-muitas-nuvens
6390,2890,False,7,BR,Brasil,PR,Pérola d'Oeste,S,False,-25.824,-53.74,False,True,cities,6390,Pérola d'Oeste,09/09/2026,Quarta-feira,10:24:00,17,4,ENE,60,71,Sol com muitas nuvens,1016,2r,17,sol-com-muitas-nuvens
6457,4303,False,7,BR,Brasil,PR,Quarto Centenário,S,False,-24.279,-53.076,False,False,cities,6457,Quarto Centenário,09/09/2026,Quarta-feira,10:24:00,18,10,ENE,69,78,Nublado,1017,3,18,nublado
6458,4304,False,7,BR,Brasil,PR,Quatiguá,S,False,-23.567,-49.914,False,False,cities,6458,Quatiguá,09/09/2026,Quarta-feira,10:24:00,17,6,E,90,77,Chuvoso,1018,5,17,chuvoso
6459,4305,False,7,BR,Brasil,PR,Quatro Barras,S,False,-25.366,-49.077,False,False,cities,6459,Quatro Barras,09/09/2026,Quarta-feira,10:24:00,14,4,E,80,67,Chuvoso,1019,5,13,chuvoso
6460,2891,False,7,BR,Brasil,PR,Quatro Pontes,S,False,-24.575,-53.977,False,False,cities,6460,Quatro Pontes,09/09/2026,Quarta-feira,11:09:00,18,6,ENE,67,77,Sol com muitas nuvens,1016,2r,18,sol-com-muitas-nuvens
6461,2892,False,7,BR,Brasil,PR,Quedas do Iguaçu,S,False,-25.45,-52.908,False,False,cities,6461,Quedas do Iguaçu,09/09/2026,Quarta-feira,11:09:00,16,4,ENE,60,74,Nublado,1016,3,16,nublado
6462,2893,False,7,BR,Brasil,PR,Querência do Norte,S,False,-23.084,-53.484,False,False,cities,6462,Querência do Norte,09/09/2026,Quarta-feira,10:24:00,19,9,ENE,76,86,Nublado,1016,3,19,nublado
6463,2894,False,7,BR,Brasil,PR,Quinta do Sol,S,False,-23.852,-52.13,False,False,cities,6463,Quinta do Sol,09/09/2026,Quarta-feira,10:24:00,18,12,ENE,72,81,Nublado,1017,3,18,nublado
6464,4306,False,7,BR,Brasil,PR,Quitandinha,S,False,-25.872,-49.498,False,False,cities,6464,Quitandinha,09/09/2026,Quarta-feira,10:24:00,14,2,ENE,75,68,Nublado,1018,3,13,nublado
6465,4307,False,7,BR,Brasil,PR,Ramilândia,S,False,-25.12,-54.025,False,False,cities,6465,Ramilândia,09/09/2026,Quarta-feira,10:24:00,17,7,ENE,64,75,Nublado,1016,3,16,nublado
6467,2895,False,7,BR,Brasil,PR,Rancho Alegre,S,False,-23.07,-50.913,False,True,cities,6467,Rancho Alegre,09/09/2026,Quarta-feira,10:24:00,18,7,E,83,83,Chuvoso,1017,5,18,chuvoso
6466,2896,False,7,BR,Brasil,PR,Rancho Alegre d'Oeste,S,False,-24.307,-52.954,False,True,cities,6466,Rancho Alegre d'Oeste,09/09/2026,Quarta-feira,10:24:00,18,10,ENE,68,78,Nublado,1017,3,18,nublado
6468,2897,False,7,BR,Brasil,PR,Realeza,S,False,-25.769,-53.532,False,True,cities,6468,Realeza,09/09/2026,Quarta-feira,11:09:00,17,4,ENE,60,75,Sol com muitas nuvens,1016,2r,18,sol-com-muitas-nuvens
6469,4308,False,7,BR,Brasil,PR,Rebouças,S,False,-25.621,-50.693,False,True,cities,6469,Rebouças,09/09/2026,Quarta-feira,10:24:00,14,1,ENE,66,70,Nublado,1019,3,14,nublado
6470,2898,False,7,BR,Brasil,PR,Renascença,S,False,-26.158,-52.969,False,False,cities,6470,Renascença,09/09/2026,Quarta-feira,10:24:00,16,3,ENE,58,69,Nublado,1017,3,15,nublado
6472,3126,False,7,BR,Brasil,PR,Reserva,S,False,-24.65,-50.851,False,True,cities,6472,Reserva,09/09/2026,Quarta-feira,11:09:00,15,4,ENE,71,69,Nublado,1018,3,14,nublado
6471,4876,False,7,BR,Brasil,PR,Reserva do Iguaçu,S,False,-25.839,-52.028,False,False,cities,6471,Reserva do Iguaçu,09/09/2026,Quarta-feira,11:09:00,15,2,ENE,60,69,Nublado,1018,3,14,nublado
6473,2090,False,7,BR,Brasil,PR,Ribeirão Claro,S,False,-23.194,-49.758,False,False,cities,6473,Ribeirão Claro,09/09/2026,Quarta-feira,10:24:00,18,4,E,90,78,Chuvoso,1018,5,18,chuvoso
6474,2652,False,7,BR,Brasil,PR,Ribeirão do Pinhal,S,False,-23.407,-50.357,False,False,cities,6474,Ribeirão do Pinhal,09/09/2026,Quarta-feira,10:24:00,17,6,E,90,77,Chuvoso,1018,5,16,chuvoso
6475,4309,False,7,BR,Brasil,PR,Rio Azul,S,False,-25.733,-50.796,False,False,cities,6475,Rio Azul,09/09/2026,Quarta-feira,11:09:00,14,1,ENE,64,69,Nublado,1019,3,13,nublado
6476,4310,False,7,BR,Brasil,PR,Rio Bom,S,False,-23.762,-51.411,False,False,cities,6476,Rio Bom,09/09/2026,Quarta-feira,11:09:00,17,9,ENE,76,77,Nublado,1018,3,17,nublado
6477,2899,False,7,BR,Brasil,PR,Rio Bonito do Iguaçu,S,False,-25.491,-52.526,False,False,cities,6477,Rio Bonito do Iguaçu,09/09/2026,Quarta-feira,11:09:00,16,3,ENE,60,74,Nublado,1013,3,16,nublado
6478,4311,False,7,BR,Brasil,PR,Rio Branco do Ivaí,S,False,-24.324,-51.312,False,False,cities,6478,Rio Branco do Ivaí,09/09/2026,Quarta-feira,11:09:00,16,5,ENE,69,75,Nublado,1018,3,15,nublado
6479,4312,False,7,BR,Brasil,PR,Rio Branco do Sul,S,False,-25.19,-49.314,False,False,cities,6479,Rio Branco do Sul,09/09/2026,Quarta-feira,10:24:00,14,4,E,79,66,Chuvoso,1019,5,12,chuvoso
6481,3158,False,7,BR,Brasil,PR,Rio Negro,S,False,-26.106,-49.797,False,False,cities,6481,Rio Negro,09/09/2026,Quarta-feira,10:24:00,14,2,ENE,71,71,Nublado,1016,3,13,nublado
6480,5037,False,7,BR,Brasil,PR,Rio do Salto,S,False,-25.136,-53.334,False,False,cities,6480,Rio do Salto,09/09/2026,Quarta-feira,10:24:00,16,10,ENE,63,69,Nublado,1017,3,15,nublado
5616,1330,False,7,BR,Brasil,PR,Rolândia,S,False,-23.31,-51.369,False,True,cities,5616,Rolândia,09/09/2026,Quarta-feira,10:24:00,17,8,E,81,77,Chuvoso,1018,5,16,chuvoso
6482,2900,False,7,BR,Brasil,PR,Roncador,S,False,-24.603,-52.275,False,True,cities,6482,Roncador,09/09/2026,Quarta-feira,11:09:00,16,5,ENE,65,75,Nublado,1018,3,16,nublado
6483,4313,False,7,BR,Brasil,PR,Rondon,S,False,-23.411,-52.761,False,False,cities,6483,Rondon,09/09/2026,Quarta-feira,10:24:00,19,10,ENE,76,82,Nublado,1016,3,20,nublado
6484,4314,False,7,BR,Brasil,PR,Rosário do Ivaí,S,False,-24.278,-51.275,False,False,cities,6484,Rosário do Ivaí,09/09/2026,Quarta-feira,11:09:00,16,6,ENE,71,75,Nublado,1018,3,16,nublado
6485,2902,False,7,BR,Brasil,PR,Sabáudia,S,False,-23.317,-51.552,False,False,cities,6485,Sabáudia,09/09/2026,Quarta-feira,10:24:00,17,10,ENE,79,74,Chuvoso,1018,5,16,chuvoso
6486,4315,False,7,BR,Brasil,PR,Salgado Filho,S,False,-26.17,-53.361,False,False,cities,6486,Salgado Filho,09/09/2026,Quarta-feira,10:24:00,16,4,ENE,59,68,Nublado,1017,3,16,nublado
6487,4316,False,7,BR,Brasil,PR,Salto do Itararé,S,False,-23.601,-49.626,False,False,cities,6487,Salto do Itararé,09/09/2026,Quarta-feira,10:24:00,17,5,E,90,77,Chuvoso,1018,5,17,chuvoso
6488,3440,False,7,BR,Brasil,PR,Salto do Lontra,S,False,-25.784,-53.309,False,False,cities,6488,Salto do Lontra,09/09/2026,Quarta-feira,11:09:00,17,3,ENE,59,73,Nublado,1017,3,17,nublado
6489,4317,False,7,BR,Brasil,PR,Santa Amélia,S,False,-23.266,-50.424,False,False,cities,6489,Santa Amélia,09/09/2026,Quarta-feira,10:24:00,17,6,E,90,80,Chuvoso,1018,5,17,chuvoso
6490,2903,False,7,BR,Brasil,PR,Santa Cecília do Pavão,S,False,-23.517,-50.784,False,True,cities,6490,Santa Cecília do Pavão,09/09/2026,Quarta-feira,11:09:00,17,7,E,81,76,Chuvoso,1018,5,17,chuvoso
6491,4323,False,7,BR,Brasil,PR,Santa Cruz de Monte Castelo,S,False,-22.953,-53.297,False,False,cities,6491,Santa Cruz de Monte Castelo,09/09/2026,Quarta-feira,10:24:00,19,9,ENE,77,85,Nublado,1016,3,19,nublado
6492,4117,False,7,BR,Brasil,PR,Santa Fé,S,False,-23.038,-51.805,False,False,cities,6492,Santa Fé,09/09/2026,Quarta-feira,11:09:00,19,10,E,82,82,Chuvoso,1017,5,18,chuvoso
6493,2653,False,7,BR,Brasil,PR,Santa Helena,S,False,-24.86,-54.2,False,False,cities,6493,Santa Helena,09/09/2026,Quarta-feira,11:09:00,18,6,ENE,66,82,Sol com muitas nuvens,1015,2r,19,sol-com-muitas-nuvens
6494,3478,False,7,BR,Brasil,PR,Santa Inês,S,False,-22.637,-51.902,False,False,cities,6494,Santa Inês,09/09/2026,Quarta-feira,10:24:00,19,9,E,90,85,Chuvoso,1017,5,19,chuvoso
6495,3479,False,7,BR,Brasil,PR,Santa Isabel do Ivaí,S,False,-23.003,-53.197,False,False,cities,6495,Santa Isabel do Ivaí,09/09/2026,Quarta-feira,10:24:00,19,9,ENE,78,83,Nublado,1016,3,19,nublado
6496,2904,False,7,BR,Brasil,PR,Santa Izabel do Oeste,S,False,-25.821,-53.484,False,False,cities,6496,Santa Izabel do Oeste,09/09/2026,Quarta-feira,11:09:00,16,3,ENE,59,70,Sol com muitas nuvens,1016,2r,16,sol-com-muitas-nuvens
6497,4318,False,7,BR,Brasil,PR,Santa Lúcia,S,False,-25.407,-53.566,False,False,cities,6497,Santa Lúcia,09/09/2026,Quarta-feira,11:09:00,18,7,ENE,62,74,Nublado,1016,3,17,nublado
3161,2905,False,7,BR,Brasil,PR,Santa Maria do Oeste,S,False,-24.939,-51.863,False,False,cities,3161,Santa Maria do Oeste,09/09/2026,Quarta-feira,11:09:00,14,4,ENE,62,67,Nublado,1018,3,13,nublado
6498,2906,False,7,BR,Brasil,PR,Santa Mariana,S,False,-23.151,-50.519,False,False,cities,6498,Santa Mariana,09/09/2026,Quarta-feira,10:24:00,17,6,E,90,80,Chuvoso,1018,5,17,chuvoso
6499,3377,False,7,BR,Brasil,PR,Santa Mônica,S,False,-23.108,-53.109,False,False,cities,6499,Santa Mônica,09/09/2026,Quarta-feira,11:09:00,19,9,ENE,77,84,Nublado,1016,3,20,nublado
6501,6785,False,7,BR,Brasil,PR,Santa Rita d'Oeste,S,False,-24.367,-54.013,False,False,cities,6501,Santa Rita d'Oeste,09/09/2026,Quarta-feira,10:24:00,18,5,ENE,69,81,Sol com muitas nuvens,1016,2r,18,sol-com-muitas-nuvens
6502,2907,False,7,BR,Brasil,PR,Santa Tereza do Oeste,S,False,-25.052,-53.633,False,False,cities,6502,Santa Tereza do Oeste,09/09/2026,Quarta-feira,10:24:00,17,11,ENE,64,69,Nublado,1017,3,15,nublado
6503,2901,False,7,BR,Brasil,PR,Santa Terezinha de Itaipu,S,False,-25.362,-54.488,False,False,cities,6503,Santa Terezinha de Itaipu,09/09/2026,Quarta-feira,10:24:00,18,9,ENE,63,80,Nublado,1015,3,18,nublado
6500,2632,False,7,BR,Brasil,PR,Santana do Itararé,S,False,-23.755,-49.629,False,False,cities,6500,Santana do Itararé,09/09/2026,Quarta-feira,10:24:00,17,5,E,90,77,Chuvoso,1018,5,17,chuvoso
6504,280,False,7,BR,Brasil,PR,Santo Antônio da Platina,S,False,-23.295,-50.077,False,False,cities,6504,Santo Antônio da Platina,09/09/2026,Quarta-feira,10:24:00,17,6,E,90,77,Chuvoso,1018,5,17,chuvoso
6505,3512,False,7,BR,Brasil,PR,Santo Antônio do Caiuá,S,False,-22.735,-52.342,False,False,cities,6505,Santo Antônio do Caiuá,09/09/2026,Quarta-feira,10:24:00,18,10,E,82,85,Chuvoso,1017,5,18,chuvoso
6506,2910,False,7,BR,Brasil,PR,Santo Antônio do Paraíso,S,False,-23.494,-50.646,False,False,cities,6506,Santo Antônio do Paraíso,09/09/2026,Quarta-feira,11:09:00,16,7,E,82,73,Chuvoso,1018,5,16,chuvoso
6507,2911,False,7,BR,Brasil,PR,Santo Antônio do Sudoeste,S,False,-26.074,-53.725,False,False,cities,6507,Santo Antônio do Sudoeste,09/09/2026,Quarta-feira,11:09:00,17,5,ENE,59,67,Sol com muitas nuvens,1016,2r,16,sol-com-muitas-nuvens
6508,3398,False,7,BR,Brasil,PR,Santo Inácio,S,False,-22.698,-51.794,False,False,cities,6508,Santo Inácio,09/09/2026,Quarta-feira,10:24:00,19,9,E,90,85,Chuvoso,1017,5,19,chuvoso
6205,4319,False,7,BR,Brasil,PR,Sapopema,S,False,-23.911,-50.58,False,False,cities,6205,Sapopema,09/09/2026,Quarta-feira,11:09:00,17,7,E,80,76,Nublado,1018,3,17,nublado
6206,2908,False,7,BR,Brasil,PR,Sarandi,S,False,-23.455,-51.853,False,False,cities,6206,Sarandi,09/09/2026,Quarta-feira,10:24:00,17,13,ENE,77,74,Sol com muitas nuvens,1017,2r,16,sol-com-muitas-nuvens
6208,4320,False,7,BR,Brasil,PR,Saudade do Iguaçu,S,False,-25.694,-52.619,False,False,cities,6208,Saudade do Iguaçu,09/09/2026,Quarta-feira,10:24:00,16,2,ENE,59,72,Nublado,1015,3,16,nublado
6209,6775,False,7,BR,Brasil,PR,Sede Alvorada,S,False,-24.827,-53.646,False,False,cities,6209,Sede Alvorada,09/09/2026,Quarta-feira,10:24:00,17,10,ENE,65,72,Nublado,1016,3,16,nublado
6210,768,False,7,BR,Brasil,PR,Sengés,S,False,-24.113,-49.464,False,False,cities,6210,Sengés,09/09/2026,Quarta-feira,10:24:00,16,5,E,84,74,Chuvoso,1019,5,16,chuvoso
6211,4321,False,7,BR,Brasil,PR,Serranópolis do Iguaçu,S,False,-25.38,-54.052,False,False,cities,6211,Serranópolis do Iguaçu,09/09/2026,Quarta-feira,10:24:00,18,7,ENE,62,78,Nublado,1016,3,18,nublado
6212,2909,False,7,BR,Brasil,PR,Sertaneja,S,False,-23.037,-50.838,False,False,cities,6212,Sertaneja,09/09/2026,Quarta-feira,10:24:00,18,6,E,90,84,Chuvoso,1017,5,18,chuvoso
6215,1627,False,7,BR,Brasil,PR,Sertanópolis,S,False,-23.059,-51.036,False,False,cities,6215,Sertanópolis,09/09/2026,Quarta-feira,10:24:00,18,7,E,90,80,Chuvoso,1017,5,18,chuvoso
6216,4322,False,7,BR,Brasil,PR,Siqueira Campos,S,False,-23.689,-49.834,False,False,cities,6216,Siqueira Campos,09/09/2026,Quarta-feira,11:09:00,17,6,E,84,77,Chuvoso,1018,5,17,chuvoso
6217,2912,False,7,BR,Brasil,PR,Sulina,S,False,-25.702,-52.722,False,False,cities,6217,Sulina,09/09/2026,Quarta-feira,10:24:00,16,2,ENE,59,73,Nublado,1015,3,16,nublado
6509,4196,False,7,BR,Brasil,PR,São Carlos do Ivaí,S,False,-23.315,-52.476,False,False,cities,6509,São Carlos do Ivaí,09/09/2026,Quarta-feira,10:24:00,19,12,ENE,76,82,Nublado,1017,3,19,nublado
6510,2913,False,7,BR,Brasil,PR,São Jerônimo da Serra,S,False,-23.727,-50.741,False,True,cities,6510,São Jerônimo da Serra,09/09/2026,Quarta-feira,11:09:00,15,7,E,80,64,Nublado,1018,3,13,nublado
6515,6776,False,7,BR,Brasil,PR,São Joaquim do Pontal,S,False,-22.973,-50.48,False,False,cities,6515,São Joaquim do Pontal,09/09/2026,Quarta-feira,10:24:00,18,6,E,90,83,Chuvoso,1018,5,18,chuvoso
6516,3327,False,7,BR,Brasil,PR,São Jorge d'Oeste,S,False,-25.706,-52.918,False,False,cities,6516,São Jorge d'Oeste,09/09/2026,Quarta-feira,11:09:00,17,2,ENE,59,76,Nublado,1016,3,17,nublado
6517,2914,False,7,BR,Brasil,PR,São Jorge do Ivaí,S,False,-23.433,-52.293,False,False,cities,6517,São Jorge do Ivaí,09/09/2026,Quarta-feira,11:09:00,19,13,ENE,77,81,Sol com muitas nuvens,1017,2r,18,sol-com-muitas-nuvens
6518,2640,False,7,BR,Brasil,PR,São Jorge do Patrocínio,S,False,-23.762,-53.879,False,False,cities,6518,São Jorge do Patrocínio,09/09/2026,Quarta-feira,10:24:00,18,8,ENE,73,84,Sol com muitas nuvens,1016,2r,18,sol-com-muitas-nuvens
4698,5893,False,7,BR,Brasil,PR,São José,S,False,-23.656,-51.694,False,False,cities,4698,São José,09/09/2026,Quarta-feira,11:09:00,17,11,ENE,76,74,Sol com muitas nuvens,1018,2r,16,sol-com-muitas-nuvens
6519,2631,False,7,BR,Brasil,PR,São José da Boa Vista,S,False,-23.916,-49.652,False,False,cities,6519,São José da Boa Vista,09/09/2026,Quarta-feira,10:24:00,17,6,E,84,77,Chuvoso,1018,5,17,chuvoso
6550,4324,False,7,BR,Brasil,PR,São José das Palmeiras,S,False,-24.837,-54.064,False,False,cities,6550,São José das Palmeiras,09/09/2026,Quarta-feira,11:09:00,18,6,ENE,65,79,Sol com muitas nuvens,1016,2r,18,sol-com-muitas-nuvens
6551,1576,False,7,BR,Brasil,PR,São José dos Pinhais,S,False,-25.535,-49.206,False,False,cities,6551,São José dos Pinhais,09/09/2026,Quarta-feira,10:24:00,15,4,N,0,67,Chuvoso,1019,5,14,chuvoso
3162,2915,False,7,BR,Brasil,PR,São João,S,False,-25.828,-52.725,False,True,cities,3162,São João,09/09/2026,Quarta-feira,11:09:00,16,2,ENE,59,69,Nublado,1016,3,15,nublado
6512,6946,False,7,BR,Brasil,PR,São João d'Oeste,S,False,-24.966,-53.245,False,False,cities,6512,São João d'Oeste,09/09/2026,Quarta-feira,11:09:00,16,10,ENE,64,68,Nublado,1017,3,14,nublado
6511,3513,False,7,BR,Brasil,PR,São João do Caiuá,S,False,-22.852,-52.337,False,False,cities,6511,São João do Caiuá,09/09/2026,Quarta-feira,10:24:00,18,11,E,80,83,Chuvoso,1017,5,18,chuvoso
6513,2916,False,7,BR,Brasil,PR,São João do Ivaí,S,False,-23.98,-51.818,False,False,cities,6513,São João do Ivaí,09/09/2026,Quarta-feira,10:24:00,18,9,ENE,72,81,Nublado,1018,3,17,nublado
6514,5328,False,7,BR,Brasil,PR,São João do Triunfo,S,False,-25.683,-50.297,False,False,cities,6514,São João do Triunfo,09/09/2026,Quarta-feira,11:09:00,14,1,ENE,69,69,Nublado,1019,3,13,nublado
6552,5329,False,7,BR,Brasil,PR,São Lourenço,S,False,-23.87,-52.61,False,False,cities,6552,São Lourenço,09/09/2026,Quarta-feira,11:09:00,17,11,ENE,71,77,Nublado,1017,3,15,nublado
6191,6816,False,7,BR,Brasil,PR,São Luiz do Purunã,S,False,-25.472,-49.715,False,False,cities,6191,São Luiz do Purunã,09/09/2026,Quarta-feira,11:09:00,14,2,ENE,75,65,Nublado,1019,3,13,nublado
6192,4325,False,7,BR,Brasil,PR,São Manoel do Paraná,S,False,-23.403,-52.644,False,False,cities,6192,São Manoel do Paraná,09/09/2026,Quarta-feira,10:24:00,19,10,ENE,76,82,Nublado,1016,3,20,nublado
6193,6817,False,7,BR,Brasil,PR,São Martinho,S,False,-23.193,-51.442,False,False,cities,6193,São Martinho,09/09/2026,Quarta-feira,10:24:00,17,9,E,80,76,Chuvoso,1018,5,16,chuvoso
6198,2917,False,7,BR,Brasil,PR,São Mateus do Sul,S,False,-25.874,-50.383,False,True,cities,6198,São Mateus do Sul,09/09/2026,Quarta-feira,10:24:00,14,2,ENE,68,72,Nublado,1019,3,14,nublado
6199,1577,False,7,BR,Brasil,PR,São Miguel do Iguaçu,S,False,-25.348,-54.238,False,False,cities,6199,São Miguel do Iguaçu,09/09/2026,Quarta-feira,11:09:00,18,8,ENE,63,78,Nublado,1015,3,18,nublado
6200,2918,False,7,BR,Brasil,PR,São Pedro do Iguaçu,S,False,-24.936,-53.855,False,False,cities,6200,São Pedro do Iguaçu,09/09/2026,Quarta-feira,10:24:00,18,8,ENE,65,75,Nublado,1016,3,17,nublado
6201,2919,False,7,BR,Brasil,PR,São Pedro do Ivaí,S,False,-23.865,-51.856,False,False,cities,6201,São Pedro do Ivaí,09/09/2026,Quarta-feira,11:09:00,18,10,ENE,73,82,Nublado,1018,3,18,nublado
6202,4326,False,7,BR,Brasil,PR,São Pedro do Paraná,S,False,-22.824,-53.22,False,False,cities,6202,São Pedro do Paraná,09/09/2026,Quarta-feira,11:09:00,19,9,E,79,86,Nublado,1016,3,20,nublado
6203,2920,False,7,BR,Brasil,PR,São Sebastião da Amoreira,S,False,-23.4656,-50.7625,False,False,cities,6203,São Sebastião da Amoreira,09/09/2026,Quarta-feira,10:24:00,17,7,E,81,76,Chuvoso,1018,5,17,chuvoso
6204,4327,False,7,BR,Brasil,PR,São Tomé,S,False,-23.538,-52.591,False,False,cities,6204,São Tomé,09/09/2026,Quarta-feira,10:24:00,19,11,ENE,75,82,Nublado,1017,3,19,nublado
6218,3456,False,7,BR,Brasil,PR,Tamarana,S,False,-23.723,-51.097,False,False,cities,6218,Tamarana,09/09/2026,Quarta-feira,10:24:00,17,8,ENE,78,76,Nublado,1018,3,17,nublado
6220,4328,False,7,BR,Brasil,PR,Tamboara,S,False,-23.2,-52.469,False,False,cities,6220,Tamboara,09/09/2026,Quarta-feira,10:24:00,19,12,ENE,77,82,Sol com muitas nuvens,1017,2r,19,sol-com-muitas-nuvens
6221,3068,False,7,BR,Brasil,PR,Tapejara,S,False,-23.733,-52.873,False,False,cities,6221,Tapejara,09/09/2026,Quarta-feira,10:24:00,18,10,ENE,73,78,Nublado,1017,3,17,nublado
6222,3378,False,7,BR,Brasil,PR,Tapira,S,False,-23.323,-53.068,False,False,cities,6222,Tapira,09/09/2026,Quarta-feira,11:09:00,19,9,ENE,75,83,Nublado,1016,3,20,nublado
6223,2921,False,7,BR,Brasil,PR,Teixeira Soares,S,False,-25.368,-50.461,False,True,cities,6223,Teixeira Soares,09/09/2026,Quarta-feira,10:24:00,15,1,ENE,70,68,Nublado,1019,3,14,nublado
6224,1334,False,7,BR,Brasil,PR,Telêmaco Borba,S,False,-24.324,-50.616,False,False,cities,6224,Telêmaco Borba,09/09/2026,Quarta-feira,11:09:00,17,6,ENE,76,73,Nublado,1019,3,16,nublado
6225,2922,False,7,BR,Brasil,PR,Terra Boa,S,False,-23.768,-52.444,False,False,cities,6225,Terra Boa,09/09/2026,Quarta-feira,11:09:00,18,12,ENE,73,81,Nublado,1017,3,17,nublado
6227,4139,False,7,BR,Brasil,PR,Terra Rica,S,False,-22.709,-52.617,False,False,cities,6227,Terra Rica,09/09/2026,Quarta-feira,11:09:00,19,10,E,81,86,Chuvoso,1016,5,19,chuvoso
6228,1335,False,7,BR,Brasil,PR,Terra Roxa,S,False,-24.157,-54.097,False,False,cities,6228,Terra Roxa,09/09/2026,Quarta-feira,10:24:00,18,6,ENE,70,84,Sol com muitas nuvens,1016,2r,18,sol-com-muitas-nuvens
6249,2923,False,7,BR,Brasil,PR,Tibagi,S,False,-24.509,-50.414,False,True,cities,6249,Tibagi,09/09/2026,Quarta-feira,11:09:00,17,5,ENE,76,72,Nublado,1019,3,16,nublado
6250,4329,False,7,BR,Brasil,PR,Tijucas do Sul,S,False,-25.928,-49.199,False,False,cities,6250,Tijucas do Sul,09/09/2026,Quarta-feira,11:09:00,13,2,ENE,77,67,Nublado,1019,3,12,nublado
6251,1336,False,7,BR,Brasil,PR,Toledo,S,False,-24.714,-53.743,False,False,cities,6251,Toledo,09/09/2026,Quarta-feira,11:09:00,18,9,ENE,66,74,Sol com muitas nuvens,1016,2r,17,sol-com-muitas-nuvens
6252,2654,False,7,BR,Brasil,PR,Tomazina,S,False,-23.778,-49.95,False,False,cities,6252,Tomazina,09/09/2026,Quarta-feira,11:09:00,17,6,E,83,77,Chuvoso,1018,5,17,chuvoso
6253,4330,False,7,BR,Brasil,PR,Três Barras do Paraná,S,False,-25.419,-53.181,False,False,cities,6253,Três Barras do Paraná,09/09/2026,Quarta-feira,10:24:00,16,6,ENE,61,71,Nublado,1017,3,15,nublado
6254,4331,False,7,BR,Brasil,PR,Tunas do Paraná,S,False,-24.974,-49.086,False,False,cities,6254,Tunas do Paraná,09/09/2026,Quarta-feira,11:09:00,12,4,E,82,67,Nublado,1019,3,11,nublado
6255,3159,False,7,BR,Brasil,PR,Tuneiras do Oeste,S,False,-23.871,-52.876,False,False,cities,6255,Tuneiras do Oeste,09/09/2026,Quarta-feira,10:24:00,18,11,ENE,72,77,Nublado,1017,3,17,nublado
6256,2924,False,7,BR,Brasil,PR,Tupãssi,S,False,-24.588,-53.512,False,False,cities,6256,Tupãssi,09/09/2026,Quarta-feira,11:09:00,18,10,ENE,66,75,Nublado,1017,3,17,nublado
6257,4332,False,7,BR,Brasil,PR,Turvo,S,False,-25.043,-51.53,False,True,cities,6257,Turvo,09/09/2026,Quarta-feira,10:24:00,14,4,ENE,62,65,Nublado,1019,3,13,nublado
6258,2925,False,7,BR,Brasil,PR,Ubiratã,S,False,-24.545,-52.988,False,False,cities,6258,Ubiratã,09/09/2026,Quarta-feira,10:24:00,18,9,ENE,67,79,Nublado,1017,3,18,nublado
6259,281,False,7,BR,Brasil,PR,Umuarama,S,False,-23.766,-53.325,False,False,cities,6259,Umuarama,09/09/2026,Quarta-feira,11:09:00,18,10,ENE,72,80,Nublado,1016,3,17,nublado
6261,3514,False,7,BR,Brasil,PR,Uniflor,S,False,-23.087,-52.157,False,False,cities,6261,Uniflor,09/09/2026,Quarta-feira,10:24:00,18,12,E,79,81,Sol com muitas nuvens,1017,2r,18,sol-com-muitas-nuvens
6260,1337,False,7,BR,Brasil,PR,União da Vitória,S,False,-26.23,-51.086,False,False,cities,6260,União da Vitória,09/09/2026,Quarta-feira,11:09:00,14,2,ENE,64,71,Nublado,1019,3,14,nublado
6262,1338,False,7,BR,Brasil,PR,Uraí,S,False,-23.198,-50.796,False,False,cities,6262,Uraí,09/09/2026,Quarta-feira,10:24:00,17,7,E,83,80,Chuvoso,1018,5,17,chuvoso
6263,2655,False,7,BR,Brasil,PR,Ventania,S,False,-24.246,-50.243,False,False,cities,6263,Ventania,09/09/2026,Quarta-feira,11:09:00,15,8,E,80,68,Nublado,1018,3,14,nublado
6264,2926,False,7,BR,Brasil,PR,Vera Cruz do Oeste,S,False,-25.058,-53.877,False,False,cities,6264,Vera Cruz do Oeste,09/09/2026,Quarta-feira,10:24:00,17,9,ENE,64,73,Nublado,1016,3,16,nublado
6265,2927,False,7,BR,Brasil,PR,Verê,S,False,-25.881,-52.908,False,True,cities,6265,Verê,09/09/2026,Quarta-feira,11:09:00,16,2,ENE,59,71,Nublado,1017,3,16,nublado
6266,3489,False,7,BR,Brasil,PR,Vila Alta,S,False,-23.508,-53.728,False,False,cities,6266,Vila Alta,09/09/2026,Quarta-feira,11:09:00,18,9,ENE,74,85,Sol com muitas nuvens,1016,2r,18,sol-com-muitas-nuvens
6268,4333,False,7,BR,Brasil,PR,Virmond,S,False,-25.381,-52.199,False,False,cities,6268,Virmond,09/09/2026,Quarta-feira,11:09:00,16,3,ENE,61,71,Nublado,1014,3,15,nublado
6269,2928,False,7,BR,Brasil,PR,Vitorino,S,False,-26.277,-52.784,False,True,cities,6269,Vitorino,09/09/2026,Quarta-feira,11:09:00,15,3,ENE,58,65,Nublado,1017,3,14,nublado
6270,6792,False,7,BR,Brasil,PR,Warta,S,False,-23.196,-51.2,False,False,cities,6270,Warta,09/09/2026,Quarta-feira,11:09:00,17,8,E,81,78,Chuvoso,1018,5,17,chuvoso
6271,2617,False,7,BR,Brasil,PR,Wenceslau Bráz,S,False,-23.874,-49.803,False,False,cities,6271,Wenceslau Bráz,09/09/2026,Quarta-feira,10:24:00,17,6,E,83,76,Chuvoso,1018,5,17,chuvoso
6272,4334,False,7,BR,Brasil,PR,Xambrê,S,False,-23.736,-53.49,False,False,cities,6272,Xambrê,09/09/2026,Quarta-feira,10:24:00,18,10,ENE,72,83,Sol com muitas nuvens,1016,2r,18,sol-com-muitas-nuvens
6961,6908,False,7,BR,Brasil,PR,Água Boa,S,False,-23.501,-52.151,False,False,cities,6961,Água Boa,09/09/2026,Quarta-feira,11:09:00,19,14,ENE,76,82,Sol com muitas nuvens,1017,2r,18,sol-com-muitas-nuvens
3163,2929,False,7,BR,Brasil,PR,Ângulo,S,False,-23.1946,-51.9153,False,False,cities,3163,Ângulo,09/09/2026,Quarta-feira,10:24:00,19,13,ENE,79,81,Sol com muitas nuvens,1017,2r,18,sol-com-muitas-nuvens
6273,3160,False,7,BR,Brasil,RJ,Abarracamento,SE,False,-22.203,-43.511,False,False,cities,6273,Abarracamento,09/09/2026,Quarta-feira,10:24:00,18,5,ENE,73,80,Sol com muitas nuvens,1020,2r,19,sol-com-muitas-nuvens
6274,3161,False,7,BR,Brasil,RJ,Abraão,SE,False,-23.14,-44.169,False,False,cities,6274,Abraão,09/09/2026,Quarta-feira,10:24:00,0,4,ENE,77,0,Nublado,0,3,0,nublado
6275,3162,False,7,BR,Brasil,RJ,Afonso Arinos,SE,False,-22.011,-43.336,False,False,cities,6275,Afonso Arinos,09/09/2026,Quarta-feira,10:24:00,19,5,ENE,73,80,Sol com muitas nuvens,1020,2r,20,sol-com-muitas-nuvens
6276,3163,False,7,BR,Brasil,RJ,Agulhas Negras,SE,False,-22.457,-44.435,False,False,cities,6276,Agulhas Negras,09/09/2026,Quarta-feira,11:09:00,18,7,NNE,26,80,Sol com muitas nuvens,1019,2r,19,sol-com-muitas-nuvens
6277,6909,False,7,BR,Brasil,RJ,Alberto Torres,SE,False,-22.183,-43.167,False,False,cities,6277,Alberto Torres,09/09/2026,Quarta-feira,10:24:00,20,4,ENE,72,85,Sol com muitas nuvens,1020,2r,21,sol-com-muitas-nuvens
6278,3164,False,7,BR,Brasil,RJ,Amparo,SE,False,-22.259,-42.459,False,False,cities,6278,Amparo,09/09/2026,Quarta-feira,11:09:00,17,5,ENE,71,64,Nublado,1021,3,16,nublado
6279,3165,False,7,BR,Brasil,RJ,Andrade Pinto,SE,False,-22.242,-43.423,False,False,cities,6279,Andrade Pinto,09/09/2026,Quarta-feira,11:09:00,18,5,ENE,73,80,Sol com muitas nuvens,1020,2r,19,sol-com-muitas-nuvens
6280,769,False,7,BR,Brasil,RJ,Angra dos Reis,SE,True,-23.007,-44.318,True,False,cities,6280,Angra dos Reis,09/09/2026,Quarta-feira,10:24:00,20,3,ESE,105,90,Nublado,1019,3,22,nublado
6281,3166,False,7,BR,Brasil,RJ,Anta,SE,False,-22.037,-42.99,False,False,cities,6281,Anta,09/09/2026,Quarta-feira,10:24:00,20,3,ENE,72,83,Sol com muitas nuvens,1021,2r,22,sol-com-muitas-nuvens
6282,2667,False,7,BR,Brasil,RJ,Aperibé,SE,False,-21.621,-42.103,False,False,cities,6282,Aperibé,09/09/2026,Quarta-feira,10:24:00,20,4,ENE,74,88,Nublado,1020,3,22,nublado
6283,285,False,7,BR,Brasil,RJ,Araruama,SE,True,-22.87,-42.343,False,False,cities,6283,Araruama,09/09/2026,Quarta-feira,10:24:00,20,12,ENE,69,91,Sol com muitas nuvens,1020,2r,21,sol-com-muitas-nuvens
6286,3167,False,7,BR,Brasil,RJ,Areal,SE,False,-22.231,-43.106,False,False,cities,6286,Areal,09/09/2026,Quarta-feira,10:24:00,17,3,ENE,72,68,Sol com muitas nuvens,1020,2r,16,sol-com-muitas-nuvens
6288,770,False,7,BR,Brasil,RJ,Arraial do Cabo,SE,True,-22.97,-42.02,False,False,cities,6288,Arraial do Cabo,09/09/2026,Quarta-feira,11:09:00,21,21,ENE,68,92,Chuvoso,1020,5,21,chuvoso
6289,3168,False,7,BR,Brasil,RJ,Avelar,SE,False,-22.322,-43.405,False,False,cities,6289,Avelar,09/09/2026,Quarta-feira,10:24:00,16,5,ENE,73,71,Sol com muitas nuvens,1020,2r,16,sol-com-muitas-nuvens
6290,3169,False,7,BR,Brasil,RJ,Baltazar,SE,False,-21.572,-42.154,False,False,cities,6290,Baltazar,09/09/2026,Quarta-feira,11:09:00,20,3,ENE,73,87,Nublado,1020,3,22,nublado
6291,3170,False,7,BR,Brasil,RJ,Banquete,SE,False,-22.176,-42.472,False,False,cities,6291,Banquete,09/09/2026,Quarta-feira,10:24:00,17,4,ENE,71,65,Nublado,1021,3,16,nublado
6293,3171,False,7,BR,Brasil,RJ,Barra Alegre,SE,False,-22.236,-42.286,False,False,cities,6293,Barra Alegre,09/09/2026,Quarta-feira,10:24:00,16,6,ENE,71,64,Nublado,1020,3,14,nublado
6298,287,False,7,BR,Brasil,RJ,Barra Mansa,SE,False,-22.544,-44.171,False,False,cities,6298,Barra Mansa,09/09/2026,Quarta-feira,10:24:00,19,7,ENE,75,82,Sol com muitas nuvens,1020,2r,19,sol-com-muitas-nuvens
6299,3172,False,7,BR,Brasil,RJ,Barra Seca,SE,False,-21.473,-41.11,False,False,cities,6299,Barra Seca,09/09/2026,Quarta-feira,10:24:00,21,11,ENE,75,94,Nublado,1020,3,22,nublado
6294,3173,False,7,BR,Brasil,RJ,Barra de Macaé,SE,False,-22.289,-41.708,False,False,cities,6294,Barra de Macaé,09/09/2026,Quarta-feira,10:24:00,21,18,ENE,71,93,Nublado,1019,3,22,nublado
6295,5128,False,7,BR,Brasil,RJ,Barra de São João,SE,False,-22.589,-41.993,False,False,cities,6295,Barra de São João,09/09/2026,Quarta-feira,10:24:00,21,19,ENE,70,93,Chuvoso,1020,5,20,chuvoso
6297,288,False,7,BR,Brasil,RJ,Barra do Piraí,SE,False,-22.47,-43.826,False,False,cities,6297,Barra do Piraí,09/09/2026,Quarta-feira,10:24:00,21,8,ENE,74,90,Sol com muitas nuvens,1020,2r,23,sol-com-muitas-nuvens
6292,3174,False,7,BR,Brasil,RJ,Barão de Juparanã,SE,False,-22.347,-43.683,False,False,cities,6292,Barão de Juparanã,09/09/2026,Quarta-feira,11:09:00,20,8,ENE,68,86,Chuvoso,1020,5,21,chuvoso
6300,289,False,7,BR,Brasil,RJ,Belford Roxo,SE,False,-22.764,-43.399,False,False,cities,6300,Belford Roxo,09/09/2026,Quarta-feira,11:09:00,20,4,ENE,73,87,Sol com muitas nuvens,1018,2r,22,sol-com-muitas-nuvens
6303,3175,False,7,BR,Brasil,RJ,Bemposta,SE,False,-22.139,-43.096,False,False,cities,6303,Bemposta,09/09/2026,Quarta-feira,10:24:00,18,3,ENE,72,76,Sol com muitas nuvens,1021,2r,19,sol-com-muitas-nuvens
6304,3176,False,7,BR,Brasil,RJ,Boa Sorte,SE,False,-21.851,-42.261,False,False,cities,6304,Boa Sorte,09/09/2026,Quarta-feira,10:24:00,20,4,ENE,72,83,Nublado,1018,3,22,nublado
6305,3177,False,7,BR,Brasil,RJ,Boaventura,SE,False,-21.318,-41.624,False,False,cities,6305,Boaventura,09/09/2026,Quarta-feira,10:24:00,18,6,ENE,75,86,Nublado,1021,3,19,nublado
6306,290,False,7,BR,Brasil,RJ,Bom Jardim,SE,False,-22.152,-42.419,False,False,cities,6306,Bom Jardim,09/09/2026,Quarta-feira,10:24:00,17,4,ENE,71,65,Nublado,1021,3,16,nublado
6307,1785,False,7,BR,Brasil,RJ,Bom Jesus do Itabapoana,SE,False,-21.134,-41.68,False,False,cities,6307,Bom Jesus do Itabapoana,09/09/2026,Quarta-feira,10:24:00,19,3,ENE,76,87,Nublado,1021,3,21,nublado
6308,6957,False,7,BR,Brasil,RJ,Bom Jesus do Querendo,SE,False,-20.98,-41.85,False,False,cities,6308,Bom Jesus do Querendo,09/09/2026,Quarta-feira,10:24:00,19,2,ENE,77,78,Nublado,1021,3,20,nublado
6309,291,False,7,BR,Brasil,RJ,Búzios,SE,True,-22.76,-41.89,True,False,cities,6309,Búzios,09/09/2026,Quarta-feira,10:24:00,21,20,ENE,69,93,Chuvoso,1020,5,21,chuvoso
6314,292,False,7,BR,Brasil,RJ,Cabo Frio,SE,True,-22.87,-42.019,True,False,cities,6314,Cabo Frio,09/09/2026,Quarta-feira,10:24:00,21,20,NW,320,92,Chuvoso,1020,5,21,chuvoso
6310,5578,False,7,BR,Brasil,RJ,Cabo de São Tomé,SE,False,-22.017,-41.017,False,False,cities,6310,Cabo de São Tomé,09/09/2026,Quarta-feira,11:09:00,22,18,NE,50,93,Nublado,1020,3,22,nublado
6315,3178,False,7,BR,Brasil,RJ,Cabuçu,SE,False,-22.784904,-43.543375,False,False,cities,6315,Cabuçu,09/09/2026,Quarta-feira,11:09:00,21,5,ENE,73,90,Sol com muitas nuvens,1019,2r,24,sol-com-muitas-nuvens
6316,3179,False,7,BR,Brasil,RJ,Cachoeiras de Macacu,SE,False,-22.462,-42.653,False,False,cities,6316,Cachoeiras de Macacu,09/09/2026,Quarta-feira,10:24:00,21,4,ENE,70,85,Nublado,1021,3,23,nublado
6317,3180,False,7,BR,Brasil,RJ,Calheiros,SE,False,-21.013,-41.718,False,False,cities,6317,Calheiros,09/09/2026,Quarta-feira,10:24:00,18,3,ENE,77,78,Sol com muitas nuvens,1021,2r,19,sol-com-muitas-nuvens
6318,2051,False,7,BR,Brasil,RJ,Cambuci,SE,False,-21.575,-41.911,False,False,cities,6318,Cambuci,09/09/2026,Quarta-feira,10:24:00,20,5,ENE,74,91,Nublado,1020,3,23,nublado
6340,4952,False,7,BR,Brasil,RJ,Campo Grande,SE,False,-22.9,-43.5,False,False,cities,6340,Campo Grande,09/09/2026,Quarta-feira,10:24:00,20,4,ENE,73,86,Sol com muitas nuvens,1018,2r,22,sol-com-muitas-nuvens
6319,6910,False,7,BR,Brasil,RJ,Campo do Coelho,SE,False,-22.268,-42.611,False,False,cities,6319,Campo do Coelho,09/09/2026,Quarta-feira,10:24:00,16,4,ENE,71,60,Nublado,1022,3,15,nublado
6357,771,False,7,BR,Brasil,RJ,Campos Elíseos,SE,False,-22.708,-43.259,False,False,cities,6357,Campos Elíseos,09/09/2026,Quarta-feira,10:24:00,20,3,ESE,120,91,Sol com muitas nuvens,1019,2r,23,sol-com-muitas-nuvens
6356,4953,False,7,BR,Brasil,RJ,Campos dos Goytacazes,SE,True,-21.754,-41.324,False,False,cities,6356,Campos dos Goytacazes,09/09/2026,Quarta-feira,10:24:00,21,12,S,180,95,Nublado,1020,3,23,nublado
6358,294,False,7,BR,Brasil,RJ,Cantagalo,SE,False,-21.981,-42.368,False,False,cities,6358,Cantagalo,09/09/2026,Quarta-feira,11:09:00,18,4,ENE,71,73,Nublado,1020,3,19,nublado
6359,3181,False,7,BR,Brasil,RJ,Carabuçu,SE,False,-21.215,-41.589,False,False,cities,6359,Carabuçu,09/09/2026,Quarta-feira,11:09:00,18,4,ENE,76,84,Sol com muitas nuvens,1021,2r,19,sol-com-muitas-nuvens
6360,6280,False,7,BR,Brasil,RJ,Carapebus,SE,True,-22.187,-41.661,False,False,cities,6360,Carapebus,09/09/2026,Quarta-feira,11:09:00,21,15,ENE,71,91,Nublado,1019,3,22,nublado
6361,4993,False,7,BR,Brasil,RJ,Cardoso Moreira,SE,False,-21.488,-41.616,False,False,cities,6361,Cardoso Moreira,09/09/2026,Quarta-feira,11:09:00,20,7,ENE,74,93,Nublado,1020,3,22,nublado
6362,3182,False,7,BR,Brasil,RJ,Carmo,SE,False,-21.934,-42.609,False,False,cities,6362,Carmo,09/09/2026,Quarta-feira,10:24:00,20,2,ENE,72,81,Nublado,1022,3,21,nublado
6363,3183,False,7,BR,Brasil,RJ,Casimiro de Abreu,SE,True,-22.481,-42.204,False,False,cities,6363,Casimiro de Abreu,09/09/2026,Quarta-feira,11:09:00,20,11,ENE,70,91,Sol com muitas nuvens,1020,2r,21,sol-com-muitas-nuvens
6364,295,False,7,BR,Brasil,RJ,Coelho da Rocha,SE,False,-22.779,-43.387,False,False,cities,6364,Coelho da Rocha,09/09/2026,Quarta-feira,10:24:00,20,3,ENE,72,89,Sol com muitas nuvens,1018,2r,22,sol-com-muitas-nuvens
6365,3184,False,7,BR,Brasil,RJ,Colônia,SE,False,-21.677,-41.889,False,False,cities,6365,Colônia,09/09/2026,Quarta-feira,11:09:00,20,5,ENE,74,91,Nublado,1020,3,23,nublado
6366,3185,False,7,BR,Brasil,RJ,Comendador Levy Gasparian,SE,False,-22.029,-43.205,False,False,cities,6366,Comendador Levy Gasparian,09/09/2026,Quarta-feira,11:09:00,18,4,ENE,73,76,Sol com muitas nuvens,1021,2r,19,sol-com-muitas-nuvens
6367,6757,False,7,BR,Brasil,RJ,Conceição de Jacareí,SE,False,-23.031,-44.163,False,False,cities,6367,Conceição de Jacareí,09/09/2026,Quarta-feira,10:24:00,18,4,ENE,76,80,Nublado,1019,3,19,nublado
6368,3186,False,7,BR,Brasil,RJ,Conceição de Macabu,SE,False,-22.085,-41.868,False,False,cities,6368,Conceição de Macabu,09/09/2026,Quarta-feira,11:09:00,21,13,ENE,71,88,Nublado,1018,3,21,nublado
6369,4797,False,7,BR,Brasil,RJ,Conservatória,SE,False,-22.289,-43.927,False,False,cities,6369,Conservatória,09/09/2026,Quarta-feira,11:09:00,15,8,ENE,74,65,Chuvoso,1021,5,14,chuvoso
6370,296,False,7,BR,Brasil,RJ,Cordeiro,SE,False,-22.029,-42.361,False,False,cities,6370,Cordeiro,09/09/2026,Quarta-feira,10:24:00,18,4,ENE,71,73,Nublado,1020,3,19,nublado
6373,3187,False,7,BR,Brasil,RJ,Correntezas,SE,False,-22.473,-42.396,False,False,cities,6373,Correntezas,09/09/2026,Quarta-feira,10:24:00,20,6,ENE,70,83,Nublado,1021,3,21,nublado
6371,3188,False,7,BR,Brasil,RJ,Córrego da Prata,SE,False,-21.865,-42.484,False,False,cities,6371,Córrego da Prata,09/09/2026,Quarta-feira,11:09:00,19,3,ENE,72,77,Nublado,1021,3,20,nublado
6372,3189,False,7,BR,Brasil,RJ,Córrego do Ouro,SE,False,-22.259,-41.98,False,False,cities,6372,Córrego do Ouro,09/09/2026,Quarta-feira,11:09:00,21,13,ENE,71,90,Nublado,1019,3,22,nublado
6374,3190,False,7,BR,Brasil,RJ,Dorândia,SE,False,-22.45,-43.942,False,False,cities,6374,Dorândia,09/09/2026,Quarta-feira,10:24:00,19,8,ENE,75,83,Chuvoso,1021,5,20,chuvoso
6072,3191,False,7,BR,Brasil,RJ,Duas Barras,SE,False,-22.051,-42.522,False,False,cities,6072,Duas Barras,09/09/2026,Quarta-feira,11:09:00,18,3,ENE,71,72,Nublado,1022,3,19,nublado
6073,297,False,7,BR,Brasil,RJ,Duque de Caxias,SE,False,-22.786,-43.312,False,False,cities,6073,Duque de Caxias,09/09/2026,Quarta-feira,10:24:00,20,3,ENE,72,89,Sol com muitas nuvens,1018,2r,22,sol-com-muitas-nuvens
6074,3193,False,7,BR,Brasil,RJ,Engenheiro Passos,SE,False,-22.502,-44.675,False,False,cities,6074,Engenheiro Passos,09/09/2026,Quarta-feira,10:24:00,19,8,ENE,77,78,Nublado,1019,3,19,nublado
6075,3192,False,7,BR,Brasil,RJ,Engenheiro Paulo de Frontin,SE,False,-22.55,-43.678,False,False,cities,6075,Engenheiro Paulo de Frontin,09/09/2026,Quarta-feira,10:24:00,17,7,ENE,74,71,Sol com muitas nuvens,1020,2r,16,sol-com-muitas-nuvens
6076,3194,False,7,BR,Brasil,RJ,Estrada Nova,SE,False,-21.811,-42.138,False,False,cities,6076,Estrada Nova,09/09/2026,Quarta-feira,10:24:00,20,3,ENE,73,84,Nublado,1019,3,22,nublado
6077,3195,False,7,BR,Brasil,RJ,Falcão,SE,False,-22.29,-44.256,False,False,cities,6077,Falcão,09/09/2026,Quarta-feira,11:09:00,17,8,ENE,75,72,Chuvoso,1021,5,16,chuvoso
6078,3196,False,7,BR,Brasil,RJ,Floriano,SE,False,-22.452,-44.301,False,False,cities,6078,Floriano,09/09/2026,Quarta-feira,10:24:00,17,7,ENE,76,75,Sol com muitas nuvens,1020,2r,17,sol-com-muitas-nuvens
6079,3197,False,7,BR,Brasil,RJ,Fumaça,SE,False,-22.296,-44.311,False,False,cities,6079,Fumaça,09/09/2026,Quarta-feira,10:24:00,15,8,ENE,76,64,Sol com muitas nuvens,1020,2r,13,sol-com-muitas-nuvens
6080,3198,False,7,BR,Brasil,RJ,Funil,SE,False,-21.624,-42.076,False,False,cities,6080,Funil,09/09/2026,Quarta-feira,10:24:00,20,4,ENE,74,88,Nublado,1020,3,22,nublado
6081,6800,False,7,BR,Brasil,RJ,Galdino,SE,False,-22.25,-42.517,False,False,cities,6081,Galdino,09/09/2026,Quarta-feira,11:09:00,16,4,ENE,71,60,Nublado,1022,3,15,nublado
6082,3199,False,7,BR,Brasil,RJ,Gaviões,SE,False,-22.566,-42.529,False,False,cities,6082,Gaviões,09/09/2026,Quarta-feira,11:09:00,19,5,ENE,70,83,Nublado,1021,3,20,nublado
6083,3200,False,7,BR,Brasil,RJ,Getulândia,SE,False,-22.657,-44.095,False,False,cities,6083,Getulândia,09/09/2026,Quarta-feira,11:09:00,18,7,E,98,76,Nublado,1021,3,18,nublado
6084,3201,False,7,BR,Brasil,RJ,Glicério,SE,False,-22.238,-42.056,False,False,cities,6084,Glicério,09/09/2026,Quarta-feira,10:24:00,18,11,ENE,71,76,Nublado,1019,3,17,nublado
6085,3202,False,7,BR,Brasil,RJ,Governador Portela,SE,False,-22.478,-43.499,False,False,cities,6085,Governador Portela,09/09/2026,Quarta-feira,11:09:00,16,5,ENE,73,68,Sol com muitas nuvens,1019,2r,15,sol-com-muitas-nuvens
6086,1781,False,7,BR,Brasil,RJ,Guapimirim,SE,False,-22.537,-42.982,False,False,cities,6086,Guapimirim,09/09/2026,Quarta-feira,11:09:00,20,3,ENE,71,84,Sol com muitas nuvens,1020,2r,22,sol-com-muitas-nuvens
6087,298,False,7,BR,Brasil,RJ,Guarus,SE,False,-21.717,-41.317,False,False,cities,6087,Guarus,09/09/2026,Quarta-feira,10:24:00,21,12,S,180,95,Nublado,1020,3,23,nublado
6088,6764,False,7,BR,Brasil,RJ,Guaxindiba,SE,False,-22.767,-42.95,False,False,cities,6088,Guaxindiba,09/09/2026,Quarta-feira,10:24:00,20,3,ENE,71,88,Sol com muitas nuvens,1019,2r,22,sol-com-muitas-nuvens
6089,3203,False,7,BR,Brasil,RJ,Guia de Pacobaíba,SE,False,-22.7,-43.142,False,False,cities,6089,Guia de Pacobaíba,09/09/2026,Quarta-feira,11:09:00,20,3,ESE,120,91,Sol com muitas nuvens,1019,2r,23,sol-com-muitas-nuvens
6090,3204,False,7,BR,Brasil,RJ,Ibitiguaçu,SE,False,-21.503,-42.08,False,False,cities,6090,Ibitiguaçu,09/09/2026,Quarta-feira,10:24:00,19,3,ENE,74,83,Nublado,1020,3,20,nublado
6091,3205,False,7,BR,Brasil,RJ,Ibitioca,SE,False,-21.82,-41.464,False,False,cities,6091,Ibitioca,09/09/2026,Quarta-feira,11:09:00,21,13,ENE,73,92,Nublado,1020,3,22,nublado
6092,3319,False,7,BR,Brasil,RJ,Ibituporanga,SE,False,-22.753,-43.788,False,False,cities,6092,Ibituporanga,09/09/2026,Quarta-feira,11:09:00,20,7,ENE,74,81,Nublado,1019,3,21,nublado
6093,3206,False,7,BR,Brasil,RJ,Iguaba Grande,SE,True,-22.839,-42.229,False,False,cities,6093,Iguaba Grande,09/09/2026,Quarta-feira,10:24:00,21,16,ENE,69,92,Chuvoso,1020,5,21,chuvoso
6094,2027,False,7,BR,Brasil,RJ,Ilha Grande,SE,False,-23.2,-44.217,False,False,cities,6094,Ilha Grande,09/09/2026,Quarta-feira,10:24:00,0,4,ENE,77,0,Chuvoso,0,5,0,chuvoso
6095,772,False,7,BR,Brasil,RJ,Imbariê,SE,False,-22.641,-43.219,False,False,cities,6095,Imbariê,09/09/2026,Quarta-feira,10:24:00,20,3,ENE,72,89,Sol com muitas nuvens,1018,2r,22,sol-com-muitas-nuvens
6096,3207,False,7,BR,Brasil,RJ,Inconfidência,SE,False,-22.251,-43.19,False,False,cities,6096,Inconfidência,09/09/2026,Quarta-feira,10:24:00,17,4,ENE,72,72,Sol com muitas nuvens,1020,2r,17,sol-com-muitas-nuvens
6097,773,False,7,BR,Brasil,RJ,Inhomirim,SE,False,-22.57,-43.185,False,False,cities,6097,Inhomirim,09/09/2026,Quarta-feira,10:24:00,20,3,ENE,72,89,Sol com muitas nuvens,1018,2r,22,sol-com-muitas-nuvens
6098,3208,False,7,BR,Brasil,RJ,Inoã,SE,False,-22.931,-42.922,False,False,cities,6098,Inoã,09/09/2026,Quarta-feira,10:24:00,20,4,ENE,71,86,Sol com muitas nuvens,1019,2r,21,sol-com-muitas-nuvens
6099,3209,False,7,BR,Brasil,RJ,Ipiabas,SE,False,-22.3834,-43.8836,False,False,cities,6099,Ipiabas,09/09/2026,Quarta-feira,10:24:00,16,8,ENE,74,68,Chuvoso,1021,5,14,chuvoso
6101,4877,False,7,BR,Brasil,RJ,Ipituna,SE,False,-21.785,-42.012,False,False,cities,6101,Ipituna,09/09/2026,Quarta-feira,11:09:00,20,5,ENE,73,89,Nublado,1019,3,22,nublado
6100,299,False,7,BR,Brasil,RJ,Ipiíba,SE,False,-22.861,-42.942,False,False,cities,6100,Ipiíba,09/09/2026,Quarta-feira,11:09:00,20,4,ENE,71,86,Sol com muitas nuvens,1019,2r,21,sol-com-muitas-nuvens
6102,3210,False,7,BR,Brasil,RJ,Ipuca,SE,False,-21.642,-41.736,False,False,cities,6102,Ipuca,09/09/2026,Quarta-feira,10:24:00,20,7,ENE,74,91,Nublado,1020,3,21,nublado
6103,300,False,7,BR,Brasil,RJ,Itaboraí,SE,True,-22.744,-42.859,False,False,cities,6103,Itaboraí,09/09/2026,Quarta-feira,10:24:00,20,4,ENE,71,88,Sol com muitas nuvens,1020,2r,22,sol-com-muitas-nuvens
6104,3211,False,7,BR,Brasil,RJ,Itacuruçá,SE,False,-22.928,-43.908,False,False,cities,6104,Itacuruçá,09/09/2026,Quarta-feira,11:09:00,16,7,ENE,75,64,Nublado,1019,3,14,nublado
6105,301,False,7,BR,Brasil,RJ,Itaguaí,SE,True,-22.852,-43.775,False,False,cities,6105,Itaguaí,09/09/2026,Quarta-feira,10:24:00,21,7,ENE,74,86,Nublado,1019,3,23,nublado
6106,774,False,7,BR,Brasil,RJ,Itaipava,SE,False,-22.366,-43.124,False,False,cities,6106,Itaipava,09/09/2026,Quarta-feira,10:24:00,16,3,ENE,72,63,Sol com muitas nuvens,1020,2r,15,sol-com-muitas-nuvens
6108,3212,False,7,BR,Brasil,RJ,Itaipu,SE,False,-22.91,-43.042,False,False,cities,6108,Itaipu,09/09/2026,Quarta-feira,10:24:00,20,3,ENE,71,89,Sol com muitas nuvens,1019,2r,22,sol-com-muitas-nuvens
6107,5683,False,7,BR,Brasil,RJ,Itaipuaçu,SE,True,-22.95,-42.817,False,False,cities,6107,Itaipuaçu,09/09/2026,Quarta-feira,10:24:00,20,5,ENE,70,91,Sol com muitas nuvens,1019,2r,22,sol-com-muitas-nuvens
6109,3213,False,7,BR,Brasil,RJ,Itajara,SE,False,-21.314,-42.024,False,False,cities,6109,Itajara,09/09/2026,Quarta-feira,10:24:00,18,3,ENE,75,81,Nublado,1021,3,20,nublado
6110,3214,False,7,BR,Brasil,RJ,Italva,SE,False,-21.421,-41.691,False,False,cities,6110,Italva,09/09/2026,Quarta-feira,11:09:00,19,5,ENE,75,92,Nublado,1021,3,21,nublado
6111,3215,False,7,BR,Brasil,RJ,Itambi,SE,False,-22.735,-42.955,False,False,cities,6111,Itambi,09/09/2026,Quarta-feira,10:24:00,20,3,ENE,71,88,Sol com muitas nuvens,1019,2r,22,sol-com-muitas-nuvens
6112,2668,False,7,BR,Brasil,RJ,Itaocara,SE,False,-21.669,-42.076,False,False,cities,6112,Itaocara,09/09/2026,Quarta-feira,10:24:00,20,4,ENE,74,88,Nublado,1020,3,22,nublado
6113,302,False,7,BR,Brasil,RJ,Itaperuna,SE,False,-21.205,-41.888,False,False,cities,6113,Itaperuna,09/09/2026,Quarta-feira,10:24:00,19,3,ENE,75,87,Nublado,1021,3,21,nublado
6114,303,False,7,BR,Brasil,RJ,Itatiaia,SE,False,-22.496,-44.563,True,False,cities,6114,Itatiaia,09/09/2026,Quarta-feira,11:09:00,18,7,ENE,77,79,Nublado,1019,3,18,nublado
6115,3216,False,7,BR,Brasil,RJ,Jaguarembé,SE,False,-21.702,-42.009,False,False,cities,6115,Jaguarembé,09/09/2026,Quarta-feira,11:09:00,20,5,ENE,73,89,Nublado,1019,3,22,nublado
6116,1782,False,7,BR,Brasil,RJ,Japeri,SE,False,-22.643,-43.653,False,False,cities,6116,Japeri,09/09/2026,Quarta-feira,10:24:00,21,7,ENE,74,88,Sol com muitas nuvens,1019,2r,23,sol-com-muitas-nuvens
6117,3217,False,7,BR,Brasil,RJ,Japuíba,SE,False,-22.557,-42.689,False,False,cities,6117,Japuíba,09/09/2026,Quarta-feira,11:09:00,21,4,ENE,70,85,Sol com muitas nuvens,1021,2r,23,sol-com-muitas-nuvens
6118,3218,False,7,BR,Brasil,RJ,Laje do Muriaé,SE,False,-21.206,-42.123,False,False,cities,6118,Laje do Muriaé,09/09/2026,Quarta-feira,10:24:00,20,2,ENE,75,86,Nublado,1021,3,22,nublado
6119,3219,False,7,BR,Brasil,RJ,Laranjais,SE,False,-21.759,-42.17,False,False,cities,6119,Laranjais,09/09/2026,Quarta-feira,11:09:00,20,3,ENE,73,84,Nublado,1019,3,22,nublado
6121,3220,False,7,BR,Brasil,RJ,Lumiar,SE,False,-22.333,-42.326,False,False,cities,6121,Lumiar,09/09/2026,Quarta-feira,10:24:00,15,8,ENE,71,63,Nublado,1020,3,14,nublado
6120,3221,False,7,BR,Brasil,RJ,Lídice,SE,False,-22.833,-44.192,False,False,cities,6120,Lídice,09/09/2026,Quarta-feira,10:24:00,15,5,ENE,76,65,Nublado,1019,3,14,nublado
6122,3222,False,7,BR,Brasil,RJ,Macabuzinho,SE,False,-22.086,-41.737,False,False,cities,6122,Macabuzinho,09/09/2026,Quarta-feira,10:24:00,21,15,ENE,71,91,Nublado,1019,3,22,nublado
6123,304,False,7,BR,Brasil,RJ,Macaé,SE,True,-22.371,-41.787,False,False,cities,6123,Macaé,09/09/2026,Quarta-feira,10:24:00,21,18,ENE,70,92,Nublado,1020,3,21,nublado
6124,305,False,7,BR,Brasil,RJ,Macuco,SE,False,-21.984,-42.253,False,False,cities,6124,Macuco,09/09/2026,Quarta-feira,11:09:00,20,5,ENE,72,83,Nublado,1019,3,22,nublado
6125,306,False,7,BR,Brasil,RJ,Magé,SE,False,-22.653,-43.041,False,False,cities,6125,Magé,09/09/2026,Quarta-feira,10:24:00,20,3,ENE,71,89,Sol com muitas nuvens,1019,2r,23,sol-com-muitas-nuvens
6126,3223,False,7,BR,Brasil,RJ,Mambucaba,SE,False,-23.025,-44.517,False,False,cities,6126,Mambucaba,09/09/2026,Quarta-feira,11:09:00,18,3,ENE,78,84,Chuva e trovoadas,1018,6,20,chuva-e-trovoadas
6127,307,False,7,BR,Brasil,RJ,Mangaratiba,SE,True,-22.92,-43.94,False,False,cities,6127,Mangaratiba,09/09/2026,Quarta-feira,11:09:00,16,7,ENE,75,64,Nublado,1019,3,14,nublado
6128,3224,False,7,BR,Brasil,RJ,Maniva,SE,False,-21.409,-41.141,False,False,cities,6128,Maniva,09/09/2026,Quarta-feira,11:09:00,20,8,ENE,75,91,Nublado,1020,3,22,nublado
6129,3225,False,7,BR,Brasil,RJ,Manoel Ribeiro,SE,False,-22.904,-42.736,False,False,cities,6129,Manoel Ribeiro,09/09/2026,Quarta-feira,11:09:00,18,6,ENE,70,78,Sol com muitas nuvens,1019,2r,18,sol-com-muitas-nuvens
6130,3226,False,7,BR,Brasil,RJ,Manuel Duarte,SE,False,-22.085,-43.559,False,False,cities,6130,Manuel Duarte,09/09/2026,Quarta-feira,11:09:00,17,7,ENE,73,73,Sol com muitas nuvens,1021,2r,16,sol-com-muitas-nuvens
6131,308,False,7,BR,Brasil,RJ,Marambaia,SE,True,-23.02,-43.6,False,False,cities,6131,Marambaia,09/09/2026,Quarta-feira,10:24:00,20,5,NW,305,87,Nublado,1018,3,22,nublado
6132,3227,False,7,BR,Brasil,RJ,Marangatu,SE,False,-21.587,-42.223,False,False,cities,6132,Marangatu,09/09/2026,Quarta-feira,10:24:00,20,3,ENE,73,87,Nublado,1020,3,22,nublado
6133,309,False,7,BR,Brasil,RJ,Maricá,SE,True,-22.919,-42.819,False,False,cities,6133,Maricá,09/09/2026,Quarta-feira,10:24:00,19,5,ENE,70,86,Sol com muitas nuvens,1019,2r,21,sol-com-muitas-nuvens
6134,3228,False,7,BR,Brasil,RJ,Mendes,SE,False,-22.527,-43.733,False,False,cities,6134,Mendes,09/09/2026,Quarta-feira,11:09:00,17,7,ENE,74,71,Sol com muitas nuvens,1020,2r,16,sol-com-muitas-nuvens
6135,310,False,7,BR,Brasil,RJ,Mesquita,SE,False,-22.782,-43.429,False,False,cities,6135,Mesquita,09/09/2026,Quarta-feira,10:24:00,20,4,ENE,73,87,Sol com muitas nuvens,1018,2r,22,sol-com-muitas-nuvens
6136,3229,False,7,BR,Brasil,RJ,Miguel Pereira,SE,False,-22.454,-43.469,False,False,cities,6136,Miguel Pereira,09/09/2026,Quarta-feira,10:24:00,16,5,ENE,73,68,Sol com muitas nuvens,1019,2r,15,sol-com-muitas-nuvens
6137,2052,False,7,BR,Brasil,RJ,Miracema,SE,False,-21.412,-42.197,False,False,cities,6137,Miracema,09/09/2026,Quarta-feira,10:24:00,19,2,ENE,75,84,Nublado,1020,3,21,nublado
6138,3230,False,7,BR,Brasil,RJ,Monnerat,SE,False,-22.077,-42.407,False,False,cities,6138,Monnerat,09/09/2026,Quarta-feira,10:24:00,17,4,ENE,71,65,Nublado,1021,3,16,nublado
6139,3231,False,7,BR,Brasil,RJ,Monte Alegre,SE,False,-21.468,-42.037,False,False,cities,6139,Monte Alegre,09/09/2026,Quarta-feira,10:24:00,19,3,ENE,74,83,Nublado,1020,3,20,nublado
6140,3232,False,7,BR,Brasil,RJ,Monte Verde,SE,False,-21.47,-41.912,False,False,cities,6140,Monte Verde,09/09/2026,Quarta-feira,11:09:00,17,4,ENE,74,77,Nublado,1020,3,17,nublado
6141,3233,False,7,BR,Brasil,RJ,Monumento,SE,False,-22.717,-43.849,False,False,cities,6141,Monumento,09/09/2026,Quarta-feira,10:24:00,20,7,ENE,74,81,Nublado,1019,3,21,nublado
6142,3234,False,7,BR,Brasil,RJ,Morangaba,SE,False,-21.726,-41.603,False,False,cities,6142,Morangaba,09/09/2026,Quarta-feira,11:09:00,20,10,ENE,73,92,Nublado,1020,3,21,nublado
6144,3235,False,7,BR,Brasil,RJ,Morro Grande,SE,False,-22.785,-42.366,False,False,cities,6144,Morro Grande,09/09/2026,Quarta-feira,10:24:00,19,11,ENE,70,89,Sol com muitas nuvens,1020,2r,20,sol-com-muitas-nuvens
6143,3236,False,7,BR,Brasil,RJ,Morro do Coco,SE,False,-21.375,-41.347,False,False,cities,6143,Morro do Coco,09/09/2026,Quarta-feira,10:24:00,20,7,ENE,75,90,Nublado,1020,3,21,nublado
6146,3237,False,7,BR,Brasil,RJ,Mussurepe,SE,False,-21.931,-41.142,False,False,cities,6146,Mussurepe,09/09/2026,Quarta-feira,11:09:00,21,15,ENE,73,93,Nublado,1020,3,22,nublado
6147,3241,False,7,BR,Brasil,RJ,Natividade,SE,False,-21.042,-41.973,False,True,cities,6147,Natividade,09/09/2026,Quarta-feira,10:24:00,20,2,ENE,77,83,Nublado,1021,3,21,nublado
9138,311,False,7,BR,Brasil,RJ,Neves,SE,False,-22.854,-43.063,False,False,cities,9138,Neves,09/09/2026,Quarta-feira,10:24:00,20,3,ENE,71,89,Sol com muitas nuvens,1019,2r,22,sol-com-muitas-nuvens
6148,312,False,7,BR,Brasil,RJ,Nilópolis,SE,False,-22.808,-43.414,False,False,cities,6148,Nilópolis,09/09/2026,Quarta-feira,10:24:00,20,4,ENE,73,87,Sol com muitas nuvens,1018,2r,22,sol-com-muitas-nuvens
6149,313,False,7,BR,Brasil,RJ,Niterói,SE,True,-22.883,-43.104,False,False,cities,6149,Niterói,09/09/2026,Quarta-feira,11:09:00,20,3,ENE,71,89,Sol com muitas nuvens,1019,2r,22,sol-com-muitas-nuvens
6150,3238,False,7,BR,Brasil,RJ,Nossa Senhora da Aparecida,SE,False,-22.032,-42.79,False,False,cities,6150,Nossa Senhora da Aparecida,09/09/2026,Quarta-feira,11:09:00,18,2,ENE,72,71,Nublado,1022,3,19,nublado
6151,3239,False,7,BR,Brasil,RJ,Nossa Senhora da Penha,SE,False,-21.297,-41.755,False,False,cities,6151,Nossa Senhora da Penha,09/09/2026,Quarta-feira,10:24:00,19,4,ENE,76,87,Nublado,1021,3,20,nublado
6152,3240,False,7,BR,Brasil,RJ,Nossa Senhora do Amparo,SE,False,-22.385,-44.113,False,False,cities,6152,Nossa Senhora do Amparo,09/09/2026,Quarta-feira,10:24:00,17,8,ENE,75,74,Chuvoso,1021,5,16,chuvoso
6153,314,False,7,BR,Brasil,RJ,Nova Friburgo,SE,False,-22.282,-42.531,True,False,cities,6153,Nova Friburgo,09/09/2026,Quarta-feira,11:09:00,16,4,ENE,71,60,Nublado,1022,3,15,nublado
6154,315,False,7,BR,Brasil,RJ,Nova Iguaçu,SE,False,-22.759,-43.451,False,False,cities,6154,Nova Iguaçu,09/09/2026,Quarta-feira,10:24:00,20,4,ENE,73,87,Sol com muitas nuvens,1018,2r,22,sol-com-muitas-nuvens
6155,3242,False,7,BR,Brasil,RJ,Ourânia,SE,False,-21.033,-41.892,False,False,cities,6155,Ourânia,09/09/2026,Quarta-feira,10:24:00,20,2,ENE,77,83,Nublado,1021,3,21,nublado
6156,5684,False,7,BR,Brasil,RJ,Papucaia,SE,False,-22.483,-42.633,False,False,cities,6156,Papucaia,09/09/2026,Quarta-feira,11:09:00,18,5,ENE,70,71,Sol com muitas nuvens,1021,2r,18,sol-com-muitas-nuvens
6157,1783,False,7,BR,Brasil,RJ,Paracambi,SE,False,-22.611,-43.709,False,False,cities,6157,Paracambi,09/09/2026,Quarta-feira,10:24:00,21,7,ENE,74,88,Sol com muitas nuvens,1019,2r,23,sol-com-muitas-nuvens
6160,3243,False,7,BR,Brasil,RJ,Parati Mirim,SE,False,-23.241,-44.634,False,False,cities,6160,Parati Mirim,09/09/2026,Quarta-feira,10:24:00,19,2,ENE,78,89,Chuva e trovoadas,1018,6,21,chuva-e-trovoadas
6161,775,False,7,BR,Brasil,RJ,Paraty,SE,True,-23.218,-44.713,True,False,cities,6161,Paraty,09/09/2026,Quarta-feira,11:09:00,19,2,NNE,12,90,Chuva e trovoadas,1018,6,21,chuva-e-trovoadas
6158,3244,False,7,BR,Brasil,RJ,Paraíba do Sul,SE,False,-22.162,-43.293,False,True,cities,6158,Paraíba do Sul,09/09/2026,Quarta-feira,10:24:00,18,5,ENE,73,76,Sol com muitas nuvens,1020,2r,18,sol-com-muitas-nuvens
6159,3245,False,7,BR,Brasil,RJ,Paraíso do Tobias,SE,False,-21.431,-42.101,False,False,cities,6159,Paraíso do Tobias,09/09/2026,Quarta-feira,11:09:00,18,3,ENE,75,81,Nublado,1021,3,20,nublado
6162,3246,False,7,BR,Brasil,RJ,Passa Três,SE,False,-22.694,-44.005,False,False,cities,6162,Passa Três,09/09/2026,Quarta-feira,11:09:00,21,7,ENE,75,89,Nublado,1020,3,23,nublado
6163,4101,False,7,BR,Brasil,RJ,Paty do Alferes,SE,False,-22.429,-43.419,False,False,cities,6163,Paty do Alferes,09/09/2026,Quarta-feira,11:09:00,16,5,ENE,73,71,Sol com muitas nuvens,1020,2r,16,sol-com-muitas-nuvens
6164,6818,False,7,BR,Brasil,RJ,Paulo de Frontin,SE,False,-22.55,-43.678,False,False,cities,6164,Paulo de Frontin,09/09/2026,Quarta-feira,10:24:00,17,7,ENE,74,71,Sol com muitas nuvens,1020,2r,16,sol-com-muitas-nuvens
6166,3248,False,7,BR,Brasil,RJ,Pedra Selada,SE,False,-22.339,-44.396,False,False,cities,6166,Pedra Selada,09/09/2026,Quarta-feira,10:24:00,18,7,ENE,76,77,Sol com muitas nuvens,1020,2r,17,sol-com-muitas-nuvens
6165,6935,False,7,BR,Brasil,RJ,Pedra de Guaratiba,SE,False,-23.0,-43.633,False,False,cities,6165,Pedra de Guaratiba,09/09/2026,Quarta-feira,10:24:00,20,5,NW,305,87,Nublado,1018,3,22,nublado
6167,3249,False,7,BR,Brasil,RJ,Pedro do Rio,SE,False,-22.333,-43.131,False,False,cities,6167,Pedro do Rio,09/09/2026,Quarta-feira,10:24:00,16,3,ENE,72,63,Sol com muitas nuvens,1020,2r,15,sol-com-muitas-nuvens
6168,316,False,7,BR,Brasil,RJ,Penedo,SE,False,-22.442941,-44.528598,False,False,cities,6168,Penedo,09/09/2026,Quarta-feira,10:24:00,18,7,ENE,77,79,Sol com muitas nuvens,1019,2r,18,sol-com-muitas-nuvens
6169,3250,False,7,BR,Brasil,RJ,Pentagna,SE,False,-22.158,-43.752,False,False,cities,6169,Pentagna,09/09/2026,Quarta-feira,11:09:00,17,7,ENE,74,73,Chuvoso,1021,5,16,chuvoso
6170,317,False,7,BR,Brasil,RJ,Petrópolis,SE,False,-22.505,-43.179,True,False,cities,6170,Petrópolis,09/09/2026,Quarta-feira,11:09:00,15,3,ENE,72,63,Sol com muitas nuvens,1019,2r,14,sol-com-muitas-nuvens
6171,6936,False,7,BR,Brasil,RJ,Piabetá,SE,False,-22.6,-43.167,False,False,cities,6171,Piabetá,09/09/2026,Quarta-feira,11:09:00,20,3,ENE,72,89,Sol com muitas nuvens,1018,2r,22,sol-com-muitas-nuvens
6173,3251,False,7,BR,Brasil,RJ,Pinheiral,SE,False,-22.51,-44.01,False,False,cities,6173,Pinheiral,09/09/2026,Quarta-feira,11:09:00,19,8,ENE,75,83,Chuvoso,1021,5,20,chuvoso
6175,3252,False,7,BR,Brasil,RJ,Pirapora de Bom Jesus,SE,False,-21.08,-41.806,False,False,cities,6175,Pirapora de Bom Jesus,09/09/2026,Quarta-feira,10:24:00,19,3,ENE,76,84,Sol com muitas nuvens,1021,2r,20,sol-com-muitas-nuvens
6174,2053,False,7,BR,Brasil,RJ,Piraí,SE,False,-22.629,-43.898,False,False,cities,6174,Piraí,09/09/2026,Quarta-feira,11:09:00,21,7,ENE,75,88,Sol com muitas nuvens,1021,2r,22,sol-com-muitas-nuvens
6172,3253,False,7,BR,Brasil,RJ,Pião,SE,False,-22.118,-42.776,False,False,cities,6172,Pião,09/09/2026,Quarta-feira,10:24:00,16,3,ENE,72,62,Nublado,1022,3,16,nublado
6176,6765,False,7,BR,Brasil,RJ,Ponta Negra,SE,True,-22.9,-42.817,False,False,cities,6176,Ponta Negra,09/09/2026,Quarta-feira,10:24:00,19,5,ENE,70,86,Sol com muitas nuvens,1019,2r,21,sol-com-muitas-nuvens
6177,2054,False,7,BR,Brasil,RJ,Porciúncula,SE,False,-20.963,-42.041,False,False,cities,6177,Porciúncula,09/09/2026,Quarta-feira,11:09:00,19,2,ENE,77,81,Nublado,1021,3,21,nublado
6178,3254,False,7,BR,Brasil,RJ,Portela,SE,False,-21.629,-41.981,False,False,cities,6178,Portela,09/09/2026,Quarta-feira,11:09:00,20,5,ENE,74,91,Nublado,1020,3,23,nublado
6181,3255,False,7,BR,Brasil,RJ,Porto Real,SE,False,-22.42,-44.29,False,False,cities,6181,Porto Real,09/09/2026,Quarta-feira,10:24:00,18,7,ENE,76,77,Sol com muitas nuvens,1020,2r,17,sol-com-muitas-nuvens
6183,3256,False,7,BR,Brasil,RJ,Porto Velho do Cunha,SE,False,-21.826,-42.551,False,False,cities,6183,Porto Velho do Cunha,09/09/2026,Quarta-feira,10:24:00,20,2,ENE,72,81,Nublado,1022,3,21,nublado
6179,3257,False,7,BR,Brasil,RJ,Porto das Caixas,SE,False,-22.701,-42.875,False,False,cities,6179,Porto das Caixas,09/09/2026,Quarta-feira,10:24:00,20,4,ENE,71,88,Sol com muitas nuvens,1020,2r,22,sol-com-muitas-nuvens
6184,4878,False,7,BR,Brasil,RJ,Praia Seca,SE,False,-22.917,-42.37,False,False,cities,6184,Praia Seca,09/09/2026,Quarta-feira,10:24:00,20,12,ENE,69,91,Sol com muitas nuvens,1020,2r,21,sol-com-muitas-nuvens
6186,3258,False,7,BR,Brasil,RJ,Pureza,SE,False,-21.59,-41.839,False,False,cities,6186,Pureza,09/09/2026,Quarta-feira,10:24:00,20,6,ENE,74,91,Nublado,1020,3,22,nublado
6189,3297,False,7,BR,Brasil,RJ,Purilândia,SE,False,-20.93,-41.955,False,False,cities,6189,Purilândia,09/09/2026,Quarta-feira,10:24:00,19,2,ENE,77,74,Sol com muitas nuvens,1021,2r,20,sol-com-muitas-nuvens
6190,3259,False,7,BR,Brasil,RJ,Quatis,SE,False,-22.407,-44.258,False,False,cities,6190,Quatis,09/09/2026,Quarta-feira,10:24:00,17,7,ENE,75,74,Chuvoso,1020,5,16,chuvoso
5948,318,False,7,BR,Brasil,RJ,Queimados,SE,False,-22.716,-43.555,False,False,cities,5948,Queimados,09/09/2026,Quarta-feira,11:09:00,21,5,ENE,73,90,Sol com muitas nuvens,1019,2r,24,sol-com-muitas-nuvens
5949,3298,False,7,BR,Brasil,RJ,Quissamã,SE,True,-22.107,-41.472,False,False,cities,5949,Quissamã,09/09/2026,Quarta-feira,10:24:00,22,17,ENE,71,93,Nublado,1020,3,22,nublado
5950,6778,False,7,BR,Brasil,RJ,Raposo,SE,False,-21.102,-42.133,False,False,cities,5950,Raposo,09/09/2026,Quarta-feira,10:24:00,19,2,ENE,76,84,Nublado,1021,3,21,nublado
5951,3299,False,7,BR,Brasil,RJ,Renascença,SE,False,-21.842,-41.958,False,False,cities,5951,Renascença,09/09/2026,Quarta-feira,10:24:00,17,6,ENE,72,71,Nublado,1018,3,17,nublado
5952,319,False,7,BR,Brasil,RJ,Resende,SE,False,-22.469,-44.447,False,False,cities,5952,Resende,09/09/2026,Quarta-feira,11:09:00,18,7,NNE,26,80,Sol com muitas nuvens,1019,2r,19,sol-com-muitas-nuvens
5953,3300,False,7,BR,Brasil,RJ,Retiro do Muriaé,SE,False,-21.176,-42.001,False,False,cities,5953,Retiro do Muriaé,09/09/2026,Quarta-feira,11:09:00,20,3,ENE,76,86,Nublado,1021,3,22,nublado
5954,3260,False,7,BR,Brasil,RJ,Rialto,SE,False,-22.582,-44.264,False,False,cities,5954,Rialto,09/09/2026,Quarta-feira,10:24:00,18,6,ENE,76,80,Nublado,1020,3,18,nublado
5955,3261,False,7,BR,Brasil,RJ,Rio Bonito,SE,False,-22.709,-42.61,False,False,cities,5955,Rio Bonito,09/09/2026,Quarta-feira,10:24:00,20,6,ENE,70,87,Sol com muitas nuvens,1020,2r,21,sol-com-muitas-nuvens
5956,3262,False,7,BR,Brasil,RJ,Rio Claro,SE,False,-22.723,-44.136,False,False,cities,5956,Rio Claro,09/09/2026,Quarta-feira,11:09:00,17,6,ENE,75,72,Nublado,1020,3,17,nublado
5957,3263,False,7,BR,Brasil,RJ,Rio das Flores,SE,False,-22.168,-43.586,False,False,cities,5957,Rio das Flores,09/09/2026,Quarta-feira,11:09:00,17,7,ENE,73,73,Chuvoso,1021,5,16,chuvoso
5958,320,False,7,BR,Brasil,RJ,Rio das Ostras,SE,True,-22.52,-41.95,False,False,cities,5958,Rio das Ostras,09/09/2026,Quarta-feira,10:24:00,21,17,ENE,70,92,Sol com muitas nuvens,1020,2r,21,sol-com-muitas-nuvens
5959,321,True,7,BR,Brasil,RJ,Rio de Janeiro,SE,True,-22.861,-43.411,True,False,cities,5959,Rio de Janeiro,09/09/2026,Quarta-feira,10:24:00,20,4,ENE,73,86,Sol com muitas nuvens,1018,2r,22,sol-com-muitas-nuvens
5960,3264,False,7,BR,Brasil,RJ,Riograndina,SE,False,-22.197,-42.512,False,False,cities,5960,Riograndina,09/09/2026,Quarta-feira,11:09:00,17,5,ENE,71,64,Nublado,1021,3,16,nublado
5961,3301,False,7,BR,Brasil,RJ,Rosal,SE,False,-20.961,-41.734,False,False,cities,5961,Rosal,09/09/2026,Quarta-feira,10:24:00,18,3,ENE,77,78,Sol com muitas nuvens,1021,2r,19,sol-com-muitas-nuvens
5962,3266,False,7,BR,Brasil,RJ,Salutaris,SE,False,-22.184,-43.294,False,False,cities,5962,Salutaris,09/09/2026,Quarta-feira,10:24:00,18,5,ENE,73,76,Sol com muitas nuvens,1020,2r,18,sol-com-muitas-nuvens
5963,3267,False,7,BR,Brasil,RJ,Sambaetiba,SE,False,-22.666,-42.793,False,False,cities,5963,Sambaetiba,09/09/2026,Quarta-feira,10:24:00,21,4,ENE,71,89,Sol com muitas nuvens,1020,2r,23,sol-com-muitas-nuvens
5965,3268,False,7,BR,Brasil,RJ,Sampaio Correia,SE,False,-22.863,-42.602,False,False,cities,5965,Sampaio Correia,09/09/2026,Quarta-feira,10:24:00,20,7,ENE,64,90,Sol com muitas nuvens,1019,2r,22,sol-com-muitas-nuvens
5966,3269,False,7,BR,Brasil,RJ,Sana,SE,False,-22.325,-42.182,False,False,cities,5966,Sana,09/09/2026,Quarta-feira,10:24:00,19,10,ENE,70,79,Nublado,1020,3,18,nublado
5967,3303,False,7,BR,Brasil,RJ,Santa Clara,SE,False,-20.823,-41.909,False,False,cities,5967,Santa Clara,09/09/2026,Quarta-feira,10:24:00,19,2,ENE,77,74,Sol com muitas nuvens,1021,2r,20,sol-com-muitas-nuvens
5969,3304,False,7,BR,Brasil,RJ,Santa Cruz,SE,False,-21.556,-42.291,False,False,cities,5969,Santa Cruz,09/09/2026,Quarta-feira,11:09:00,20,2,ENE,74,87,Nublado,1020,3,23,nublado
5968,6281,False,7,BR,Brasil,RJ,Santa Cruz da Serra,SE,False,-22.75,-43.317,False,False,cities,5968,Santa Cruz da Serra,09/09/2026,Quarta-feira,10:24:00,20,3,ENE,72,89,Sol com muitas nuvens,1018,2r,22,sol-com-muitas-nuvens
5971,6958,False,7,BR,Brasil,RJ,Santa Maria,SE,False,-21.268,-41.447,False,False,cities,5971,Santa Maria,09/09/2026,Quarta-feira,11:09:00,19,5,ENE,76,89,Sol com muitas nuvens,1021,2r,21,sol-com-muitas-nuvens
5970,3270,False,7,BR,Brasil,RJ,Santa Maria Madalena,SE,False,-21.955,-42.008,False,False,cities,5970,Santa Maria Madalena,09/09/2026,Quarta-feira,10:24:00,18,8,NNW,341,74,Nublado,1018,3,17,nublado
5972,3271,False,7,BR,Brasil,RJ,Santa Rita da Floresta,SE,False,-21.879,-42.456,False,False,cities,5972,Santa Rita da Floresta,09/09/2026,Quarta-feira,10:24:00,19,3,ENE,72,77,Nublado,1021,3,20,nublado
5973,3272,False,7,BR,Brasil,RJ,Santo Aleixo,SE,False,-22.554,-43.052,False,False,cities,5973,Santo Aleixo,09/09/2026,Quarta-feira,10:24:00,12,3,ENE,72,50,Sol com muitas nuvens,1020,2r,9,sol-com-muitas-nuvens
5974,3309,False,7,BR,Brasil,RJ,Santo Amaro de Campos,SE,False,-21.984,-41.129,False,False,cities,5974,Santo Amaro de Campos,09/09/2026,Quarta-feira,11:09:00,22,18,NE,50,93,Nublado,1020,3,22,nublado
5975,322,False,7,BR,Brasil,RJ,Santo Antônio de Pádua,SE,False,-21.539,-42.18,False,False,cities,5975,Santo Antônio de Pádua,09/09/2026,Quarta-feira,10:24:00,20,3,ENE,74,88,Nublado,1020,3,23,nublado
5976,3305,False,7,BR,Brasil,RJ,Santo Antônio do Imbé,SE,False,-21.988,-41.876,False,False,cities,5976,Santo Antônio do Imbé,09/09/2026,Quarta-feira,10:24:00,20,10,ENE,72,87,Nublado,1018,3,21,nublado
5977,3306,False,7,BR,Brasil,RJ,Santo Eduardo,SE,False,-21.219,-41.46,False,False,cities,5977,Santo Eduardo,09/09/2026,Quarta-feira,10:24:00,19,5,ENE,76,89,Sol com muitas nuvens,1021,2r,21,sol-com-muitas-nuvens
5997,3273,False,7,BR,Brasil,RJ,Sapucaia,SE,False,-21.995,-42.914,False,False,cities,5997,Sapucaia,09/09/2026,Quarta-feira,11:09:00,20,3,ENE,72,83,Sol com muitas nuvens,1021,2r,22,sol-com-muitas-nuvens
5998,323,False,7,BR,Brasil,RJ,Saquarema,SE,True,-22.92,-42.51,False,False,cities,5998,Saquarema,09/09/2026,Quarta-feira,10:24:00,20,10,ENE,69,88,Sol com muitas nuvens,1019,2r,21,sol-com-muitas-nuvens
5999,3274,False,7,BR,Brasil,RJ,Sebastião de Lacerda,SE,False,-22.287,-43.583,False,False,cities,5999,Sebastião de Lacerda,09/09/2026,Quarta-feira,11:09:00,18,7,ENE,73,76,Chuvoso,1020,5,17,chuvoso
6000,5612,False,7,BR,Brasil,RJ,Secretário,SE,False,-22.483,-43.167,False,False,cities,6000,Secretário,09/09/2026,Quarta-feira,10:24:00,15,3,ENE,72,63,Sol com muitas nuvens,1019,2r,14,sol-com-muitas-nuvens
6001,1784,False,7,BR,Brasil,RJ,Seropédica,SE,False,-22.744,-43.708,False,False,cities,6001,Seropédica,09/09/2026,Quarta-feira,11:09:00,21,7,ENE,62,88,Sol com muitas nuvens,1019,2r,24,sol-com-muitas-nuvens
6003,3307,False,7,BR,Brasil,RJ,Serrinha,SE,False,-22.026,-41.692,False,False,cities,6003,Serrinha,09/09/2026,Quarta-feira,11:09:00,21,12,ENE,72,90,Nublado,1019,3,22,nublado
6002,6911,False,7,BR,Brasil,RJ,Serrinha do Alambari,SE,False,-22.383,-44.533,False,False,cities,6002,Serrinha do Alambari,09/09/2026,Quarta-feira,11:09:00,13,8,ENE,76,56,Nublado,1019,3,10,nublado
6004,3275,False,7,BR,Brasil,RJ,Sete Pontes,SE,False,-22.84,-43.063,False,False,cities,6004,Sete Pontes,09/09/2026,Quarta-feira,10:24:00,20,3,ENE,71,89,Sol com muitas nuvens,1019,2r,22,sol-com-muitas-nuvens
6005,3276,False,7,BR,Brasil,RJ,Silva Jardim,SE,False,-22.651,-42.392,False,False,cities,6005,Silva Jardim,09/09/2026,Quarta-feira,10:24:00,19,7,SW,236,87,Sol com muitas nuvens,1020,2r,20,sol-com-muitas-nuvens
6006,3277,False,7,BR,Brasil,RJ,Sodrelândia,SE,False,-22.117,-42.074,False,False,cities,6006,Sodrelândia,09/09/2026,Quarta-feira,11:09:00,17,8,ENE,71,68,Nublado,1018,3,16,nublado
6007,3308,False,7,BR,Brasil,RJ,Sossego,SE,False,-21.899,-41.803,False,False,cities,6007,Sossego,09/09/2026,Quarta-feira,10:24:00,17,8,ENE,72,71,Nublado,1018,3,16,nublado
6008,3278,False,7,BR,Brasil,RJ,Subaio,SE,False,-22.439,-42.764,False,False,cities,6008,Subaio,09/09/2026,Quarta-feira,11:09:00,21,4,ENE,71,87,Nublado,1021,3,24,nublado
6009,3279,False,7,BR,Brasil,RJ,Sumidouro,SE,False,-22.05,-42.675,False,False,cities,6009,Sumidouro,09/09/2026,Quarta-feira,10:24:00,19,3,ENE,72,75,Nublado,1022,3,20,nublado
6010,3280,False,7,BR,Brasil,RJ,Suruí,SE,False,-22.662,-43.12,False,False,cities,6010,Suruí,09/09/2026,Quarta-feira,10:24:00,20,3,ENE,71,89,Sol com muitas nuvens,1019,2r,23,sol-com-muitas-nuvens
5978,324,False,7,BR,Brasil,RJ,São Fidélis,SE,False,-21.646,-41.747,False,False,cities,5978,São Fidélis,09/09/2026,Quarta-feira,10:24:00,20,7,ENE,74,91,Nublado,1020,3,21,nublado
5979,2137,False,7,BR,Brasil,RJ,São Francisco de Itabapoana,SE,True,-21.302,-41.02,False,False,cities,5979,São Francisco de Itabapoana,09/09/2026,Quarta-feira,10:24:00,20,7,ENE,76,93,Nublado,1020,3,22,nublado
5980,325,False,7,BR,Brasil,RJ,São Gonçalo,SE,False,-22.827,-43.054,False,False,cities,5980,São Gonçalo,09/09/2026,Quarta-feira,10:24:00,20,3,ENE,71,89,Sol com muitas nuvens,1019,2r,22,sol-com-muitas-nuvens
5986,3310,False,7,BR,Brasil,RJ,São José de Ubá,SE,False,-21.358,-41.942,False,False,cities,5986,São José de Ubá,09/09/2026,Quarta-feira,10:24:00,19,3,ENE,75,90,Nublado,1021,3,21,nublado
5987,3281,False,7,BR,Brasil,RJ,São José do Ribeirão,SE,False,-22.205,-42.398,False,False,cities,5987,São José do Ribeirão,09/09/2026,Quarta-feira,10:24:00,17,5,ENE,71,64,Nublado,1021,3,16,nublado
5988,3282,False,7,BR,Brasil,RJ,São José do Turvo,SE,False,-22.363,-44.014,False,False,cities,5988,São José do Turvo,09/09/2026,Quarta-feira,10:24:00,17,8,ENE,75,74,Chuvoso,1021,5,16,chuvoso
5989,2010,False,7,BR,Brasil,RJ,São José do Vale do Rio Preto,SE,False,-22.151,-42.924,False,False,cities,5989,São José do Vale do Rio Preto,09/09/2026,Quarta-feira,10:24:00,18,3,ENE,72,72,Sol com muitas nuvens,1021,2r,18,sol-com-muitas-nuvens
5985,3283,False,7,BR,Brasil,RJ,São João Marcos,SE,False,-22.843,-44.064,False,False,cities,5985,São João Marcos,09/09/2026,Quarta-feira,10:24:00,15,6,ENE,75,65,Nublado,1019,3,14,nublado
5981,326,False,7,BR,Brasil,RJ,São João da Barra,SE,True,-21.64,-41.051,False,False,cities,5981,São João da Barra,09/09/2026,Quarta-feira,11:09:00,21,13,ENE,74,93,Nublado,1020,3,22,nublado
5983,327,False,7,BR,Brasil,RJ,São João de Meriti,SE,False,-22.804,-43.372,False,False,cities,5983,São João de Meriti,09/09/2026,Quarta-feira,10:24:00,20,3,ENE,72,89,Sol com muitas nuvens,1018,2r,22,sol-com-muitas-nuvens
5984,3311,False,7,BR,Brasil,RJ,São João do Paraíso,SE,False,-21.413,-41.8,False,False,cities,5984,São João do Paraíso,09/09/2026,Quarta-feira,10:24:00,19,4,ENE,75,90,Nublado,1021,3,20,nublado
5990,3284,False,7,BR,Brasil,RJ,São Mateus,SE,False,-22.805,-43.378,False,False,cities,5990,São Mateus,09/09/2026,Quarta-feira,10:24:00,20,3,ENE,72,89,Sol com muitas nuvens,1018,2r,22,sol-com-muitas-nuvens
5991,328,False,7,BR,Brasil,RJ,São Pedro da Aldeia,SE,True,-22.839,-42.103,False,False,cities,5991,São Pedro da Aldeia,09/09/2026,Quarta-feira,10:24:00,21,20,NW,320,92,Chuvoso,1020,5,21,chuvoso
5992,3285,False,7,BR,Brasil,RJ,São Pedro da Serra,SE,False,-22.316,-42.34,False,False,cities,5992,São Pedro da Serra,09/09/2026,Quarta-feira,10:24:00,15,8,ENE,71,63,Nublado,1020,3,14,nublado
5993,3302,False,7,BR,Brasil,RJ,São Sebastião de Campos,SE,False,-21.857,-41.209,False,False,cities,5993,São Sebastião de Campos,09/09/2026,Quarta-feira,11:09:00,21,15,ENE,73,93,Nublado,1020,3,22,nublado
5994,3286,False,7,BR,Brasil,RJ,São Sebastião do Alto,SE,False,-21.957,-42.135,False,False,cities,5994,São Sebastião do Alto,09/09/2026,Quarta-feira,11:09:00,18,7,ENE,72,74,Nublado,1017,3,18,nublado
5995,3265,False,7,BR,Brasil,RJ,São Sebastião dos Ferreiros,SE,False,-22.427,-43.568,False,False,cities,5995,São Sebastião dos Ferreiros,09/09/2026,Quarta-feira,11:09:00,17,7,ENE,73,76,Sol com muitas nuvens,1020,2r,17,sol-com-muitas-nuvens
5996,3287,False,7,BR,Brasil,RJ,São Vicente de Paula,SE,False,-22.724,-42.26,False,False,cities,5996,São Vicente de Paula,09/09/2026,Quarta-feira,10:24:00,20,14,ENE,69,90,Chuvoso,1020,5,20,chuvoso
6011,3288,False,7,BR,Brasil,RJ,Taboas,SE,False,-22.207,-43.623,False,False,cities,6011,Taboas,09/09/2026,Quarta-feira,10:24:00,18,7,ENE,73,76,Chuvoso,1020,5,17,chuvoso
6012,3289,False,7,BR,Brasil,RJ,Tamoios,SE,False,-22.717,-42.031,False,False,cities,6012,Tamoios,09/09/2026,Quarta-feira,10:24:00,21,18,ENE,69,92,Chuvoso,1020,5,21,chuvoso
6013,3290,False,7,BR,Brasil,RJ,Tanguá,SE,False,-22.73,-42.714,False,False,cities,6013,Tanguá,09/09/2026,Quarta-feira,11:09:00,20,5,ENE,70,87,Sol com muitas nuvens,1020,2r,22,sol-com-muitas-nuvens
6014,3291,False,7,BR,Brasil,RJ,Tarituba,SE,False,-23.02,-44.595,False,False,cities,6014,Tarituba,09/09/2026,Quarta-feira,10:24:00,18,3,ENE,78,84,Chuvoso,1018,5,20,chuvoso
6015,329,False,7,BR,Brasil,RJ,Teresópolis,SE,False,-22.412,-42.966,True,False,cities,6015,Teresópolis,09/09/2026,Quarta-feira,10:24:00,16,3,ENE,71,63,Sol com muitas nuvens,1021,2r,15,sol-com-muitas-nuvens
6016,6924,False,7,BR,Brasil,RJ,Tinguá,SE,False,-22.6,-43.417,False,False,cities,6016,Tinguá,09/09/2026,Quarta-feira,10:24:00,19,4,ENE,73,82,Nublado,1018,3,20,nublado
6017,3312,False,7,BR,Brasil,RJ,Tocos,SE,False,-21.885,-41.287,False,False,cities,6017,Tocos,09/09/2026,Quarta-feira,10:24:00,21,14,ENE,73,94,Nublado,1020,3,23,nublado
6018,3292,False,7,BR,Brasil,RJ,Trajano de Morais,SE,False,-22.063,-42.066,False,False,cities,6018,Trajano de Morais,09/09/2026,Quarta-feira,11:09:00,17,8,ENE,71,68,Nublado,1018,3,16,nublado
6019,3313,False,7,BR,Brasil,RJ,Travessão,SE,False,-21.602,-41.313,False,False,cities,6019,Travessão,09/09/2026,Quarta-feira,11:09:00,21,11,ENE,74,95,Nublado,1020,3,22,nublado
6022,4931,False,7,BR,Brasil,RJ,Trindade,SE,False,-22.083,-41.6,False,False,cities,6022,Trindade,09/09/2026,Quarta-feira,11:09:00,21,16,ENE,71,92,Nublado,1019,3,22,nublado
6023,3314,False,7,BR,Brasil,RJ,Triunfo,SE,False,-22.048,-41.942,False,False,cities,6023,Triunfo,09/09/2026,Quarta-feira,11:09:00,18,8,NNW,341,74,Nublado,1018,3,17,nublado
6020,3315,False,7,BR,Brasil,RJ,Três Irmãos,SE,False,-21.63,-41.994,False,False,cities,6020,Três Irmãos,09/09/2026,Quarta-feira,10:24:00,20,5,ENE,74,91,Nublado,1020,3,23,nublado
6021,330,False,7,BR,Brasil,RJ,Três Rios,SE,False,-22.117,-43.209,False,False,cities,6021,Três Rios,09/09/2026,Quarta-feira,11:09:00,20,4,ENE,72,85,Sol com muitas nuvens,1020,2r,21,sol-com-muitas-nuvens
6025,1630,False,7,BR,Brasil,RJ,Valença,SE,False,-22.246,-43.7,False,False,cities,6025,Valença,09/09/2026,Quarta-feira,11:09:00,17,8,ENE,74,72,Chuvoso,1021,5,16,chuvoso
6024,3316,False,7,BR,Brasil,RJ,Valão do Barro,SE,False,-21.839,-42.074,False,False,cities,6024,Valão do Barro,09/09/2026,Quarta-feira,10:24:00,20,5,ENE,72,84,Nublado,1017,3,22,nublado
4717,5916,False,7,BR,Brasil,RJ,Vargem Alegre,SE,False,-22.502,-43.933,False,False,cities,4717,Vargem Alegre,09/09/2026,Quarta-feira,10:24:00,19,8,ENE,75,83,Chuvoso,1021,5,20,chuvoso
6026,6959,False,7,BR,Brasil,RJ,Vargem Grande,SE,False,-22.35,-42.867,False,False,cities,6026,Vargem Grande,09/09/2026,Quarta-feira,10:24:00,15,3,ENE,71,53,Nublado,1022,3,13,nublado
6027,3070,False,7,BR,Brasil,RJ,Varre Sai,SE,False,-20.931,-41.869,False,False,cities,6027,Varre Sai,09/09/2026,Quarta-feira,11:09:00,18,2,ENE,77,71,Nublado,1021,3,18,nublado
6028,331,False,7,BR,Brasil,RJ,Vassouras,SE,False,-22.404,-43.663,False,False,cities,6028,Vassouras,09/09/2026,Quarta-feira,10:24:00,20,8,ENE,68,86,Chuvoso,1020,5,21,chuvoso
6029,3317,False,7,BR,Brasil,RJ,Venda das Flores,SE,False,-21.331,-42.133,False,False,cities,6029,Venda das Flores,09/09/2026,Quarta-feira,11:09:00,18,3,ENE,75,81,Nublado,1021,3,20,nublado
6035,3318,False,7,BR,Brasil,RJ,Vila Nova de Campos,SE,False,-21.445,-41.407,False,False,cities,6035,Vila Nova de Campos,09/09/2026,Quarta-feira,10:24:00,20,8,ENE,75,90,Nublado,1020,3,21,nublado
6030,3293,False,7,BR,Brasil,RJ,Vila da Grama,SE,False,-22.183,-42.104,False,False,cities,6030,Vila da Grama,09/09/2026,Quarta-feira,11:09:00,17,8,ENE,71,68,Nublado,1018,3,16,nublado
6036,3294,False,7,BR,Brasil,RJ,Visconde de Imbé,SE,False,-22.067,-42.158,False,False,cities,6036,Visconde de Imbé,09/09/2026,Quarta-feira,10:24:00,17,7,ENE,71,69,Nublado,1019,3,16,nublado
9139,1614,False,7,BR,Brasil,RJ,Visconde de Mauá,SE,False,-22.316,-44.533,False,False,cities,9139,Visconde de Mauá,09/09/2026,Quarta-feira,10:24:00,13,8,ENE,76,56,Sol com muitas nuvens,1019,2r,10,sol-com-muitas-nuvens
6037,332,False,7,BR,Brasil,RJ,Volta Redonda,SE,False,-22.523,-44.104,False,False,cities,6037,Volta Redonda,09/09/2026,Quarta-feira,10:24:00,19,7,ENE,75,83,Chuvoso,1021,5,20,chuvoso
6038,3295,False,7,BR,Brasil,RJ,Werneck,SE,False,-22.218,-43.315,False,False,cities,6038,Werneck,09/09/2026,Quarta-feira,10:24:00,17,4,ENE,72,72,Sol com muitas nuvens,1020,2r,16,sol-com-muitas-nuvens
6039,3296,False,7,BR,Brasil,RJ,Xerém,SE,False,-22.574,-43.313,False,False,cities,6039,Xerém,09/09/2026,Quarta-feira,10:24:00,20,3,SSE,158,87,Sol com muitas nuvens,1018,2r,22,sol-com-muitas-nuvens
6040,1363,False,7,BR,Brasil,RN,Acari,NE,False,-6.436,-36.639,False,False,cities,6040,Acari,09/09/2026,Quarta-feira,11:09:00,23,15,E,82,60,Sol,1018,1,22,sol
6042,5579,False,7,BR,Brasil,RN,Afonso Bezerra,NE,False,-5.498,-36.506,False,False,cities,6042,Afonso Bezerra,09/09/2026,Quarta-feira,11:09:00,26,15,E,85,68,Sol,1017,1,26,sol
6044,5580,False,7,BR,Brasil,RN,Alexandria,NE,False,-6.413,-38.016,False,False,cities,6044,Alexandria,09/09/2026,Quarta-feira,10:24:00,25,14,ENE,78,58,Sol,1018,1,24,sol
6045,6702,False,7,BR,Brasil,RN,Almino Afonso,NE,False,-6.152,-37.766,False,False,cities,6045,Almino Afonso,09/09/2026,Quarta-feira,10:24:00,26,15,E,80,63,Sol,1017,1,26,sol
6053,6283,False,7,BR,Brasil,RN,Alto do Rodrigues,NE,False,-5.288,-36.762,False,False,cities,6053,Alto do Rodrigues,09/09/2026,Quarta-feira,10:24:00,26,14,E,86,70,Sol,1017,1,27,sol
6057,5218,False,7,BR,Brasil,RN,Angicos,NE,False,-5.666,-36.601,False,False,cities,6057,Angicos,09/09/2026,Quarta-feira,11:09:00,26,12,E,85,65,Sol,1017,1,27,sol
6058,6703,False,7,BR,Brasil,RN,Antônio Martins,NE,False,-6.213,-37.906,False,False,cities,6058,Antônio Martins,09/09/2026,Quarta-feira,11:09:00,24,15,E,80,60,Sol,1018,1,23,sol
6059,1364,False,7,BR,Brasil,RN,Apodi,NE,False,-5.664,-37.799,False,False,cities,6059,Apodi,09/09/2026,Quarta-feira,10:24:00,26,15,E,83,63,Sol,1017,1,26,sol
4699,5894,False,7,BR,Brasil,RN,Areia Branca,NE,True,-4.956,-37.137,False,False,cities,4699,Areia Branca,09/09/2026,Quarta-feira,10:24:00,26,13,E,90,65,Sol,1017,1,26,sol
6060,6284,False,7,BR,Brasil,RN,Arês,NE,True,-6.194,-35.16,False,False,cities,6060,Arês,09/09/2026,Quarta-feira,11:09:00,24,15,E,85,86,Sol com muitas nuvens,1017,2r,26,sol-com-muitas-nuvens
6061,5646,False,7,BR,Brasil,RN,Augusto Severo,NE,False,-5.86,-37.31,False,False,cities,6061,Augusto Severo,09/09/2026,Quarta-feira,11:09:00,26,16,E,82,64,Sol,1017,1,26,sol
6041,1365,False,7,BR,Brasil,RN,Açu,NE,False,-5.577,-36.909,False,False,cities,6041,Açu,09/09/2026,Quarta-feira,10:24:00,26,12,E,84,65,Sol,1017,1,27,sol
6063,5281,False,7,BR,Brasil,RN,Baraúna,NE,False,-5.08,-37.617,False,False,cities,6063,Baraúna,09/09/2026,Quarta-feira,10:24:00,26,11,E,86,62,Sol,1017,1,26,sol
6064,6285,False,7,BR,Brasil,RN,Barcelona,NE,False,-5.951,-35.926,False,False,cities,6064,Barcelona,09/09/2026,Quarta-feira,10:24:00,25,17,E,84,72,Sol,1017,1,25,sol
6062,6286,False,7,BR,Brasil,RN,Baía Formosa,NE,True,-6.42,-35.008,False,False,cities,6062,Baía Formosa,09/09/2026,Quarta-feira,10:24:00,24,14,E,85,89,Chuvoso,1017,5,26,chuvoso
6065,5685,False,7,BR,Brasil,RN,Bento Fernandes,NE,False,-5.694,-35.82,False,False,cities,6065,Bento Fernandes,09/09/2026,Quarta-feira,10:24:00,25,17,E,86,75,Sol,1017,1,25,sol
6066,6287,False,7,BR,Brasil,RN,Bodó,NE,False,-5.988,-36.413,False,False,cities,6066,Bodó,09/09/2026,Quarta-feira,10:24:00,22,15,E,83,58,Sol,1017,1,20,sol
6067,6288,False,7,BR,Brasil,RN,Bom Jesus,NE,False,-5.984,-35.581,False,False,cities,6067,Bom Jesus,09/09/2026,Quarta-feira,10:24:00,25,15,E,85,80,Sol,1017,1,26,sol
6068,6289,False,7,BR,Brasil,RN,Brejinho,NE,False,-6.191,-35.357,False,False,cities,6068,Brejinho,09/09/2026,Quarta-feira,10:24:00,24,15,E,85,81,Sol com muitas nuvens,1017,2r,25,sol-com-muitas-nuvens
6071,1367,False,7,BR,Brasil,RN,Caicó,NE,False,-6.458,-37.098,False,False,cities,6071,Caicó,09/09/2026,Quarta-feira,10:24:00,25,14,E,80,65,Sol,1017,1,25,sol
6069,6290,False,7,BR,Brasil,RN,Caiçara do Norte,NE,True,-5.07,-36.05,False,False,cities,6069,Caiçara do Norte,09/09/2026,Quarta-feira,10:24:00,26,23,E,90,76,Sol com muitas nuvens,1016,2r,26,sol-com-muitas-nuvens
6070,6291,False,7,BR,Brasil,RN,Caiçara do R. do Vento,NE,False,-5.76,-35.998,False,False,cities,6070,Caiçara do R. do Vento,09/09/2026,Quarta-feira,10:24:00,25,17,E,85,73,Sol,1017,1,25,sol
5802,5647,False,7,BR,Brasil,RN,Campo Grande,NE,False,-5.583,-36.9,False,False,cities,5802,Campo Grande,09/09/2026,Quarta-feira,10:24:00,26,12,E,84,65,Sol,1017,1,27,sol
5803,6292,False,7,BR,Brasil,RN,Campo Redondo,NE,False,-6.241,-36.182,False,False,cities,5803,Campo Redondo,09/09/2026,Quarta-feira,11:09:00,23,19,E,83,61,Sol,1018,1,21,sol
5804,5648,False,7,BR,Brasil,RN,Canguaretama,NE,True,-6.38,-35.129,False,False,cities,5804,Canguaretama,09/09/2026,Quarta-feira,11:09:00,24,14,E,85,89,Chuvoso,1017,5,26,chuvoso
5805,2055,False,7,BR,Brasil,RN,Caraúbas,NE,False,-5.792,-37.557,False,False,cities,5805,Caraúbas,09/09/2026,Quarta-feira,10:24:00,26,18,E,82,62,Sol,1017,1,25,sol
5807,1368,False,7,BR,Brasil,RN,Carnaubais,NE,False,-5.348,-36.834,False,False,cities,5807,Carnaubais,09/09/2026,Quarta-feira,11:09:00,26,12,E,85,67,Sol,1017,1,27,sol
5806,5219,False,7,BR,Brasil,RN,Carnaúba dos Dantas,NE,False,-6.556,-36.595,False,False,cities,5806,Carnaúba dos Dantas,09/09/2026,Quarta-feira,11:09:00,23,19,E,81,58,Sol,1018,1,21,sol
5808,1369,False,7,BR,Brasil,RN,Ceará-Mirim,NE,True,-5.634,-35.426,False,False,cities,5808,Ceará-Mirim,09/09/2026,Quarta-feira,10:24:00,24,16,E,90,82,Sol e Chuva,1017,4,26,sol-e-chuva
4718,5917,False,7,BR,Brasil,RN,Cerro Corá,NE,False,-6.046,-36.346,False,False,cities,4718,Cerro Corá,09/09/2026,Quarta-feira,10:24:00,22,17,E,84,58,Sol,1017,1,20,sol
5809,6293,False,7,BR,Brasil,RN,Coronel Ezequiel,NE,False,-6.382,-36.215,False,False,cities,5809,Coronel Ezequiel,09/09/2026,Quarta-feira,11:09:00,23,19,E,82,59,Sol,1018,1,20,sol
5810,6704,False,7,BR,Brasil,RN,Coronel João Pessoa,NE,False,-6.26,-38.444,False,False,cities,5810,Coronel João Pessoa,09/09/2026,Quarta-feira,10:24:00,24,14,ENE,79,60,Sol,1018,1,23,sol
5811,1370,False,7,BR,Brasil,RN,Cruzeta,NE,False,-6.412,-36.79,False,False,cities,5811,Cruzeta,09/09/2026,Quarta-feira,11:09:00,25,16,E,81,66,Sol,1017,1,24,sol
5812,1371,False,7,BR,Brasil,RN,Currais Novos,NE,False,-6.261,-36.518,False,False,cities,5812,Currais Novos,09/09/2026,Quarta-feira,11:09:00,22,13,E,82,59,Sol,1018,1,21,sol
5813,6705,False,7,BR,Brasil,RN,Doutor Severiano,NE,False,-6.094,-38.375,False,False,cities,5813,Doutor Severiano,09/09/2026,Quarta-feira,10:24:00,25,15,E,80,62,Sol,1018,1,24,sol
5814,6706,False,7,BR,Brasil,RN,Encanto,NE,False,-6.111,-38.305,False,False,cities,5814,Encanto,09/09/2026,Quarta-feira,11:09:00,25,15,E,80,62,Sol,1018,1,24,sol
5815,6294,False,7,BR,Brasil,RN,Equador,NE,False,-6.945,-36.718,False,False,cities,5815,Equador,09/09/2026,Quarta-feira,10:24:00,22,19,E,79,60,Sol,1018,1,19,sol
5816,6295,False,7,BR,Brasil,RN,Espírito Santo,NE,False,-6.332,-35.309,False,False,cities,5816,Espírito Santo,09/09/2026,Quarta-feira,10:24:00,24,15,E,84,80,Sol com muitas nuvens,1017,2r,25,sol-com-muitas-nuvens
5817,6296,False,7,BR,Brasil,RN,Extremoz,NE,True,-5.706,-35.307,False,False,cities,5817,Extremoz,09/09/2026,Quarta-feira,11:09:00,25,15,ESE,110,84,Sol com algumas nuvens,1017,2,26,sol-com-algumas-nuvens
5818,6297,False,7,BR,Brasil,RN,Felipe Guerra,NE,False,-5.603,-37.689,False,False,cities,5818,Felipe Guerra,09/09/2026,Quarta-feira,10:24:00,26,15,E,83,63,Sol,1017,1,26,sol
5819,6298,False,7,BR,Brasil,RN,Fernando Pedroza,NE,False,-5.697,-36.531,False,False,cities,5819,Fernando Pedroza,09/09/2026,Quarta-feira,11:09:00,26,9,E,84,64,Sol,1017,1,27,sol
5820,1372,False,7,BR,Brasil,RN,Florânia,NE,False,-6.127,-36.818,False,False,cities,5820,Florânia,09/09/2026,Quarta-feira,10:24:00,24,15,E,82,66,Sol,1017,1,23,sol
5821,6707,False,7,BR,Brasil,RN,Francisco Dantas,NE,False,-6.078,-38.119,False,False,cities,5821,Francisco Dantas,09/09/2026,Quarta-feira,11:09:00,24,16,E,80,55,Sol,1017,1,22,sol
5822,5282,False,7,BR,Brasil,RN,Frutuoso Gomes,NE,False,-6.158,-37.84,False,False,cities,5822,Frutuoso Gomes,09/09/2026,Quarta-feira,10:24:00,26,15,E,80,63,Sol,1017,1,26,sol
5823,6299,False,7,BR,Brasil,RN,Galinhos,NE,True,-5.09,-36.28,False,False,cities,5823,Galinhos,09/09/2026,Quarta-feira,10:24:00,26,18,E,90,76,Sol com algumas nuvens,1016,2,27,sol-com-algumas-nuvens
5824,6975,False,7,BR,Brasil,RN,Genipabu,NE,True,-5.483,-35.27,False,False,cities,5824,Genipabu,09/09/2026,Quarta-feira,10:24:00,25,18,E,90,83,Sol e Chuva,1017,4,26,sol-e-chuva
5825,2590,False,7,BR,Brasil,RN,Goianinha,NE,False,-6.265,-35.213,False,False,cities,5825,Goianinha,09/09/2026,Quarta-feira,11:09:00,24,15,E,85,86,Sol com muitas nuvens,1017,2r,26,sol-com-muitas-nuvens
5826,5283,False,7,BR,Brasil,RN,Governador Dix-Sept Rosado,NE,False,-5.459,-37.521,False,False,cities,5826,Governador Dix-Sept Rosado,09/09/2026,Quarta-feira,10:24:00,26,14,E,84,63,Sol,1017,1,27,sol
5827,5649,False,7,BR,Brasil,RN,Grossos,NE,True,-4.98,-37.155,False,False,cities,5827,Grossos,09/09/2026,Quarta-feira,10:24:00,27,12,E,87,67,Sol,1017,1,28,sol
5828,4835,False,7,BR,Brasil,RN,Guamaré,NE,True,-5.107,-36.32,False,False,cities,5828,Guamaré,09/09/2026,Quarta-feira,10:24:00,26,18,E,90,76,Sol com algumas nuvens,1016,2,27,sol-com-algumas-nuvens
5829,6300,False,7,BR,Brasil,RN,Ielmo Marinho,NE,False,-5.824,-35.553,False,False,cities,5829,Ielmo Marinho,09/09/2026,Quarta-feira,10:24:00,24,15,E,86,81,Sol,1017,1,26,sol
5830,6301,False,7,BR,Brasil,RN,Ipanguaçu,NE,False,-5.498,-36.855,False,False,cities,5830,Ipanguaçu,09/09/2026,Quarta-feira,10:24:00,26,11,E,85,66,Sol,1017,1,27,sol
5831,5220,False,7,BR,Brasil,RN,Ipueira,NE,False,-6.814,-37.199,False,False,cities,5831,Ipueira,09/09/2026,Quarta-feira,10:24:00,24,15,ENE,78,61,Sol,1017,1,23,sol
5832,6302,False,7,BR,Brasil,RN,Itajá,NE,False,-5.644,-36.871,False,False,cities,5832,Itajá,09/09/2026,Quarta-feira,10:24:00,26,9,E,84,65,Sol,1017,1,28,sol
5833,5650,False,7,BR,Brasil,RN,Itaú,NE,False,-5.84,-37.993,False,False,cities,5833,Itaú,09/09/2026,Quarta-feira,11:09:00,26,16,E,82,62,Sol,1017,1,26,sol
5835,6303,False,7,BR,Brasil,RN,Jandaíra,NE,False,-5.356,-36.128,False,False,cities,5835,Jandaíra,09/09/2026,Quarta-feira,10:24:00,25,19,E,90,73,Sol com algumas nuvens,1017,2,25,sol-com-algumas-nuvens
5836,6304,False,7,BR,Brasil,RN,Janduís,NE,False,-6.016,-37.409,False,False,cities,5836,Janduís,09/09/2026,Quarta-feira,11:09:00,26,19,E,82,64,Sol,1017,1,25,sol
5837,6305,False,7,BR,Brasil,RN,Januário Cicco,NE,False,-6.158,-35.601,False,False,cities,5837,Januário Cicco,09/09/2026,Quarta-feira,10:24:00,25,15,E,85,79,Sol,1017,1,26,sol
5838,6306,False,7,BR,Brasil,RN,Japi,NE,False,-6.465,-35.947,False,False,cities,5838,Japi,09/09/2026,Quarta-feira,11:09:00,24,18,E,82,69,Sol,1018,1,23,sol
5839,6307,False,7,BR,Brasil,RN,Jardim de Angicos,NE,False,-5.654,-35.969,False,False,cities,5839,Jardim de Angicos,09/09/2026,Quarta-feira,10:24:00,25,17,E,86,74,Sol,1017,1,25,sol
5840,5221,False,7,BR,Brasil,RN,Jardim de Piranhas,NE,False,-6.379,-37.352,False,False,cities,5840,Jardim de Piranhas,09/09/2026,Quarta-feira,10:24:00,25,16,E,80,64,Sol,1017,1,25,sol
5841,6308,False,7,BR,Brasil,RN,Jardim do Seridó,NE,False,-6.584,-36.774,False,False,cities,5841,Jardim do Seridó,09/09/2026,Quarta-feira,11:09:00,25,16,E,80,62,Sol,1017,1,24,sol
5834,6309,False,7,BR,Brasil,RN,Jaçanã,NE,False,-6.426,-36.205,False,False,cities,5834,Jaçanã,09/09/2026,Quarta-feira,10:24:00,23,19,E,82,59,Sol,1018,1,20,sol
5844,6708,False,7,BR,Brasil,RN,José da Penha,NE,False,-6.317,-38.281,False,False,cities,5844,José da Penha,09/09/2026,Quarta-feira,11:09:00,24,12,ENE,78,55,Sol,1018,1,23,sol
5842,6310,False,7,BR,Brasil,RN,João Câmara,NE,False,-5.537,-35.82,False,False,cities,5842,João Câmara,09/09/2026,Quarta-feira,11:09:00,24,19,E,90,75,Sol,1017,1,24,sol
5843,6709,False,7,BR,Brasil,RN,João Dias,NE,False,-6.274,-37.796,False,False,cities,5843,João Dias,09/09/2026,Quarta-feira,10:24:00,25,15,E,80,62,Sol,1018,1,24,sol
5845,6576,False,7,BR,Brasil,RN,Jucurutu,NE,False,-6.034,-37.02,False,False,cities,5845,Jucurutu,09/09/2026,Quarta-feira,11:09:00,25,14,E,82,65,Sol,1017,1,26,sol
5849,6710,False,7,BR,Brasil,RN,Lagoa Nova,NE,False,-6.09,-36.47,False,False,cities,5849,Lagoa Nova,09/09/2026,Quarta-feira,11:09:00,22,17,E,83,60,Sol,1018,1,20,sol
5850,6311,False,7,BR,Brasil,RN,Lagoa Salgada,NE,False,-6.121,-35.477,False,False,cities,5850,Lagoa Salgada,09/09/2026,Quarta-feira,11:09:00,25,15,E,85,81,Sol,1017,1,26,sol
5846,5038,False,7,BR,Brasil,RN,Lagoa d'Anta,NE,False,-6.391,-35.598,False,False,cities,5846,Lagoa d'Anta,09/09/2026,Quarta-feira,11:09:00,24,15,E,84,77,Sol,1017,1,25,sol
5847,6312,False,7,BR,Brasil,RN,Lagoa de Pedras,NE,False,-6.149,-35.438,False,False,cities,5847,Lagoa de Pedras,09/09/2026,Quarta-feira,11:09:00,25,15,E,85,81,Sol com algumas nuvens,1017,2,26,sol-com-algumas-nuvens
5848,6711,False,7,BR,Brasil,RN,Lagoa de Velhos,NE,False,-6.004,-35.872,False,False,cities,5848,Lagoa de Velhos,09/09/2026,Quarta-feira,10:24:00,25,16,E,85,76,Sol,1017,1,26,sol
5852,5330,False,7,BR,Brasil,RN,Lajes,NE,False,-5.7,-36.245,False,False,cities,5852,Lajes,09/09/2026,Quarta-feira,10:24:00,24,15,E,85,67,Sol,1017,1,24,sol
5851,5222,False,7,BR,Brasil,RN,Lajes Pintadas,NE,False,-6.15,-36.117,False,False,cities,5851,Lajes Pintadas,09/09/2026,Quarta-feira,11:09:00,24,17,E,83,67,Sol,1017,1,24,sol
5853,5582,False,7,BR,Brasil,RN,Lucrécia,NE,False,-6.12,-37.816,False,False,cities,5853,Lucrécia,09/09/2026,Quarta-feira,10:24:00,26,15,E,80,63,Sol,1017,1,26,sol
5854,6712,False,7,BR,Brasil,RN,Luís Gomes,NE,False,-6.414,-38.389,False,False,cities,5854,Luís Gomes,09/09/2026,Quarta-feira,10:24:00,23,13,ENE,78,55,Sol,1018,1,22,sol
4403,2591,False,7,BR,Brasil,RN,Macau,NE,True,-5.115,-36.634,False,False,cities,4403,Macau,09/09/2026,Quarta-feira,10:24:00,26,16,E,88,74,Sol,1016,1,27,sol
5855,1373,False,7,BR,Brasil,RN,Macaíba,NE,True,-5.858,-35.354,False,False,cities,5855,Macaíba,09/09/2026,Quarta-feira,10:24:00,25,14,E,87,84,Sol com algumas nuvens,1017,2,26,sol-com-algumas-nuvens
5856,6713,False,7,BR,Brasil,RN,Major Sales,NE,False,-6.406,-38.324,False,False,cities,5856,Major Sales,09/09/2026,Quarta-feira,11:09:00,24,12,ENE,78,55,Sol,1018,1,23,sol
5857,6714,False,7,BR,Brasil,RN,Marcelino Vieira,NE,False,-6.294,-38.167,False,False,cities,5857,Marcelino Vieira,09/09/2026,Quarta-feira,11:09:00,25,13,E,79,58,Sol,1017,1,25,sol
5858,2592,False,7,BR,Brasil,RN,Martins,NE,False,-6.088,-37.911,False,False,cities,5858,Martins,09/09/2026,Quarta-feira,11:09:00,23,15,E,80,52,Sol,1018,1,21,sol
5859,2163,False,7,BR,Brasil,RN,Maxaranguape,NE,True,-5.517,-35.256,False,False,cities,5859,Maxaranguape,09/09/2026,Quarta-feira,11:09:00,25,19,E,90,84,Sol e Chuva,1016,4,26,sol-e-chuva
5860,6715,False,7,BR,Brasil,RN,Messias Targino,NE,False,-6.079,-37.514,False,False,cities,5860,Messias Targino,09/09/2026,Quarta-feira,11:09:00,24,18,E,81,58,Sol,1017,1,23,sol
5861,5651,False,7,BR,Brasil,RN,Montanhas,NE,False,-6.486,-35.288,False,False,cities,5861,Montanhas,09/09/2026,Quarta-feira,10:24:00,24,15,E,84,82,Sol com muitas nuvens,1018,2r,26,sol-com-muitas-nuvens
5862,6313,False,7,BR,Brasil,RN,Monte Alegre,NE,False,-6.068,-35.332,False,False,cities,5862,Monte Alegre,09/09/2026,Quarta-feira,10:24:00,25,15,E,85,84,Sol com algumas nuvens,1017,2,26,sol-com-algumas-nuvens
4544,5686,False,7,BR,Brasil,RN,Monte das Gameleiras,NE,False,-6.441,-35.782,False,False,cities,4544,Monte das Gameleiras,09/09/2026,Quarta-feira,11:09:00,22,17,E,83,65,Sol,1018,1,20,sol
5863,333,False,7,BR,Brasil,RN,Mossoró,NE,False,-5.188,-37.344,False,False,cities,5863,Mossoró,09/09/2026,Quarta-feira,11:09:00,26,12,E,86,65,Sol,1017,1,27,sol
5864,334,True,7,BR,Brasil,RN,Natal,NE,True,-5.837,-35.208,True,False,cities,5864,Natal,09/09/2026,Quarta-feira,11:09:00,25,15,E,101,85,Sol com muitas nuvens,1016,2r,27,sol-com-muitas-nuvens
4700,5895,False,7,BR,Brasil,RN,Nova Cruz,NE,False,-6.478,-35.434,False,False,cities,4700,Nova Cruz,09/09/2026,Quarta-feira,10:24:00,24,15,E,84,79,Sol com algumas nuvens,1018,2,25,sol-com-algumas-nuvens
5865,6314,False,7,BR,Brasil,RN,Nísia Floresta,NE,True,-6.091,-35.209,False,False,cities,5865,Nísia Floresta,09/09/2026,Quarta-feira,10:24:00,25,15,E,86,86,Sol com muitas nuvens,1017,2r,27,sol-com-muitas-nuvens
5866,6716,False,7,BR,Brasil,RN,Olho d'Água do Borges,NE,False,-5.956,-37.706,False,False,cities,5866,Olho d'Água do Borges,09/09/2026,Quarta-feira,10:24:00,26,18,E,81,61,Sol,1017,1,25,sol
5867,6717,False,7,BR,Brasil,RN,Ouro Branco,NE,False,-6.701,-36.946,False,False,cities,5867,Ouro Branco,09/09/2026,Quarta-feira,10:24:00,24,10,E,80,59,Sol,1017,1,24,sol
5868,6718,False,7,BR,Brasil,RN,Paraná,NE,False,-6.46,-38.26,False,False,cities,5868,Paraná,09/09/2026,Quarta-feira,10:24:00,24,12,ENE,77,56,Sol,1018,1,23,sol
5869,6315,False,7,BR,Brasil,RN,Parazinho,NE,False,-5.223,-35.838,False,False,cities,5869,Parazinho,09/09/2026,Quarta-feira,10:24:00,25,23,E,90,77,Sol com muitas nuvens,1017,2r,25,sol-com-muitas-nuvens
4701,5896,False,7,BR,Brasil,RN,Paraú,NE,False,-5.774,-37.101,False,False,cities,4701,Paraú,09/09/2026,Quarta-feira,11:09:00,26,13,E,83,65,Sol,1017,1,27,sol
5870,5104,False,7,BR,Brasil,RN,Parelhas,NE,False,-6.688,-36.657,False,False,cities,5870,Parelhas,09/09/2026,Quarta-feira,10:24:00,24,22,E,80,61,Sol,1017,1,21,sol
5871,2593,False,7,BR,Brasil,RN,Parnamirim,NE,True,-5.916,-35.263,False,False,cities,5871,Parnamirim,09/09/2026,Quarta-feira,11:09:00,25,14,E,87,84,Sol com algumas nuvens,1017,2,26,sol-com-algumas-nuvens
5872,4932,False,7,BR,Brasil,RN,Passa e Fica,NE,False,-6.436,-35.643,False,False,cities,5872,Passa e Fica,09/09/2026,Quarta-feira,11:09:00,24,16,E,83,76,Sol,1017,1,25,sol
5873,6316,False,7,BR,Brasil,RN,Passagem,NE,False,-6.279,-35.377,False,False,cities,5873,Passagem,09/09/2026,Quarta-feira,11:09:00,24,15,E,85,81,Sol com algumas nuvens,1017,2,25,sol-com-algumas-nuvens
5874,6138,False,7,BR,Brasil,RN,Patu,NE,False,-6.11,-37.637,False,False,cities,5874,Patu,09/09/2026,Quarta-feira,10:24:00,24,18,E,81,58,Sol,1017,1,23,sol
5875,3123,False,7,BR,Brasil,RN,Pau dos Ferros,NE,False,-6.109,-38.204,False,False,cities,5875,Pau dos Ferros,09/09/2026,Quarta-feira,10:24:00,25,15,E,80,61,Sol,1017,1,25,sol
5876,6317,False,7,BR,Brasil,RN,Pedra Grande,NE,True,-5.15,-35.879,False,False,cities,5876,Pedra Grande,09/09/2026,Quarta-feira,10:24:00,26,26,E,90,79,Sol com muitas nuvens,1016,2r,25,sol-com-muitas-nuvens
5878,6719,False,7,BR,Brasil,RN,Pedra Preta,NE,False,-5.582,-36.105,False,False,cities,5878,Pedra Preta,09/09/2026,Quarta-feira,10:24:00,25,16,E,86,72,Sol,1017,1,25,sol
5879,6720,False,7,BR,Brasil,RN,Pedro Avelino,NE,False,-5.522,-36.388,False,False,cities,5879,Pedro Avelino,09/09/2026,Quarta-feira,10:24:00,26,15,E,85,68,Sol,1017,1,26,sol
5880,6318,False,7,BR,Brasil,RN,Pedro Velho,NE,False,-6.439,-35.221,False,False,cities,5880,Pedro Velho,09/09/2026,Quarta-feira,10:24:00,24,14,E,84,85,Sol com muitas nuvens,1018,2r,26,sol-com-muitas-nuvens
5881,3427,False,7,BR,Brasil,RN,Pendências,NE,False,-5.26,-36.722,False,False,cities,5881,Pendências,09/09/2026,Quarta-feira,10:24:00,26,14,E,86,70,Sol,1017,1,27,sol
5882,6139,False,7,BR,Brasil,RN,Pilões,NE,False,-6.27,-38.04,False,False,cities,5882,Pilões,09/09/2026,Quarta-feira,10:24:00,25,15,E,79,61,Sol,1018,1,25,sol
5884,4994,False,7,BR,Brasil,RN,Portalegre,NE,False,-6.024,-37.988,False,False,cities,5884,Portalegre,09/09/2026,Quarta-feira,11:09:00,25,16,E,81,59,Sol,1017,1,24,sol
5885,6319,False,7,BR,Brasil,RN,Porto do Mangue,NE,True,-5.068,-36.782,False,False,cities,5885,Porto do Mangue,09/09/2026,Quarta-feira,10:24:00,26,14,E,87,71,Sol,1017,1,27,sol
5883,6320,False,7,BR,Brasil,RN,Poço Branco,NE,False,-5.623,-35.663,False,False,cities,5883,Poço Branco,09/09/2026,Quarta-feira,10:24:00,25,17,E,87,78,Sol,1017,1,25,sol
5886,6976,False,7,BR,Brasil,RN,Praia da Pipa,NE,False,-6.217,-35.1,True,False,cities,5886,Praia da Pipa,09/09/2026,Quarta-feira,11:09:00,24,14,E,86,88,Sol com muitas nuvens,1017,2r,26,sol-com-muitas-nuvens
5887,6721,False,7,BR,Brasil,RN,Presidente Juscelino,NE,False,-6.106,-35.713,False,False,cities,5887,Presidente Juscelino,09/09/2026,Quarta-feira,10:24:00,25,16,E,84,77,Sol,1017,1,25,sol
4719,5918,False,7,BR,Brasil,RN,Pureza,NE,True,-5.467,-35.556,False,False,cities,4719,Pureza,09/09/2026,Quarta-feira,11:09:00,25,19,E,90,80,Sol e Chuva,1017,4,25,sol-e-chuva
5888,6722,False,7,BR,Brasil,RN,Rafael Fernandes,NE,False,-6.195,-38.226,False,False,cities,5888,Rafael Fernandes,09/09/2026,Quarta-feira,11:09:00,25,13,E,79,58,Sol,1017,1,25,sol
5889,6723,False,7,BR,Brasil,RN,Rafael Godeiro,NE,False,-6.076,-37.717,False,False,cities,5889,Rafael Godeiro,09/09/2026,Quarta-feira,10:24:00,25,16,E,81,59,Sol,1017,1,24,sol
5890,6724,False,7,BR,Brasil,RN,Riacho da Cruz,NE,False,-5.936,-37.946,False,False,cities,5890,Riacho da Cruz,09/09/2026,Quarta-feira,11:09:00,26,16,E,82,62,Sol,1017,1,26,sol
5891,6725,False,7,BR,Brasil,RN,Riacho de Santana,NE,False,-6.263,-38.316,False,False,cities,5891,Riacho de Santana,09/09/2026,Quarta-feira,10:24:00,24,13,E,79,60,Sol,1018,1,24,sol
5892,6726,False,7,BR,Brasil,RN,Riachuelo,NE,False,-5.815,-35.825,False,False,cities,5892,Riachuelo,09/09/2026,Quarta-feira,10:24:00,25,16,E,85,77,Sol,1017,1,26,sol
5894,6321,False,7,BR,Brasil,RN,Rio do Fogo,NE,True,-5.34,-35.36,False,False,cities,5894,Rio do Fogo,09/09/2026,Quarta-feira,11:09:00,25,21,E,90,83,Sol e Chuva,1017,4,26,sol-e-chuva
5928,6727,False,7,BR,Brasil,RN,Rodolfo Fernandes,NE,False,-5.788,-38.06,False,False,cities,5928,Rodolfo Fernandes,09/09/2026,Quarta-feira,11:09:00,26,15,E,82,59,Sol,1017,1,25,sol
5929,6728,False,7,BR,Brasil,RN,Ruy Barbosa,NE,False,-5.881,-35.935,False,False,cities,5929,Ruy Barbosa,09/09/2026,Quarta-feira,10:24:00,24,16,E,85,71,Sol,1017,1,24,sol
5930,2596,False,7,BR,Brasil,RN,Santa Cruz,NE,False,-6.229,-36.023,False,False,cities,5930,Santa Cruz,09/09/2026,Quarta-feira,11:09:00,24,18,E,83,66,Sol,1017,1,23,sol
5931,6322,False,7,BR,Brasil,RN,Santa Maria,NE,False,-5.84,-35.695,False,False,cities,5931,Santa Maria,09/09/2026,Quarta-feira,11:09:00,25,16,E,86,79,Sol,1017,1,26,sol
5932,5583,False,7,BR,Brasil,RN,Santana do Matos,NE,False,-5.958,-36.656,False,False,cities,5932,Santana do Matos,09/09/2026,Quarta-feira,10:24:00,24,11,E,83,67,Sol,1017,1,25,sol
5933,6729,False,7,BR,Brasil,RN,Santana do Seridó,NE,False,-6.771,-36.733,False,False,cities,5933,Santana do Seridó,09/09/2026,Quarta-feira,10:24:00,24,22,E,80,61,Sol,1017,1,21,sol
4545,5687,False,7,BR,Brasil,RN,Santo Antônio,NE,False,-6.311,-35.479,False,False,cities,4545,Santo Antônio,09/09/2026,Quarta-feira,10:24:00,24,15,E,84,80,Sol com algumas nuvens,1017,2,26,sol-com-algumas-nuvens
5644,6730,False,7,BR,Brasil,RN,Senador Elói de Souza,NE,False,-6.036,-35.693,False,False,cities,5644,Senador Elói de Souza,09/09/2026,Quarta-feira,11:09:00,25,16,E,85,78,Sol,1017,1,25,sol
5645,6877,False,7,BR,Brasil,RN,Senador Georgino Avelino,NE,True,-6.163,-35.123,False,False,cities,5645,Senador Georgino Avelino,09/09/2026,Quarta-feira,10:24:00,25,15,E,86,87,Sol com muitas nuvens,1017,2r,27,sol-com-muitas-nuvens
5648,6731,False,7,BR,Brasil,RN,Serra Negra do Norte,NE,False,-6.666,-37.397,False,False,cities,5648,Serra Negra do Norte,09/09/2026,Quarta-feira,10:24:00,24,15,ENE,79,57,Sol,1017,1,22,sol
5646,6140,False,7,BR,Brasil,RN,Serra de São Bento,NE,False,-6.417,-35.704,False,False,cities,5646,Serra de São Bento,09/09/2026,Quarta-feira,11:09:00,24,16,E,83,76,Sol,1017,1,25,sol
5647,6323,False,7,BR,Brasil,RN,Serra do Mel,NE,False,-5.17,-37.029,False,False,cities,5647,Serra do Mel,09/09/2026,Quarta-feira,11:09:00,25,12,E,87,63,Sol,1017,1,26,sol
5659,6732,False,7,BR,Brasil,RN,Serrinha,NE,False,-6.276,-35.499,False,False,cities,5659,Serrinha,09/09/2026,Quarta-feira,11:09:00,24,15,E,84,80,Sol com algumas nuvens,1017,2,26,sol-com-algumas-nuvens
5649,5284,False,7,BR,Brasil,RN,Serrinha dos Pintos,NE,False,-6.11,-37.956,False,False,cities,5649,Serrinha dos Pintos,09/09/2026,Quarta-feira,10:24:00,23,15,E,80,52,Sol,1018,1,21,sol
5670,6577,False,7,BR,Brasil,RN,Severiano Melo,NE,False,-5.777,-37.958,False,False,cities,5670,Severiano Melo,09/09/2026,Quarta-feira,10:24:00,26,15,E,82,62,Sol,1017,1,25,sol
5934,6324,False,7,BR,Brasil,RN,São Bento do Norte,NE,True,-5.07,-36.04,False,False,cities,5934,São Bento do Norte,09/09/2026,Quarta-feira,10:24:00,26,23,E,90,76,Sol com muitas nuvens,1016,2r,26,sol-com-muitas-nuvens
5935,6733,False,7,BR,Brasil,RN,São Bento do Trairi,NE,False,-6.342,-36.087,False,False,cities,5935,São Bento do Trairi,09/09/2026,Quarta-feira,10:24:00,24,18,E,83,66,Sol,1018,1,23,sol
5936,6141,False,7,BR,Brasil,RN,São Fernando,NE,False,-6.376,-37.184,False,False,cities,5936,São Fernando,09/09/2026,Quarta-feira,10:24:00,25,15,E,80,65,Sol,1017,1,25,sol
5937,6734,False,7,BR,Brasil,RN,São Francisco do Oeste,NE,False,-5.975,-38.152,False,False,cities,5937,São Francisco do Oeste,09/09/2026,Quarta-feira,11:09:00,26,15,E,80,60,Sol,1017,1,25,sol
5938,2594,False,7,BR,Brasil,RN,São Gonçalo do Amarante,NE,False,-5.793,-35.329,False,False,cities,5938,São Gonçalo do Amarante,09/09/2026,Quarta-feira,10:24:00,25,15,ESE,110,84,Sol com algumas nuvens,1017,2,26,sol-com-algumas-nuvens
5940,2595,False,7,BR,Brasil,RN,São José de Mipibu,NE,False,-6.075,-35.238,False,False,cities,5940,São José de Mipibu,09/09/2026,Quarta-feira,11:09:00,25,15,E,86,86,Sol e Chuva,1017,4,27,sol-e-chuva
5941,6325,False,7,BR,Brasil,RN,São José do Campestre,NE,False,-6.316,-35.714,False,False,cities,5941,São José do Campestre,09/09/2026,Quarta-feira,10:24:00,24,16,E,83,76,Sol,1017,1,25,sol
5942,6326,False,7,BR,Brasil,RN,São José do Seridó,NE,False,-6.449,-36.878,False,False,cities,5942,São José do Seridó,09/09/2026,Quarta-feira,10:24:00,25,16,E,81,65,Sol,1017,1,24,sol
5939,5331,False,7,BR,Brasil,RN,São João do Sabugi,NE,False,-6.718,-37.201,False,False,cities,5939,São João do Sabugi,09/09/2026,Quarta-feira,10:24:00,25,14,E,79,65,Sol,1017,1,25,sol
5944,2056,False,7,BR,Brasil,RN,São Miguel,NE,False,-6.212,-38.497,False,False,cities,5944,São Miguel,09/09/2026,Quarta-feira,10:24:00,24,14,ENE,79,60,Sol,1018,1,23,sol
5943,6327,False,7,BR,Brasil,RN,São Miguel do Gostoso,NE,True,-5.18,-35.639,False,False,cities,5943,São Miguel do Gostoso,09/09/2026,Quarta-feira,11:09:00,26,26,E,90,81,Sol com muitas nuvens,1016,2r,25,sol-com-muitas-nuvens
5945,6328,False,7,BR,Brasil,RN,São Paulo do Potengi,NE,False,-5.895,-35.763,False,False,cities,5945,São Paulo do Potengi,09/09/2026,Quarta-feira,10:24:00,25,16,E,85,77,Sol,1017,1,26,sol
5946,6329,False,7,BR,Brasil,RN,São Pedro,NE,False,-5.898,-35.634,False,False,cities,5946,São Pedro,09/09/2026,Quarta-feira,11:09:00,24,15,E,86,81,Sol,1017,1,26,sol
5947,6330,False,7,BR,Brasil,RN,São Rafael,NE,False,-5.799,-36.921,False,False,cities,5947,São Rafael,09/09/2026,Quarta-feira,10:24:00,25,13,E,83,64,Sol,1017,1,26,sol
5642,5223,False,7,BR,Brasil,RN,São Tomé,NE,False,-5.973,-36.075,False,False,cities,5642,São Tomé,09/09/2026,Quarta-feira,11:09:00,25,17,E,84,71,Sol,1017,1,25,sol
5643,6331,False,7,BR,Brasil,RN,São Vicente,NE,False,-6.217,-36.684,False,False,cities,5643,São Vicente,09/09/2026,Quarta-feira,10:24:00,22,14,E,82,58,Sol,1018,1,21,sol
5671,6735,False,7,BR,Brasil,RN,Sítio Novo,NE,False,-6.104,-35.911,False,False,cities,5671,Sítio Novo,09/09/2026,Quarta-feira,10:24:00,24,17,E,84,67,Sol,1017,1,23,sol
5673,4954,False,7,BR,Brasil,RN,Tabuleiro Grande,NE,False,-5.93,-38.045,False,False,cities,5673,Tabuleiro Grande,09/09/2026,Quarta-feira,11:09:00,26,15,E,81,60,Sol,1017,1,26,sol
5674,5332,False,7,BR,Brasil,RN,Taipu,NE,False,-5.622,-35.597,False,False,cities,5674,Taipu,09/09/2026,Quarta-feira,10:24:00,24,17,E,87,80,Sol,1017,1,25,sol
5675,6736,False,7,BR,Brasil,RN,Tangará,NE,False,-6.199,-35.802,False,False,cities,5675,Tangará,09/09/2026,Quarta-feira,11:09:00,25,17,E,84,75,Sol,1017,1,25,sol
5676,6737,False,7,BR,Brasil,RN,Tenente Ananias,NE,False,-6.465,-38.18,False,False,cities,5676,Tenente Ananias,09/09/2026,Quarta-feira,11:09:00,24,12,ENE,77,56,Sol,1018,1,23,sol
5677,6786,False,7,BR,Brasil,RN,Tenente Laurentino Cruz,NE,False,-6.148,-36.719,False,False,cities,5677,Tenente Laurentino Cruz,09/09/2026,Quarta-feira,10:24:00,22,15,E,82,61,Sol,1018,1,21,sol
5612,7862,False,7,BR,Brasil,RN,Tibau,NE,True,-4.837,-37.252,False,False,cities,5612,Tibau,09/09/2026,Quarta-feira,10:24:00,27,12,E,90,68,Sol,1017,1,28,sol
5710,6332,False,7,BR,Brasil,RN,Tibau do Sul,NE,True,-6.187,-35.092,False,False,cities,5710,Tibau do Sul,09/09/2026,Quarta-feira,10:24:00,25,15,E,86,87,Sol com muitas nuvens,1017,2r,27,sol-com-muitas-nuvens
4546,5688,False,7,BR,Brasil,RN,Timbaúba dos Batistas,NE,False,-6.465,-37.274,False,False,cities,4546,Timbaúba dos Batistas,09/09/2026,Quarta-feira,11:09:00,25,16,E,80,64,Sol,1017,1,25,sol
5711,6333,False,7,BR,Brasil,RN,Touros,NE,True,-5.199,-35.57,False,False,cities,5711,Touros,09/09/2026,Quarta-feira,10:24:00,25,23,E,90,81,Sol com muitas nuvens,1017,2r,25,sol-com-muitas-nuvens
5712,5224,False,7,BR,Brasil,RN,Triunfo Potiguar,NE,False,-5.867,-37.189,False,False,cities,5712,Triunfo Potiguar,09/09/2026,Quarta-feira,10:24:00,26,14,E,82,64,Sol,1017,1,26,sol
5713,5225,False,7,BR,Brasil,RN,Umarizal,NE,False,-5.991,-37.814,False,False,cities,5713,Umarizal,09/09/2026,Quarta-feira,11:09:00,26,16,E,81,62,Sol,1017,1,26,sol
5714,5584,False,7,BR,Brasil,RN,Upanema,NE,False,-5.642,-37.258,False,False,cities,5714,Upanema,09/09/2026,Quarta-feira,11:09:00,26,13,E,84,62,Sol,1017,1,26,sol
5716,6878,False,7,BR,Brasil,RN,Venha-Ver,NE,False,-6.326,-38.484,False,False,cities,5716,Venha-Ver,09/09/2026,Quarta-feira,10:24:00,23,13,ENE,78,55,Sol,1018,1,22,sol
5717,6334,False,7,BR,Brasil,RN,Vera Cruz,NE,False,-6.044,-35.428,False,False,cities,5717,Vera Cruz,09/09/2026,Quarta-feira,11:09:00,25,15,E,86,82,Sol,1017,1,26,sol
5719,6335,False,7,BR,Brasil,RN,Vila Flor,NE,True,-6.314,-35.077,False,False,cities,5719,Vila Flor,09/09/2026,Quarta-feira,11:09:00,24,14,E,85,89,Sol com muitas nuvens,1017,2r,26,sol-com-muitas-nuvens
5718,6738,False,7,BR,Brasil,RN,Viçosa,NE,False,-5.994,-37.944,False,False,cities,5718,Viçosa,09/09/2026,Quarta-feira,11:09:00,25,16,E,81,59,Sol,1017,1,24,sol
5715,6336,False,7,BR,Brasil,RN,Várzea,NE,False,-6.348,-35.376,False,False,cities,5715,Várzea,09/09/2026,Quarta-feira,10:24:00,24,15,E,84,80,Sol com algumas nuvens,1017,2,25,sol-com-algumas-nuvens
6043,6739,False,7,BR,Brasil,RN,Água Nova,NE,False,-6.209,-38.297,False,False,cities,6043,Água Nova,09/09/2026,Quarta-feira,11:09:00,24,13,E,79,60,Sol,1018,1,24,sol
5720,4201,False,7,BR,Brasil,RO,Alta Floresta d'Oeste,N,False,-11.968,-61.954,False,False,cities,5720,Alta Floresta d'Oeste,09/09/2026,Quarta-feira,11:09:00,22,3,E,80,71,Sol,1014,1,24,sol
5721,6481,False,7,BR,Brasil,RO,Alto Alegre do Parecis,N,False,-12.128,-61.851,False,False,cities,5721,Alto Alegre do Parecis,09/09/2026,Quarta-feira,11:09:00,23,3,E,80,70,Sol,1014,1,24,sol
5722,5226,False,7,BR,Brasil,RO,Alto Paraíso,N,False,-9.713,-63.321,False,False,cities,5722,Alto Paraíso,09/09/2026,Quarta-feira,11:09:00,23,13,ENE,70,93,Sol com muitas nuvens,1014,2r,24,sol-com-muitas-nuvens
5723,5333,False,7,BR,Brasil,RO,Alvorada d'Oeste,N,False,-11.341,-62.286,False,False,cities,5723,Alvorada d'Oeste,09/09/2026,Quarta-feira,11:09:00,23,3,ENE,78,80,Sol,1014,1,25,sol
5724,335,False,7,BR,Brasil,RO,Ariquemes,N,False,-9.913,-63.041,False,False,cities,5724,Ariquemes,09/09/2026,Quarta-feira,10:24:00,23,12,ENE,72,92,Sol com muitas nuvens,1014,2r,25,sol-com-muitas-nuvens
5725,6482,False,7,BR,Brasil,RO,Buritis,N,False,-10.212,-63.829,False,False,cities,5725,Buritis,09/09/2026,Quarta-feira,11:09:00,23,2,ENE,71,88,Sol com muitas nuvens,1014,2r,26,sol-com-muitas-nuvens
5726,5227,False,7,BR,Brasil,RO,Cabixi,N,False,-13.498,-60.554,False,False,cities,5726,Cabixi,09/09/2026,Quarta-feira,11:09:00,23,4,E,90,82,Sol com muitas nuvens,1013,2r,26,sol-com-muitas-nuvens
5727,2673,False,7,BR,Brasil,RO,Cacaulândia,N,False,-10.339,-62.895,False,False,cities,5727,Cacaulândia,09/09/2026,Quarta-feira,11:09:00,23,3,ENE,73,86,Sol e Chuva,1014,4,27,sol-e-chuva
5728,336,False,7,BR,Brasil,RO,Cacoal,N,False,-11.439,-61.447,False,False,cities,5728,Cacoal,09/09/2026,Quarta-feira,11:09:00,24,5,NE,55,78,Sol,1013,1,27,sol
5729,6483,False,7,BR,Brasil,RO,Campo Novo de Rondônia,N,False,-10.597,-63.612,False,False,cities,5729,Campo Novo de Rondônia,09/09/2026,Quarta-feira,11:09:00,22,2,ENE,73,78,Sol com muitas nuvens,1014,2r,24,sol-com-muitas-nuvens
5730,4202,False,7,BR,Brasil,RO,Candeias do Jamari,N,False,-8.81,-63.696,False,False,cities,5730,Candeias do Jamari,09/09/2026,Quarta-feira,10:24:00,24,7,ENE,66,95,Chuvoso,1013,5,28,chuvoso
5731,6484,False,7,BR,Brasil,RO,Castanheiras,N,False,-11.417,-61.939,False,False,cities,5731,Castanheiras,09/09/2026,Quarta-feira,10:24:00,23,4,E,80,78,Sol,1013,1,26,sol
4720,5919,False,7,BR,Brasil,RO,Cerejeiras,N,False,-13.189,-60.812,False,False,cities,4720,Cerejeiras,09/09/2026,Quarta-feira,11:09:00,23,4,E,90,71,Sol com muitas nuvens,1013,2r,25,sol-com-muitas-nuvens
5732,6485,False,7,BR,Brasil,RO,Chupinguaia,N,False,-12.552,-60.9,False,False,cities,5732,Chupinguaia,09/09/2026,Quarta-feira,11:09:00,22,5,E,86,79,Sol,1014,1,24,sol
5733,337,False,7,BR,Brasil,RO,Colorado do Oeste,N,False,-13.117,-60.542,False,False,cities,5733,Colorado do Oeste,09/09/2026,Quarta-feira,11:09:00,24,5,E,90,61,Sol com muitas nuvens,1014,2r,25,sol-com-muitas-nuvens
5734,4879,False,7,BR,Brasil,RO,Corumbiara,N,False,-12.962,-60.887,False,False,cities,5734,Corumbiara,09/09/2026,Quarta-feira,10:24:00,23,5,E,90,70,Sol com muitas nuvens,1013,2r,25,sol-com-muitas-nuvens
5735,6486,False,7,BR,Brasil,RO,Costa Marques,N,False,-12.445,-64.227,False,False,cities,5735,Costa Marques,09/09/2026,Quarta-feira,10:24:00,22,2,ENE,77,81,Sol,1013,1,24,sol
5736,6487,False,7,BR,Brasil,RO,Cujubim,N,False,-9.363,-62.585,False,False,cities,5736,Cujubim,09/09/2026,Quarta-feira,11:09:00,23,15,ENE,74,89,Sol com muitas nuvens,1014,2r,25,sol-com-muitas-nuvens
5737,4995,False,7,BR,Brasil,RO,Espigão do Oeste,N,False,-11.525,-61.013,False,False,cities,5737,Espigão do Oeste,09/09/2026,Quarta-feira,11:09:00,23,5,E,83,78,Sol,1013,1,25,sol
5738,5228,False,7,BR,Brasil,RO,Governador Jorge Teixeira,N,False,-10.525,-62.644,False,False,cities,5738,Governador Jorge Teixeira,09/09/2026,Quarta-feira,11:09:00,24,3,ENE,75,84,Sol com muitas nuvens,1014,2r,27,sol-com-muitas-nuvens
5739,338,False,7,BR,Brasil,RO,Guajará-Mirim,N,False,-10.783,-65.339,False,False,cities,5739,Guajará-Mirim,09/09/2026,Quarta-feira,10:24:00,22,1,E,80,87,Sol,1013,1,25,sol
5740,4118,False,7,BR,Brasil,RO,Itapuã do Oeste,N,False,-9.19,-63.19,False,False,cities,5740,Itapuã do Oeste,09/09/2026,Quarta-feira,11:09:00,24,23,SE,130,95,Nublado,1013,3,25,nublado
5741,6488,False,7,BR,Brasil,RO,Jamari,N,False,-9.205,-63.18,False,False,cities,5741,Jamari,09/09/2026,Quarta-feira,11:09:00,24,23,SE,130,95,Nublado,1013,3,25,nublado
5742,339,False,7,BR,Brasil,RO,Jaru,N,False,-10.439,-62.466,False,False,cities,5742,Jaru,09/09/2026,Quarta-feira,10:24:00,24,4,ENE,76,83,Sol com muitas nuvens,1014,2r,28,sol-com-muitas-nuvens
5743,340,False,7,BR,Brasil,RO,Ji-Paraná,N,False,-10.885,-61.952,False,False,cities,5743,Ji-Paraná,09/09/2026,Quarta-feira,10:24:00,24,4,E,79,78,Sol,1013,1,26,sol
5744,5285,False,7,BR,Brasil,RO,Machadinho d'Oeste,N,False,-9.444,-61.981,False,False,cities,5744,Machadinho d'Oeste,09/09/2026,Quarta-feira,11:09:00,23,7,E,79,85,Sol com muitas nuvens,1014,2r,26,sol-com-muitas-nuvens
5745,6489,False,7,BR,Brasil,RO,Ministro Andreazza,N,False,-11.074,-61.517,False,False,cities,5745,Ministro Andreazza,09/09/2026,Quarta-feira,10:24:00,23,4,E,82,70,Sol,1013,1,24,sol
5746,6490,False,7,BR,Brasil,RO,Mirante da Serra,N,False,-11.03,-62.675,False,False,cities,5746,Mirante da Serra,09/09/2026,Quarta-feira,10:24:00,23,3,ENE,76,78,Sol com algumas nuvens,1014,2,26,sol-com-algumas-nuvens
5747,6491,False,7,BR,Brasil,RO,Monte Negro,N,False,-10.294,-63.325,False,False,cities,5747,Monte Negro,09/09/2026,Quarta-feira,11:09:00,23,4,ENE,72,84,Sol com algumas nuvens,1014,2,26,sol-com-algumas-nuvens
5748,6807,False,7,BR,Brasil,RO,Nova Brasilândia d'Oeste,N,False,-11.7246,-62.3126,False,False,cities,5748,Nova Brasilândia d'Oeste,09/09/2026,Quarta-feira,10:24:00,22,4,ENE,78,75,Sol,1014,1,24,sol
5749,6492,False,7,BR,Brasil,RO,Nova Mamoré,N,False,-10.402,-65.327,False,False,cities,5749,Nova Mamoré,09/09/2026,Quarta-feira,11:09:00,22,1,E,79,88,Sol com algumas nuvens,1013,2,25,sol-com-algumas-nuvens
5750,6493,False,7,BR,Brasil,RO,Nova União,N,False,-10.904,-62.561,False,False,cities,5750,Nova União,09/09/2026,Quarta-feira,11:09:00,24,3,ENE,76,79,Sol com muitas nuvens,1014,2r,27,sol-com-muitas-nuvens
5751,5372,False,7,BR,Brasil,RO,Novo Horizonte d'Oeste,N,False,-11.696,-61.995,False,False,cities,5751,Novo Horizonte d'Oeste,09/09/2026,Quarta-feira,10:24:00,23,4,E,80,75,Sol,1014,1,25,sol
5752,6879,False,7,BR,Brasil,RO,Novo Horizonte do Oeste,N,False,-11.696,-61.995,False,False,cities,5752,Novo Horizonte do Oeste,09/09/2026,Quarta-feira,10:24:00,23,4,E,80,75,Sol,1014,1,25,sol
5753,341,False,7,BR,Brasil,RO,Ouro Preto do Oeste,N,False,-10.748,-62.216,False,False,cities,5753,Ouro Preto do Oeste,09/09/2026,Quarta-feira,11:09:00,24,3,ENE,78,80,Sol,1014,1,27,sol
5754,6494,False,7,BR,Brasil,RO,Parecis,N,False,-12.196,-61.601,False,False,cities,5754,Parecis,09/09/2026,Quarta-feira,10:24:00,22,4,E,81,72,Sol,1014,1,24,sol
5755,342,False,7,BR,Brasil,RO,Pimenta Bueno,N,False,-11.672,-61.194,False,False,cities,5755,Pimenta Bueno,09/09/2026,Quarta-feira,11:09:00,24,5,E,83,80,Sol,1013,1,26,sol
5756,6495,False,7,BR,Brasil,RO,Pimenteiras do Oeste,N,False,-13.482,-61.047,False,False,cities,5756,Pimenteiras do Oeste,09/09/2026,Quarta-feira,11:09:00,23,3,E,84,78,Sol com muitas nuvens,1013,2r,26,sol-com-muitas-nuvens
5757,343,True,7,BR,Brasil,RO,Porto Velho,N,False,-8.794,-63.846,False,False,cities,5757,Porto Velho,09/09/2026,Quarta-feira,10:24:00,24,5,ENE,66,94,Sol com muitas nuvens,1013,2r,28,sol-com-muitas-nuvens
5758,344,False,7,BR,Brasil,RO,Presidente Médici,N,False,-11.175,-61.901,False,False,cities,5758,Presidente Médici,09/09/2026,Quarta-feira,10:24:00,23,4,E,79,77,Sol,1013,1,26,sol
5759,6496,False,7,BR,Brasil,RO,Primavera de Rondônia,N,False,-11.817,-61.323,False,False,cities,5759,Primavera de Rondônia,09/09/2026,Quarta-feira,11:09:00,23,5,E,83,77,Sol,1013,1,26,sol
5760,6497,False,7,BR,Brasil,RO,Rio Crespo,N,False,-9.705,-62.9,False,False,cities,5760,Rio Crespo,09/09/2026,Quarta-feira,11:09:00,23,14,ENE,72,93,Sol com muitas nuvens,1014,2r,25,sol-com-muitas-nuvens
5761,345,False,7,BR,Brasil,RO,Rolim de Moura,N,False,-11.804,-61.803,False,False,cities,5761,Rolim de Moura,09/09/2026,Quarta-feira,10:24:00,23,4,E,81,76,Sol,1013,1,26,sol
5762,6498,False,7,BR,Brasil,RO,Santa Luzia d'Oeste,N,False,-11.908,-61.779,False,False,cities,5762,Santa Luzia d'Oeste,09/09/2026,Quarta-feira,10:24:00,23,4,E,80,74,Sol,1014,1,25,sol
5766,6499,False,7,BR,Brasil,RO,Seringueiras,N,False,-11.798,-63.031,False,False,cities,5766,Seringueiras,09/09/2026,Quarta-feira,11:09:00,22,2,ENE,75,82,Sol com muitas nuvens,1013,2r,25,sol-com-muitas-nuvens
5763,5286,False,7,BR,Brasil,RO,São Felipe d'Oeste,N,False,-11.902,-61.502,False,False,cities,5763,São Felipe d'Oeste,09/09/2026,Quarta-feira,10:24:00,23,5,E,82,75,Sol,1013,1,25,sol
5764,4933,False,7,BR,Brasil,RO,São Francisco do Guaporé,N,False,-12.052,-63.568,False,False,cities,5764,São Francisco do Guaporé,09/09/2026,Quarta-feira,11:09:00,22,1,ENE,75,79,Sol com muitas nuvens,1013,2r,25,sol-com-muitas-nuvens
5765,4763,False,7,BR,Brasil,RO,São Miguel do Guaporé,N,False,-11.694,-62.711,False,False,cities,5765,São Miguel do Guaporé,09/09/2026,Quarta-feira,10:24:00,23,2,ENE,76,81,Sol com algumas nuvens,1013,2,26,sol-com-algumas-nuvens
5767,6500,False,7,BR,Brasil,RO,Teixeirópolis,N,False,-10.917,-62.249,False,False,cities,5767,Teixeirópolis,09/09/2026,Quarta-feira,10:24:00,24,3,ENE,78,79,Sol com algumas nuvens,1014,2,27,sol-com-algumas-nuvens
5768,6501,False,7,BR,Brasil,RO,Theobroma,N,False,-10.239,-62.358,False,False,cities,5768,Theobroma,09/09/2026,Quarta-feira,11:09:00,23,5,ENE,76,84,Sol e Chuva,1014,4,26,sol-e-chuva
5770,6502,False,7,BR,Brasil,RO,Vale do Anari,N,False,-9.863,-62.186,False,False,cities,5770,Vale do Anari,09/09/2026,Quarta-feira,11:09:00,23,7,ENE,77,87,Sol com muitas nuvens,1014,2r,26,sol-com-muitas-nuvens
5771,6503,False,7,BR,Brasil,RO,Vale do Paraíso,N,False,-10.448,-62.134,False,False,cities,5771,Vale do Paraíso,09/09/2026,Quarta-feira,11:09:00,24,4,ENE,78,81,Sol,1014,1,27,sol
5772,346,False,7,BR,Brasil,RO,Vilhena,N,False,-12.741,-60.146,False,False,cities,5772,Vilhena,09/09/2026,Quarta-feira,10:24:00,20,8,E,90,74,Sol com muitas nuvens,1015,2r,21,sol-com-muitas-nuvens
5773,6504,False,7,BR,Brasil,RR,Alto Alegre,N,False,2.896,-61.498,False,False,cities,5773,Alto Alegre,09/09/2026,Quarta-feira,11:09:00,24,5,SSE,164,88,Nublado,1013,3,27,nublado
5774,6505,False,7,BR,Brasil,RR,Amajari,N,False,3.652,-61.371,False,False,cities,5774,Amajari,09/09/2026,Quarta-feira,11:09:00,25,5,SSE,164,83,Nublado,1013,3,28,nublado
5775,347,True,7,BR,Brasil,RR,Boa Vista,N,False,2.829,-60.662,False,False,cities,5775,Boa Vista,09/09/2026,Quarta-feira,10:24:00,26,11,SSE,164,79,Nublado,1013,3,29,nublado
5776,6506,False,7,BR,Brasil,RR,Bonfim,N,False,3.36,-59.833,False,False,cities,5776,Bonfim,09/09/2026,Quarta-feira,11:09:00,26,16,SSE,164,77,Sol com muitas nuvens,1013,2r,27,sol-com-muitas-nuvens
9143,6507,False,7,BR,Brasil,RR,Cantá,N,False,2.5727,-60.5951,False,False,cities,9143,Cantá,09/09/2026,Quarta-feira,10:24:00,25,11,SSE,164,79,Nublado,1013,3,28,nublado
5777,348,False,7,BR,Brasil,RR,Caracaraí,N,False,1.816,-61.128,False,False,cities,5777,Caracaraí,09/09/2026,Quarta-feira,11:09:00,25,3,SSE,164,88,Sol com muitas nuvens,1013,2r,29,sol-com-muitas-nuvens
5778,6508,False,7,BR,Brasil,RR,Caroebe,N,False,0.88,-59.7,False,False,cities,5778,Caroebe,09/09/2026,Quarta-feira,10:24:00,24,5,SSE,165,79,Sol com muitas nuvens,1013,2r,27,sol-com-muitas-nuvens
5779,6509,False,7,BR,Brasil,RR,Iracema,N,False,2.182,-61.041,False,False,cities,5779,Iracema,09/09/2026,Quarta-feira,11:09:00,25,4,SSE,164,86,Nublado,1013,3,29,nublado
5780,6510,False,7,BR,Brasil,RR,Mucajaí,N,False,2.43,-60.9,False,False,cities,5780,Mucajaí,09/09/2026,Quarta-feira,11:09:00,24,7,SSE,164,86,Nublado,1013,3,28,nublado
5877,6511,False,7,BR,Brasil,RR,Normandia,N,False,3.8978,-59.6249,False,False,cities,5877,Normandia,09/09/2026,Quarta-feira,11:09:00,25,9,SSE,164,80,Sol com algumas nuvens,1014,2,28,sol-com-algumas-nuvens
5781,5334,False,7,BR,Brasil,RR,Pacaraíma,N,False,4.431,-61.146,False,False,cities,5781,Pacaraíma,09/09/2026,Quarta-feira,10:24:00,20,4,SSE,164,62,Nublado,1014,3,21,nublado
5782,6512,False,7,BR,Brasil,RR,Rorainópolis,N,False,0.94,-60.44,False,False,cities,5782,Rorainópolis,09/09/2026,Quarta-feira,10:24:00,24,7,SSE,158,85,Sol com muitas nuvens,1013,2r,27,sol-com-muitas-nuvens
5783,6513,False,7,BR,Brasil,RR,São João da Baliza,N,False,0.95,-59.91,False,False,cities,5783,São João da Baliza,09/09/2026,Quarta-feira,10:24:00,24,6,SSE,162,80,Sol com algumas nuvens,1013,2,26,sol-com-algumas-nuvens
5784,6514,False,7,BR,Brasil,RR,São Luiz,N,True,1.015,-60.04,False,False,cities,5784,São Luiz,09/09/2026,Quarta-feira,11:09:00,24,6,SSE,159,82,Sol com algumas nuvens,1013,2,26,sol-com-algumas-nuvens
5785,6515,False,7,BR,Brasil,RR,Uiramutã,N,False,4.596,-60.168,False,False,cities,5785,Uiramutã,09/09/2026,Quarta-feira,11:09:00,22,5,SSE,164,72,Sol com muitas nuvens,1015,2r,23,sol-com-muitas-nuvens
5786,4880,False,7,BR,Brasil,RS,Aceguá,S,False,-31.87,-54.16,False,False,cities,5786,Aceguá,09/09/2026,Quarta-feira,10:24:00,7,7,E,82,92,Nublado,1019,3,5,nublado
5788,3379,False,7,BR,Brasil,RS,Agudo,S,False,-29.645,-53.24,False,False,cities,5788,Agudo,09/09/2026,Quarta-feira,10:24:00,8,4,ENE,68,80,Sol com muitas nuvens,1019,2r,6,sol-com-muitas-nuvens
5789,2930,False,7,BR,Brasil,RS,Ajuricaba,S,False,-28.239,-53.771,False,False,cities,5789,Ajuricaba,09/09/2026,Quarta-feira,10:24:00,13,10,ENE,62,70,Nublado,1017,3,11,nublado
5790,2931,False,7,BR,Brasil,RS,Alecrim,S,False,-27.655,-54.764,False,False,cities,5790,Alecrim,09/09/2026,Quarta-feira,10:24:00,13,7,ENE,61,78,Sol com muitas nuvens,1016,2r,11,sol-com-muitas-nuvens
5791,1376,False,7,BR,Brasil,RS,Alegrete,S,False,-29.783,-55.792,False,True,cities,5791,Alegrete,09/09/2026,Quarta-feira,11:09:00,11,11,ENE,75,76,Nublado,1018,3,8,nublado
5792,2932,False,7,BR,Brasil,RS,Alegria,S,False,-27.833,-54.061,False,True,cities,5792,Alegria,09/09/2026,Quarta-feira,10:24:00,13,8,ENE,60,69,Nublado,1016,3,11,nublado
5793,5585,False,7,BR,Brasil,RS,Almirante Tamandaré do Sul,S,False,-28.1,-52.917,False,True,cities,5793,Almirante Tamandaré do Sul,09/09/2026,Quarta-feira,11:09:00,12,9,ENE,62,65,Sol com muitas nuvens,1018,2r,10,sol-com-muitas-nuvens
5794,4335,False,7,BR,Brasil,RS,Alpestre,S,False,-27.249,-53.035,False,False,cities,5794,Alpestre,09/09/2026,Quarta-feira,10:24:00,14,7,ENE,59,67,Sol com muitas nuvens,1017,2r,12,sol-com-muitas-nuvens
5795,2933,False,7,BR,Brasil,RS,Alto Alegre,S,False,-28.774,-52.991,False,True,cities,5795,Alto Alegre,09/09/2026,Quarta-feira,10:24:00,11,6,ENE,65,75,Nublado,1020,3,9,nublado
5796,4336,False,7,BR,Brasil,RS,Alto Feliz,S,False,-29.392,-51.312,False,False,cities,5796,Alto Feliz,09/09/2026,Quarta-feira,10:24:00,12,5,ENE,71,78,Nublado,1020,3,10,nublado
5797,776,False,7,BR,Brasil,RS,Alvorada,S,False,-29.99,-51.084,False,False,cities,5797,Alvorada,09/09/2026,Quarta-feira,10:24:00,12,4,N,2,94,Sol com muitas nuvens,1025,2r,12,sol-com-muitas-nuvens
5798,4337,False,7,BR,Brasil,RS,Amaral Ferrador,S,False,-30.878,-52.258,False,False,cities,5798,Amaral Ferrador,09/09/2026,Quarta-feira,11:09:00,10,5,ENE,73,95,Nublado,1020,3,10,nublado
5799,4338,False,7,BR,Brasil,RS,Ametista do Sul,S,False,-27.361,-53.182,False,False,cities,5799,Ametista do Sul,09/09/2026,Quarta-feira,11:09:00,14,7,ENE,59,71,Sol com muitas nuvens,1017,2r,13,sol-com-muitas-nuvens
5800,4339,False,7,BR,Brasil,RS,André da Rocha,S,False,-28.631,-51.572,False,False,cities,5800,André da Rocha,09/09/2026,Quarta-feira,10:24:00,9,7,ENE,67,68,Sol com muitas nuvens,1018,2r,8,sol-com-muitas-nuvens
5801,4340,False,7,BR,Brasil,RS,Anta Gorda,S,False,-28.97,-52.005,False,False,cities,5801,Anta Gorda,09/09/2026,Quarta-feira,10:24:00,10,4,ENE,68,79,Sol com muitas nuvens,1020,2r,8,sol-com-muitas-nuvens
5509,4341,False,7,BR,Brasil,RS,Antônio Prado,S,False,-28.858,-51.283,False,True,cities,5509,Antônio Prado,09/09/2026,Quarta-feira,11:09:00,10,7,ENE,68,68,Sol com muitas nuvens,1020,2r,8,sol-com-muitas-nuvens
5510,4342,False,7,BR,Brasil,RS,Arambaré,S,False,-30.915,-51.58,False,False,cities,5510,Arambaré,09/09/2026,Quarta-feira,10:24:00,13,4,ENE,74,95,Nublado,1019,3,12,nublado
5511,4343,False,7,BR,Brasil,RS,Araricá,S,False,-29.614,-50.925,False,False,cities,5511,Araricá,09/09/2026,Quarta-feira,11:09:00,11,4,ENE,72,89,Nublado,1021,3,10,nublado
5512,4344,False,7,BR,Brasil,RS,Aratiba,S,False,-27.394,-52.3,False,False,cities,5512,Aratiba,09/09/2026,Quarta-feira,11:09:00,14,8,ENE,62,67,Sol com muitas nuvens,1017,2r,12,sol-com-muitas-nuvens
5518,1377,False,7,BR,Brasil,RS,Arroio Grande,S,False,-32.238,-53.087,False,True,cities,5518,Arroio Grande,09/09/2026,Quarta-feira,11:09:00,7,8,E,80,95,Nublado,1020,3,6,nublado
5513,4345,False,7,BR,Brasil,RS,Arroio do Meio,S,False,-29.401,-51.945,False,False,cities,5513,Arroio do Meio,09/09/2026,Quarta-feira,10:24:00,10,4,ENE,69,89,Sol com muitas nuvens,1021,2r,8,sol-com-muitas-nuvens
5514,6828,False,7,BR,Brasil,RS,Arroio do Padre,S,False,-31.441,-52.424,False,False,cities,5514,Arroio do Padre,09/09/2026,Quarta-feira,10:24:00,8,7,ENE,74,92,Nublado,1020,3,7,nublado
5515,4346,False,7,BR,Brasil,RS,Arroio do Sal,S,True,-29.55,-49.89,False,False,cities,5515,Arroio do Sal,09/09/2026,Quarta-feira,11:09:00,12,5,ENE,74,87,Nublado,1020,3,11,nublado
5517,2934,False,7,BR,Brasil,RS,Arroio do Tigre,S,False,-29.333,-53.093,False,False,cities,5517,Arroio do Tigre,09/09/2026,Quarta-feira,10:24:00,9,3,SSE,149,78,Sol com muitas nuvens,1018,2r,8,sol-com-muitas-nuvens
5516,4347,False,7,BR,Brasil,RS,Arroio dos Ratos,S,False,-30.077,-51.729,False,False,cities,5516,Arroio dos Ratos,09/09/2026,Quarta-feira,10:24:00,10,2,ENE,72,95,Sol com muitas nuvens,1020,2r,9,sol-com-muitas-nuvens
5519,3137,False,7,BR,Brasil,RS,Arvorezinha,S,False,-28.872,-52.175,False,False,cities,5519,Arvorezinha,09/09/2026,Quarta-feira,10:24:00,8,4,ENE,67,67,Sol com muitas nuvens,1020,2r,5,sol-com-muitas-nuvens
5520,2935,False,7,BR,Brasil,RS,Augusto Pestana,S,False,-28.517,-53.992,False,False,cities,5520,Augusto Pestana,09/09/2026,Quarta-feira,10:24:00,12,11,ENE,63,71,Nublado,1017,3,10,nublado
5522,349,False,7,BR,Brasil,RS,Bagé,S,False,-31.331,-54.107,False,False,cities,5522,Bagé,09/09/2026,Quarta-feira,10:24:00,8,5,E,99,90,Nublado,1019,3,6,nublado
5523,4348,False,7,BR,Brasil,RS,Balneário Pinhal,S,True,-30.248,-50.233,False,False,cities,5523,Balneário Pinhal,09/09/2026,Quarta-feira,10:24:00,13,7,ENE,75,95,Sol com muitas nuvens,1020,2r,13,sol-com-muitas-nuvens
5532,2936,False,7,BR,Brasil,RS,Barra Funda,S,False,-27.923,-53.039,False,False,cities,5532,Barra Funda,09/09/2026,Quarta-feira,10:24:00,13,8,ENE,61,69,Sol com muitas nuvens,1017,2r,11,sol-com-muitas-nuvens
5528,4349,False,7,BR,Brasil,RS,Barra do Guarita,S,False,-27.192,-53.71,False,False,cities,5528,Barra do Guarita,09/09/2026,Quarta-feira,11:09:00,15,7,ENE,59,72,Sol com muitas nuvens,1016,2r,14,sol-com-muitas-nuvens
5529,1378,False,7,BR,Brasil,RS,Barra do Quaraí,S,False,-30.207,-57.555,False,True,cities,5529,Barra do Quaraí,09/09/2026,Quarta-feira,10:24:00,11,13,ESE,103,82,Nublado,1016,3,8,nublado
5530,4350,False,7,BR,Brasil,RS,Barra do Ribeiro,S,False,-30.291,-51.301,False,False,cities,5530,Barra do Ribeiro,09/09/2026,Quarta-feira,10:24:00,12,3,ENE,73,95,Sol com muitas nuvens,1019,2r,12,sol-com-muitas-nuvens
5531,4351,False,7,BR,Brasil,RS,Barra do Rio Azul,S,False,-27.409,-52.41,False,False,cities,5531,Barra do Rio Azul,09/09/2026,Quarta-feira,11:09:00,13,8,ENE,61,63,Sol com muitas nuvens,1017,2r,11,sol-com-muitas-nuvens
5527,2937,False,7,BR,Brasil,RS,Barracão,S,False,-27.672,-51.461,False,False,cities,5527,Barracão,09/09/2026,Quarta-feira,10:24:00,14,6,ENE,65,66,Sol com muitas nuvens,1017,2r,12,sol-com-muitas-nuvens
5533,4352,False,7,BR,Brasil,RS,Barros Cassal,S,False,-29.093,-52.583,False,False,cities,5533,Barros Cassal,09/09/2026,Quarta-feira,11:09:00,8,3,ENE,67,73,Sol com muitas nuvens,1021,2r,6,sol-com-muitas-nuvens
5526,4353,False,7,BR,Brasil,RS,Barão,S,False,-29.377,-51.496,False,False,cities,5526,Barão,09/09/2026,Quarta-feira,10:24:00,10,5,ENE,70,76,Nublado,1020,3,9,nublado
5524,4354,False,7,BR,Brasil,RS,Barão de Cotegipe,S,False,-27.621,-52.38,False,False,cities,5524,Barão de Cotegipe,09/09/2026,Quarta-feira,10:24:00,11,8,ENE,63,60,Sol com muitas nuvens,1018,2r,8,sol-com-muitas-nuvens
5525,4355,False,7,BR,Brasil,RS,Barão do Triunfo,S,False,-30.388,-51.734,False,False,cities,5525,Barão do Triunfo,09/09/2026,Quarta-feira,11:09:00,9,2,ENE,73,87,Sol com muitas nuvens,1018,2r,8,sol-com-muitas-nuvens
5534,4356,False,7,BR,Brasil,RS,Benjamin Constant do Sul,S,False,-27.51,-52.598,False,False,cities,5534,Benjamin Constant do Sul,09/09/2026,Quarta-feira,11:09:00,11,7,ENE,61,59,Sol com muitas nuvens,1017,2r,8,sol-com-muitas-nuvens
5535,350,False,7,BR,Brasil,RS,Bento Gonçalves,S,False,-29.171,-51.519,True,False,cities,5535,Bento Gonçalves,09/09/2026,Quarta-feira,11:09:00,11,5,E,80,74,Sol com muitas nuvens,1019,2r,9,sol-com-muitas-nuvens
5537,2939,False,7,BR,Brasil,RS,Boa Vista do Buricá,S,False,-27.669,-54.11,False,False,cities,5537,Boa Vista do Buricá,09/09/2026,Quarta-feira,10:24:00,14,8,ENE,60,73,Nublado,1016,3,13,nublado
5538,5335,False,7,BR,Brasil,RS,Boa Vista do Cadeado,S,False,-28.55,-53.8,False,False,cities,5538,Boa Vista do Cadeado,09/09/2026,Quarta-feira,10:24:00,12,11,ENE,63,69,Nublado,1018,3,9,nublado
5539,5613,False,7,BR,Brasil,RS,Boa Vista do Incra,S,False,-28.818,-53.388,False,True,cities,5539,Boa Vista do Incra,09/09/2026,Quarta-feira,10:24:00,10,8,ENE,65,72,Nublado,1020,3,7,nublado
5540,4357,False,7,BR,Brasil,RS,Boa Vista do Sul,S,False,-29.351,-51.676,False,False,cities,5540,Boa Vista do Sul,09/09/2026,Quarta-feira,10:24:00,8,5,ENE,70,74,Sol com muitas nuvens,1020,2r,6,sol-com-muitas-nuvens
5541,6925,False,7,BR,Brasil,RS,Boca do Monte,S,False,-29.641,-53.929,False,False,cities,5541,Boca do Monte,09/09/2026,Quarta-feira,11:09:00,9,6,ENE,68,82,Sol com muitas nuvens,1020,2r,8,sol-com-muitas-nuvens
5542,6142,False,7,BR,Brasil,RS,Bojuru,S,False,-31.633,-51.417,False,False,cities,5542,Bojuru,09/09/2026,Quarta-feira,10:24:00,0,9,ENE,75,0,Nublado,0,3,0,nublado
5543,351,False,7,BR,Brasil,RS,Bom Jesus,S,False,-28.668,-50.417,False,False,cities,5543,Bom Jesus,09/09/2026,Quarta-feira,10:24:00,9,8,E,93,58,Sol com muitas nuvens,1022,2r,8,sol-com-muitas-nuvens
5544,4358,False,7,BR,Brasil,RS,Bom Princípio,S,False,-29.489,-51.353,False,False,cities,5544,Bom Princípio,09/09/2026,Quarta-feira,11:09:00,13,4,ENE,71,92,Sol com muitas nuvens,1020,2r,13,sol-com-muitas-nuvens
5545,3066,False,7,BR,Brasil,RS,Bom Progresso,S,False,-27.544,-53.866,False,False,cities,5545,Bom Progresso,09/09/2026,Quarta-feira,10:24:00,15,7,ENE,59,72,Sol com muitas nuvens,1016,2r,13,sol-com-muitas-nuvens
5546,4359,False,7,BR,Brasil,RS,Bom Retiro do Sul,S,False,-29.609,-51.943,False,False,cities,5546,Bom Retiro do Sul,09/09/2026,Quarta-feira,11:09:00,10,4,ENE,70,94,Sol com muitas nuvens,1026,2r,9,sol-com-muitas-nuvens
5547,4360,False,7,BR,Brasil,RS,Boqueirão do Leão,S,False,-29.304,-52.429,False,False,cities,5547,Boqueirão do Leão,09/09/2026,Quarta-feira,11:09:00,7,3,ENE,68,72,Sol e Chuva,1021,4,5,sol-e-chuva
5548,6779,False,7,BR,Brasil,RS,Bororé,S,False,-29.022,-55.889,False,False,cities,5548,Bororé,09/09/2026,Quarta-feira,11:09:00,13,11,ENE,71,71,Nublado,1016,3,10,nublado
5549,2941,False,7,BR,Brasil,RS,Bossoroca,S,False,-28.73,-54.9,False,False,cities,5549,Bossoroca,09/09/2026,Quarta-feira,10:24:00,14,8,ENE,65,69,Nublado,1017,3,12,nublado
5550,6937,False,7,BR,Brasil,RS,Bozano,S,False,-28.37,-53.77,False,False,cities,5550,Bozano,09/09/2026,Quarta-feira,11:09:00,13,11,ENE,62,70,Nublado,1018,3,10,nublado
5551,2942,False,7,BR,Brasil,RS,Braga,S,False,-27.614,-53.739,False,False,cities,5551,Braga,09/09/2026,Quarta-feira,10:24:00,14,7,ENE,59,68,Nublado,1016,3,12,nublado
5552,4361,False,7,BR,Brasil,RS,Brochier,S,False,-29.5,-51.633,False,False,cities,5552,Brochier,09/09/2026,Quarta-feira,10:24:00,10,4,ENE,70,82,Sol com muitas nuvens,1022,2r,8,sol-com-muitas-nuvens
5553,4362,False,7,BR,Brasil,RS,Butiá,S,False,-30.12,-51.962,False,False,cities,5553,Butiá,09/09/2026,Quarta-feira,11:09:00,9,3,ENE,71,95,Sol com muitas nuvens,1021,2r,8,sol-com-muitas-nuvens
5555,4363,False,7,BR,Brasil,RS,Cacequi,S,False,-29.884,-54.825,False,True,cities,5555,Cacequi,09/09/2026,Quarta-feira,10:24:00,9,6,ENE,71,83,Nublado,1019,3,9,nublado
5556,1379,False,7,BR,Brasil,RS,Cachoeira do Sul,S,False,-30.039,-52.894,False,True,cities,5556,Cachoeira do Sul,09/09/2026,Quarta-feira,11:09:00,10,5,ENE,70,92,Sol com algumas nuvens,1019,2,9,sol-com-algumas-nuvens
5557,777,False,7,BR,Brasil,RS,Cachoeirinha,S,False,-29.951,-51.094,False,False,cities,5557,Cachoeirinha,09/09/2026,Quarta-feira,10:24:00,12,4,N,2,94,Sol com muitas nuvens,1025,2r,12,sol-com-muitas-nuvens
5558,2943,False,7,BR,Brasil,RS,Cacique Doble,S,False,-27.77,-51.66,False,False,cities,5558,Cacique Doble,09/09/2026,Quarta-feira,10:24:00,13,7,ENE,65,64,Sol com muitas nuvens,1019,2r,11,sol-com-muitas-nuvens
5559,2944,False,7,BR,Brasil,RS,Caibaté,S,False,-28.288,-54.638,False,False,cities,5559,Caibaté,09/09/2026,Quarta-feira,10:24:00,14,10,ENE,62,72,Nublado,1016,3,12,nublado
5560,4364,False,7,BR,Brasil,RS,Caiçara,S,False,-27.274,-53.432,False,False,cities,5560,Caiçara,09/09/2026,Quarta-feira,11:09:00,15,7,ENE,59,69,Sol com muitas nuvens,1017,2r,13,sol-com-muitas-nuvens
5561,1380,False,7,BR,Brasil,RS,Camaquã,S,False,-30.851,-51.812,False,True,cities,5561,Camaquã,09/09/2026,Quarta-feira,10:24:00,11,4,ENE,74,95,Nublado,1019,3,10,nublado
5562,4365,False,7,BR,Brasil,RS,Camargo,S,False,-28.587,-52.202,False,False,cities,5562,Camargo,09/09/2026,Quarta-feira,10:24:00,10,5,ENE,65,72,Nublado,1019,3,8,nublado
5563,1381,False,7,BR,Brasil,RS,Cambará do Sul,S,False,-29.048,-50.145,False,False,cities,5563,Cambará do Sul,09/09/2026,Quarta-feira,10:24:00,8,8,ENE,72,61,Nublado,1022,3,7,nublado
5564,4366,False,7,BR,Brasil,RS,Campestre da Serra,S,False,-28.795,-51.093,False,False,cities,5564,Campestre da Serra,09/09/2026,Quarta-feira,10:24:00,9,8,ENE,69,64,Sol com muitas nuvens,1021,2r,8,sol-com-muitas-nuvens
5565,2945,False,7,BR,Brasil,RS,Campina das Missões,S,False,-27.989,-54.839,False,False,cities,5565,Campina das Missões,09/09/2026,Quarta-feira,11:09:00,14,8,ENE,62,73,Sol com muitas nuvens,1016,2r,12,sol-com-muitas-nuvens
5566,2946,False,7,BR,Brasil,RS,Campinas do Sul,S,False,-27.716,-52.627,False,False,cities,5566,Campinas do Sul,09/09/2026,Quarta-feira,10:24:00,12,8,ENE,62,63,Sol com muitas nuvens,1017,2r,9,sol-com-muitas-nuvens
5567,2057,False,7,BR,Brasil,RS,Campo Bom,S,False,-29.679,-51.053,False,False,cities,5567,Campo Bom,09/09/2026,Quarta-feira,10:24:00,10,4,NW,310,86,Sol com muitas nuvens,1021,2r,9,sol-com-muitas-nuvens
5568,2947,False,7,BR,Brasil,RS,Campo Novo,S,False,-27.68,-53.81,False,False,cities,5568,Campo Novo,09/09/2026,Quarta-feira,11:09:00,14,7,ENE,59,69,Nublado,1016,3,12,nublado
5569,2948,False,7,BR,Brasil,RS,Campos Borges,S,False,-28.886,-52.999,False,False,cities,5569,Campos Borges,09/09/2026,Quarta-feira,10:24:00,9,5,ENE,65,72,Nublado,1021,3,9,nublado
5570,1382,False,7,BR,Brasil,RS,Candelária,S,False,-29.669,-52.789,False,False,cities,5570,Candelária,09/09/2026,Quarta-feira,11:09:00,10,4,ENE,69,88,Sol com algumas nuvens,1018,2,9,sol-com-algumas-nuvens
5572,4367,False,7,BR,Brasil,RS,Candiota,S,False,-31.558,-53.672,False,False,cities,5572,Candiota,09/09/2026,Quarta-feira,10:24:00,8,5,ENE,78,90,Nublado,1019,3,7,nublado
5573,2170,False,7,BR,Brasil,RS,Canela,S,False,-29.366,-50.816,True,False,cities,5573,Canela,09/09/2026,Quarta-feira,10:24:00,10,5,E,80,72,Nublado,1021,3,8,nublado
5574,2949,False,7,BR,Brasil,RS,Canguçu,S,False,-31.395,-52.676,False,False,cities,5574,Canguçu,09/09/2026,Quarta-feira,10:24:00,7,7,ENE,74,84,Nublado,1020,3,6,nublado
5575,1383,False,7,BR,Brasil,RS,Canoas,S,False,-29.918,-51.184,False,False,cities,5575,Canoas,09/09/2026,Quarta-feira,11:09:00,11,4,NNE,30,94,Sol com muitas nuvens,1023,2r,11,sol-com-muitas-nuvens
5576,6960,False,7,BR,Brasil,RS,Canudos do Vale,S,False,-29.317,-52.25,False,False,cities,5576,Canudos do Vale,09/09/2026,Quarta-feira,10:24:00,8,4,ENE,68,78,Sol com muitas nuvens,1022,2r,6,sol-com-muitas-nuvens
5582,4369,False,7,BR,Brasil,RS,Capitão,S,False,-29.269,-51.989,False,False,cities,5582,Capitão,09/09/2026,Quarta-feira,10:24:00,8,4,ENE,69,78,Sol com muitas nuvens,1021,2r,6,sol-com-muitas-nuvens
5583,5373,False,7,BR,Brasil,RS,Capivari do Sul,S,False,-30.145,-50.515,False,False,cities,5583,Capivari do Sul,09/09/2026,Quarta-feira,11:09:00,13,5,ENE,74,94,Sol com muitas nuvens,1021,2r,12,sol-com-muitas-nuvens
5577,3428,False,7,BR,Brasil,RS,Capão Bonito do Sul,S,False,-28.1,-51.4,False,False,cities,5577,Capão Bonito do Sul,09/09/2026,Quarta-feira,10:24:00,12,7,ENE,66,63,Sol com algumas nuvens,1019,2,9,sol-com-algumas-nuvens
5578,352,False,7,BR,Brasil,RS,Capão da Canoa,S,True,-29.74,-50.01,False,False,cities,5578,Capão da Canoa,09/09/2026,Quarta-feira,10:24:00,12,5,ENE,74,93,Nublado,1020,3,11,nublado
5579,4955,False,7,BR,Brasil,RS,Capão do Cipó,S,False,-28.94,-54.56,False,True,cities,5579,Capão do Cipó,09/09/2026,Quarta-feira,10:24:00,12,7,ENE,65,68,Nublado,1018,3,10,nublado
5580,4370,False,7,BR,Brasil,RS,Capão do Leão,S,False,-31.763,-52.484,False,False,cities,5580,Capão do Leão,09/09/2026,Quarta-feira,10:24:00,9,8,ENE,75,95,Nublado,1020,3,8,nublado
5585,1384,False,7,BR,Brasil,RS,Carazinho,S,False,-28.284,-52.786,False,False,cities,5585,Carazinho,09/09/2026,Quarta-feira,11:09:00,12,9,ENE,63,66,Sol com muitas nuvens,1019,2r,10,sol-com-muitas-nuvens
5584,4371,False,7,BR,Brasil,RS,Caraá,S,False,-29.79,-50.435,False,False,cities,5584,Caraá,09/09/2026,Quarta-feira,11:09:00,10,4,ENE,73,86,Sol com muitas nuvens,1021,2r,9,sol-com-muitas-nuvens
5586,4372,False,7,BR,Brasil,RS,Carlos Barbosa,S,False,-29.298,-51.504,False,False,cities,5586,Carlos Barbosa,09/09/2026,Quarta-feira,11:09:00,10,5,ENE,70,70,Sol com muitas nuvens,1020,2r,8,sol-com-muitas-nuvens
5587,4373,False,7,BR,Brasil,RS,Carlos Gomes,S,False,-27.718,-51.914,False,False,cities,5587,Carlos Gomes,09/09/2026,Quarta-feira,11:09:00,14,8,ENE,64,67,Sol com muitas nuvens,1018,2r,12,sol-com-muitas-nuvens
5588,4374,False,7,BR,Brasil,RS,Casca,S,False,-28.561,-51.978,False,False,cities,5588,Casca,09/09/2026,Quarta-feira,10:24:00,10,6,ENE,66,66,Nublado,1018,3,9,nublado
5589,2951,False,7,BR,Brasil,RS,Caseiros,S,False,-28.269,-51.69,False,False,cities,5589,Caseiros,09/09/2026,Quarta-feira,10:24:00,11,7,ENE,66,58,Sol com muitas nuvens,1018,2r,8,sol-com-muitas-nuvens
5590,3380,False,7,BR,Brasil,RS,Cassino,S,True,-32.183,-52.15,False,False,cities,5590,Cassino,09/09/2026,Quarta-feira,11:09:00,9,10,ENE,76,95,Nublado,1020,3,8,nublado
5591,2058,False,7,BR,Brasil,RS,Catuípe,S,False,-28.25,-54.012,False,True,cities,5591,Catuípe,09/09/2026,Quarta-feira,10:24:00,13,10,ENE,61,70,Nublado,1017,3,10,nublado
5592,353,False,7,BR,Brasil,RS,Caxias do Sul,S,False,-29.168,-51.179,True,True,cities,5592,Caxias do Sul,09/09/2026,Quarta-feira,10:24:00,11,5,ENE,70,68,Sol com muitas nuvens,1020,2r,9,sol-com-muitas-nuvens
5554,1385,False,7,BR,Brasil,RS,Caçapava do Sul,S,False,-30.512,-53.491,False,False,cities,5554,Caçapava do Sul,09/09/2026,Quarta-feira,10:24:00,9,6,ENE,72,84,Chuvoso,1021,5,8,chuvoso
5593,4375,False,7,BR,Brasil,RS,Centenário,S,False,-27.761,-51.999,False,False,cities,5593,Centenário,09/09/2026,Quarta-feira,11:09:00,14,8,ENE,64,67,Sol com muitas nuvens,1018,2r,12,sol-com-muitas-nuvens
5594,4376,False,7,BR,Brasil,RS,Cerrito,S,False,-31.856,-52.813,False,True,cities,5594,Cerrito,09/09/2026,Quarta-feira,11:09:00,8,8,ENE,77,95,Nublado,1020,3,6,nublado
5595,4377,False,7,BR,Brasil,RS,Cerro Branco,S,False,-29.66,-52.94,False,False,cities,5595,Cerro Branco,09/09/2026,Quarta-feira,10:24:00,10,4,ENE,69,86,Sol com algumas nuvens,1018,2,8,sol-com-algumas-nuvens
5597,4378,False,7,BR,Brasil,RS,Cerro Grande,S,False,-27.606,-53.167,False,False,cities,5597,Cerro Grande,09/09/2026,Quarta-feira,10:24:00,14,7,ENE,60,68,Nublado,1017,3,12,nublado
5596,4379,False,7,BR,Brasil,RS,Cerro Grande do Sul,S,False,-30.597,-51.752,False,False,cities,5596,Cerro Grande do Sul,09/09/2026,Quarta-feira,10:24:00,11,3,ENE,73,94,Nublado,1018,3,10,nublado
5598,2952,False,7,BR,Brasil,RS,Cerro Largo,S,False,-28.149,-54.738,False,False,cities,5598,Cerro Largo,09/09/2026,Quarta-feira,10:24:00,14,9,ENE,62,71,Sol com muitas nuvens,1016,2r,11,sol-com-muitas-nuvens
5599,2953,False,7,BR,Brasil,RS,Chapada,S,False,-28.06,-53.06,False,False,cities,5599,Chapada,09/09/2026,Quarta-feira,11:09:00,13,8,ENE,62,69,Sol com muitas nuvens,1017,2r,11,sol-com-muitas-nuvens
5600,4380,False,7,BR,Brasil,RS,Charqueadas,S,False,-29.955,-51.625,False,False,cities,5600,Charqueadas,09/09/2026,Quarta-feira,10:24:00,10,2,E,80,94,Sol com muitas nuvens,1020,2r,9,sol-com-muitas-nuvens
5601,2954,False,7,BR,Brasil,RS,Charrua,S,False,-27.952,-52.015,False,False,cities,5601,Charrua,09/09/2026,Quarta-feira,10:24:00,13,8,ENE,64,65,Sol com muitas nuvens,1018,2r,11,sol-com-muitas-nuvens
5602,2955,False,7,BR,Brasil,RS,Chiapetta,S,False,-27.923,-53.941,False,True,cities,5602,Chiapetta,09/09/2026,Quarta-feira,11:09:00,14,8,ENE,60,68,Nublado,1016,3,12,nublado
5608,4381,False,7,BR,Brasil,RS,Chuvisca,S,False,-30.758,-51.978,False,False,cities,5608,Chuvisca,09/09/2026,Quarta-feira,11:09:00,10,4,ENE,73,93,Nublado,1019,3,9,nublado
5605,4382,False,7,BR,Brasil,RS,Chuí,S,True,-33.691,-53.457,False,False,cities,5605,Chuí,09/09/2026,Quarta-feira,10:24:00,6,8,E,79,95,Nublado,1021,3,5,nublado
5622,4383,False,7,BR,Brasil,RS,Cidreira,S,True,-30.181,-50.206,False,False,cities,5622,Cidreira,09/09/2026,Quarta-feira,10:24:00,13,7,ENE,75,94,Sol com muitas nuvens,1020,2r,12,sol-com-muitas-nuvens
5628,2956,False,7,BR,Brasil,RS,Ciríaco,S,False,-28.344,-51.876,False,False,cities,5628,Ciríaco,09/09/2026,Quarta-feira,11:09:00,10,7,ENE,65,61,Sol com muitas nuvens,1018,2r,7,sol-com-muitas-nuvens
5629,4384,False,7,BR,Brasil,RS,Colinas,S,False,-29.388,-51.87,False,True,cities,5629,Colinas,09/09/2026,Quarta-feira,10:24:00,8,4,ENE,70,81,Sol com muitas nuvens,1020,2r,6,sol-com-muitas-nuvens
5631,2957,False,7,BR,Brasil,RS,Colorado,S,False,-28.524,-52.994,False,False,cities,5631,Colorado,09/09/2026,Quarta-feira,10:24:00,12,8,ENE,64,71,Nublado,1019,3,9,nublado
5630,5374,False,7,BR,Brasil,RS,Colônia Nova,S,False,-31.667,-54.071,False,False,cities,5630,Colônia Nova,09/09/2026,Quarta-feira,10:24:00,7,5,E,80,91,Nublado,1019,3,7,nublado
5632,2958,False,7,BR,Brasil,RS,Condor,S,False,-28.208,-53.487,False,False,cities,5632,Condor,09/09/2026,Quarta-feira,10:24:00,13,9,ENE,62,68,Nublado,1018,3,10,nublado
5633,2959,False,7,BR,Brasil,RS,Constantina,S,False,-27.735,-52.992,False,False,cities,5633,Constantina,09/09/2026,Quarta-feira,11:09:00,12,7,ENE,61,66,Sol com muitas nuvens,1017,2r,10,sol-com-muitas-nuvens
5634,6578,False,7,BR,Brasil,RS,Coqueiro Baixo,S,False,-29.179,-52.09,False,False,cities,5634,Coqueiro Baixo,09/09/2026,Quarta-feira,10:24:00,8,3,ESE,117,76,Sol com muitas nuvens,1021,2r,6,sol-com-muitas-nuvens
5635,2960,False,7,BR,Brasil,RS,Coqueiros do Sul,S,False,-28.119,-52.782,False,False,cities,5635,Coqueiros do Sul,09/09/2026,Quarta-feira,11:09:00,12,9,ENE,63,66,Sol com muitas nuvens,1018,2r,10,sol-com-muitas-nuvens
5636,2961,False,7,BR,Brasil,RS,Coronel Barros,S,False,-28.383,-54.066,False,False,cities,5636,Coronel Barros,09/09/2026,Quarta-feira,10:24:00,13,11,ENE,62,71,Nublado,1017,3,10,nublado
5637,2962,False,7,BR,Brasil,RS,Coronel Bicaco,S,False,-27.716,-53.701,False,False,cities,5637,Coronel Bicaco,09/09/2026,Quarta-feira,11:09:00,14,7,ENE,60,67,Nublado,1016,3,12,nublado
5638,4385,False,7,BR,Brasil,RS,Cotiporã,S,False,-28.994,-51.696,False,False,cities,5638,Cotiporã,09/09/2026,Quarta-feira,11:09:00,9,5,ENE,68,73,Sol com muitas nuvens,1020,2r,9,sol-com-muitas-nuvens
5639,2963,False,7,BR,Brasil,RS,Coxilha,S,False,-28.127,-52.296,False,False,cities,5639,Coxilha,09/09/2026,Quarta-feira,10:24:00,13,8,ENE,64,63,Sol com muitas nuvens,1017,2r,10,sol-com-muitas-nuvens
5640,2613,False,7,BR,Brasil,RS,Crissiumal,S,False,-27.5,-54.101,False,False,cities,5640,Crissiumal,09/09/2026,Quarta-feira,10:24:00,14,7,ENE,59,70,Sol com muitas nuvens,1016,2r,12,sol-com-muitas-nuvens
5375,4386,False,7,BR,Brasil,RS,Cristal,S,False,-31.0,-52.048,False,False,cities,5375,Cristal,09/09/2026,Quarta-feira,10:24:00,9,5,ENE,73,95,Nublado,1020,3,9,nublado
5641,4387,False,7,BR,Brasil,RS,Cristal do Sul,S,False,-27.454,-53.246,False,False,cities,5641,Cristal do Sul,09/09/2026,Quarta-feira,11:09:00,14,7,ENE,60,70,Nublado,1017,3,12,nublado
5379,6766,False,7,BR,Brasil,RS,Criúva,S,False,-28.877,-50.976,False,False,cities,5379,Criúva,09/09/2026,Quarta-feira,11:09:00,10,8,WNW,300,67,Sol com muitas nuvens,1021,2r,9,sol-com-muitas-nuvens
5380,354,False,7,BR,Brasil,RS,Cruz Alta,S,False,-28.639,-53.606,False,True,cities,5380,Cruz Alta,09/09/2026,Quarta-feira,10:24:00,11,12,S,171,68,Nublado,1019,3,8,nublado
5382,4388,False,7,BR,Brasil,RS,Cruzeiro do Sul,S,False,-29.513,-51.985,False,False,cities,5382,Cruzeiro do Sul,09/09/2026,Quarta-feira,10:24:00,10,4,ENE,70,92,Sol com muitas nuvens,1023,2r,9,sol-com-muitas-nuvens
5383,5336,False,7,BR,Brasil,RS,Curumim,S,False,-29.623,-49.941,False,False,cities,5383,Curumim,09/09/2026,Quarta-feira,10:24:00,12,5,NNE,28,91,Nublado,1020,3,11,nublado
5571,2964,False,7,BR,Brasil,RS,Cândido Godói,S,False,-27.952,-54.752,False,False,cities,5571,Cândido Godói,09/09/2026,Quarta-feira,11:09:00,13,9,ENE,61,70,Sol com muitas nuvens,1016,2r,11,sol-com-muitas-nuvens
5384,4389,False,7,BR,Brasil,RS,David Canabarro,S,False,-28.387,-51.848,False,False,cities,5384,David Canabarro,09/09/2026,Quarta-feira,11:09:00,10,7,ENE,65,61,Sol com muitas nuvens,1018,2r,7,sol-com-muitas-nuvens
5385,2966,False,7,BR,Brasil,RS,Derrubadas,S,False,-27.265,-53.861,False,False,cities,5385,Derrubadas,09/09/2026,Quarta-feira,10:24:00,14,8,ENE,59,68,Sol com muitas nuvens,1016,2r,13,sol-com-muitas-nuvens
5386,4390,False,7,BR,Brasil,RS,Dezesseis de Novembro,S,False,-28.225,-55.046,False,False,cities,5386,Dezesseis de Novembro,09/09/2026,Quarta-feira,11:09:00,14,9,ENE,63,69,Sol com muitas nuvens,1015,2r,11,sol-com-muitas-nuvens
5388,4391,False,7,BR,Brasil,RS,Dilermando de Aguiar,S,False,-29.706,-54.208,False,False,cities,5388,Dilermando de Aguiar,09/09/2026,Quarta-feira,10:24:00,9,6,ENE,58,86,Sol com muitas nuvens,1019,2r,9,sol-com-muitas-nuvens
5394,4392,False,7,BR,Brasil,RS,Dois Irmãos,S,False,-29.58,-51.085,False,False,cities,5394,Dois Irmãos,09/09/2026,Quarta-feira,11:09:00,10,4,NW,310,86,Sol com muitas nuvens,1021,2r,9,sol-com-muitas-nuvens
5391,2965,False,7,BR,Brasil,RS,Dois Irmãos das Missões,S,False,-27.659,-53.531,False,False,cities,5391,Dois Irmãos das Missões,09/09/2026,Quarta-feira,10:24:00,14,7,ENE,59,68,Nublado,1017,3,12,nublado
5397,4393,False,7,BR,Brasil,RS,Dois Lajeados,S,False,-28.984,-51.837,False,False,cities,5397,Dois Lajeados,09/09/2026,Quarta-feira,11:09:00,8,4,ENE,68,73,Sol com muitas nuvens,1020,2r,6,sol-com-muitas-nuvens
5398,4394,False,7,BR,Brasil,RS,Dom Feliciano,S,False,-30.704,-52.108,False,False,cities,5398,Dom Feliciano,09/09/2026,Quarta-feira,10:24:00,10,5,ENE,73,94,Nublado,1020,3,8,nublado
5399,778,False,7,BR,Brasil,RS,Dom Pedrito,S,False,-30.983,-54.673,False,True,cities,5399,Dom Pedrito,09/09/2026,Quarta-feira,11:09:00,9,5,E,79,87,Nublado,1019,3,8,nublado
5400,4395,False,7,BR,Brasil,RS,Dom Pedro de Alcântara,S,True,-29.369,-49.85,False,False,cities,5400,Dom Pedro de Alcântara,09/09/2026,Quarta-feira,10:24:00,13,5,ENE,74,85,Nublado,1020,3,12,nublado
5401,2059,False,7,BR,Brasil,RS,Dona Francisca,S,False,-29.622,-53.357,False,False,cities,5401,Dona Francisca,09/09/2026,Quarta-feira,10:24:00,9,4,ENE,68,89,Sol com muitas nuvens,1020,2r,8,sol-com-muitas-nuvens
5402,2967,False,7,BR,Brasil,RS,Doutor Maurício Cardoso,S,False,-27.506,-54.361,False,True,cities,5402,Doutor Maurício Cardoso,09/09/2026,Quarta-feira,10:24:00,14,7,ENE,60,74,Sol com muitas nuvens,1016,2r,12,sol-com-muitas-nuvens
5403,4396,False,7,BR,Brasil,RS,Doutor Ricardo,S,False,-29.086,-51.992,False,False,cities,5403,Doutor Ricardo,09/09/2026,Quarta-feira,11:09:00,9,4,ENE,68,80,Sol com muitas nuvens,1021,2r,8,sol-com-muitas-nuvens
5404,4397,False,7,BR,Brasil,RS,Eldorado do Sul,S,False,-30.084,-51.616,False,False,cities,5404,Eldorado do Sul,09/09/2026,Quarta-feira,11:09:00,10,2,ENE,72,92,Sol com muitas nuvens,1019,2r,9,sol-com-muitas-nuvens
5405,3339,False,7,BR,Brasil,RS,Encantado,S,False,-29.236,-51.87,False,False,cities,5405,Encantado,09/09/2026,Quarta-feira,11:09:00,10,4,ENE,69,86,Sol com muitas nuvens,1021,2r,8,sol-com-muitas-nuvens
5406,355,False,7,BR,Brasil,RS,Encruzilhada do Sul,S,False,-30.544,-52.522,False,False,cities,5406,Encruzilhada do Sul,09/09/2026,Quarta-feira,11:09:00,9,6,ENE,72,86,Sol com muitas nuvens,1019,2r,9,sol-com-muitas-nuvens
5407,2968,False,7,BR,Brasil,RS,Engenho Velho,S,False,-27.708,-52.913,False,False,cities,5407,Engenho Velho,09/09/2026,Quarta-feira,10:24:00,12,7,ENE,61,66,Sol com muitas nuvens,1017,2r,10,sol-com-muitas-nuvens
5409,4398,False,7,BR,Brasil,RS,Entre Rios do Sul,S,False,-27.528,-52.733,False,False,cities,5409,Entre Rios do Sul,09/09/2026,Quarta-feira,11:09:00,12,7,ENE,61,66,Sol com muitas nuvens,1017,2r,10,sol-com-muitas-nuvens
5408,2969,False,7,BR,Brasil,RS,Entre-Ijuís,S,False,-28.359,-54.268,False,False,cities,5408,Entre-Ijuís,09/09/2026,Quarta-feira,10:24:00,13,10,ENE,61,72,Nublado,1017,3,11,nublado
5410,2970,False,7,BR,Brasil,RS,Erebango,S,False,-27.855,-52.302,False,False,cities,5410,Erebango,09/09/2026,Quarta-feira,11:09:00,12,8,ENE,63,61,Sol com muitas nuvens,1017,2r,9,sol-com-muitas-nuvens
5411,1516,False,7,BR,Brasil,RS,Erechim,S,False,-27.634,-52.274,False,False,cities,5411,Erechim,09/09/2026,Quarta-feira,10:24:00,11,8,ENE,63,60,Sol com muitas nuvens,1018,2r,8,sol-com-muitas-nuvens
5412,2971,False,7,BR,Brasil,RS,Ernestina,S,False,-28.499,-52.573,False,False,cities,5412,Ernestina,09/09/2026,Quarta-feira,11:09:00,12,7,ENE,64,70,Nublado,1019,3,10,nublado
5413,4399,False,7,BR,Brasil,RS,Erval Grande,S,False,-27.391,-52.571,False,False,cities,5413,Erval Grande,09/09/2026,Quarta-feira,11:09:00,12,8,ENE,61,60,Sol com muitas nuvens,1017,2r,9,sol-com-muitas-nuvens
5414,2060,False,7,BR,Brasil,RS,Erval Seco,S,False,-27.549,-53.504,False,False,cities,5414,Erval Seco,09/09/2026,Quarta-feira,10:24:00,14,7,ENE,59,68,Nublado,1017,3,12,nublado
5415,2972,False,7,BR,Brasil,RS,Esmeralda,S,False,-28.054,-51.19,False,False,cities,5415,Esmeralda,09/09/2026,Quarta-feira,11:09:00,11,7,ENE,66,61,Sol com algumas nuvens,1019,2,8,sol-com-algumas-nuvens
5416,4400,False,7,BR,Brasil,RS,Esperança do Sul,S,False,-27.355,-53.992,False,False,cities,5416,Esperança do Sul,09/09/2026,Quarta-feira,10:24:00,14,7,ENE,59,68,Sol com muitas nuvens,1016,2r,13,sol-com-muitas-nuvens
5417,2973,False,7,BR,Brasil,RS,Espumoso,S,False,-28.725,-52.85,False,True,cities,5417,Espumoso,09/09/2026,Quarta-feira,10:24:00,11,6,ENE,65,74,Nublado,1021,3,9,nublado
5418,2974,False,7,BR,Brasil,RS,Estação,S,False,-27.911,-52.26,False,False,cities,5418,Estação,09/09/2026,Quarta-feira,10:24:00,13,8,ENE,63,64,Sol com muitas nuvens,1018,2r,10,sol-com-muitas-nuvens
5420,4401,False,7,BR,Brasil,RS,Esteio,S,False,-29.861,-51.179,False,False,cities,5420,Esteio,09/09/2026,Quarta-feira,10:24:00,11,4,NNE,30,94,Sol com muitas nuvens,1023,2r,11,sol-com-muitas-nuvens
5421,1388,False,7,BR,Brasil,RS,Estrela,S,False,-29.502,-51.966,False,False,cities,5421,Estrela,09/09/2026,Quarta-feira,10:24:00,10,4,ENE,70,92,Sol com muitas nuvens,1023,2r,9,sol-com-muitas-nuvens
5422,3127,False,7,BR,Brasil,RS,Estrela Velha,S,False,-29.177,-53.159,False,False,cities,5422,Estrela Velha,09/09/2026,Quarta-feira,10:24:00,9,4,SSE,155,78,Sol com muitas nuvens,1021,2r,7,sol-com-muitas-nuvens
5419,4402,False,7,BR,Brasil,RS,Estância Velha,S,False,-29.65,-51.17,False,False,cities,5419,Estância Velha,09/09/2026,Quarta-feira,11:09:00,11,4,ENE,72,89,Nublado,1021,3,10,nublado
5423,2975,False,7,BR,Brasil,RS,Eugênio de Castro,S,False,-28.526,-54.149,False,True,cities,5423,Eugênio de Castro,09/09/2026,Quarta-feira,11:09:00,12,10,ENE,62,70,Nublado,1017,3,9,nublado
5424,4403,False,7,BR,Brasil,RS,Fagundes Varela,S,False,-28.881,-51.697,False,False,cities,5424,Fagundes Varela,09/09/2026,Quarta-feira,10:24:00,9,5,ENE,68,72,Sol com muitas nuvens,1019,2r,8,sol-com-muitas-nuvens
5425,356,False,7,BR,Brasil,RS,Farroupilha,S,False,-29.225,-51.348,False,False,cities,5425,Farroupilha,09/09/2026,Quarta-feira,10:24:00,11,5,ENE,70,70,Sol com muitas nuvens,1020,2r,9,sol-com-muitas-nuvens
5426,3381,False,7,BR,Brasil,RS,Faxinal do Soturno,S,False,-29.575,-53.445,False,False,cities,5426,Faxinal do Soturno,09/09/2026,Quarta-feira,11:09:00,8,4,ENE,68,86,Nevoeiro,1021,9,7,nevoeiro
5427,2976,False,7,BR,Brasil,RS,Faxinalzinho,S,False,-27.424,-52.673,False,False,cities,5427,Faxinalzinho,09/09/2026,Quarta-feira,11:09:00,13,7,ENE,61,65,Sol com muitas nuvens,1017,2r,11,sol-com-muitas-nuvens
5428,4404,False,7,BR,Brasil,RS,Fazenda Vilanova,S,False,-29.589,-51.825,False,False,cities,5428,Fazenda Vilanova,09/09/2026,Quarta-feira,11:09:00,10,4,ENE,70,91,Sol com muitas nuvens,1028,2r,9,sol-com-muitas-nuvens
5429,4405,False,7,BR,Brasil,RS,Feliz,S,False,-29.451,-51.306,False,False,cities,5429,Feliz,09/09/2026,Quarta-feira,11:09:00,13,4,ENE,71,92,Sol com muitas nuvens,1020,2r,13,sol-com-muitas-nuvens
5430,4406,False,7,BR,Brasil,RS,Flores da Cunha,S,False,-29.029,-51.182,False,False,cities,5430,Flores da Cunha,09/09/2026,Quarta-feira,10:24:00,10,6,ENE,69,67,Sol com muitas nuvens,1020,2r,8,sol-com-muitas-nuvens
5431,4407,False,7,BR,Brasil,RS,Floriano Peixoto,S,False,-27.861,-52.084,False,False,cities,5431,Floriano Peixoto,09/09/2026,Quarta-feira,10:24:00,13,8,ENE,64,66,Sol com muitas nuvens,1018,2r,11,sol-com-muitas-nuvens
5432,4408,False,7,BR,Brasil,RS,Fontoura Xavier,S,False,-28.983,-52.346,False,False,cities,5432,Fontoura Xavier,09/09/2026,Quarta-feira,10:24:00,7,3,ENE,67,67,Sol com muitas nuvens,1021,2r,5,sol-com-muitas-nuvens
5433,4409,False,7,BR,Brasil,RS,Formigueiro,S,False,-30.0,-53.499,False,False,cities,5433,Formigueiro,09/09/2026,Quarta-feira,11:09:00,9,5,ENE,70,90,Sol com algumas nuvens,1021,2,9,sol-com-algumas-nuvens
5434,6880,False,7,BR,Brasil,RS,Forquetinha,S,False,-29.381,-52.094,False,False,cities,5434,Forquetinha,09/09/2026,Quarta-feira,11:09:00,10,4,ENE,69,89,Sol com muitas nuvens,1022,2r,8,sol-com-muitas-nuvens
5435,2977,False,7,BR,Brasil,RS,Fortaleza dos Valos,S,False,-28.797,-53.223,False,False,cities,5435,Fortaleza dos Valos,09/09/2026,Quarta-feira,11:09:00,10,8,ENE,64,73,Nublado,1020,3,8,nublado
5436,1581,False,7,BR,Brasil,RS,Frederico Westphalen,S,False,-27.359,-53.394,False,True,cities,5436,Frederico Westphalen,09/09/2026,Quarta-feira,10:24:00,14,7,ENE,59,67,Nublado,1017,3,12,nublado
5437,779,False,7,BR,Brasil,RS,Garibaldi,S,False,-29.256,-51.534,True,False,cities,5437,Garibaldi,09/09/2026,Quarta-feira,10:24:00,10,5,ENE,70,73,Sol com muitas nuvens,1020,2r,8,sol-com-muitas-nuvens
5438,2978,False,7,BR,Brasil,RS,Garruchos,S,False,-28.184,-55.639,False,False,cities,5438,Garruchos,09/09/2026,Quarta-feira,10:24:00,14,9,ENE,67,73,Nublado,1013,3,12,nublado
5439,4410,False,7,BR,Brasil,RS,Gaurama,S,False,-27.584,-52.094,False,False,cities,5439,Gaurama,09/09/2026,Quarta-feira,10:24:00,12,8,ENE,63,62,Sol com muitas nuvens,1018,2r,10,sol-com-muitas-nuvens
5440,4411,False,7,BR,Brasil,RS,General Câmara,S,False,-29.905,-51.76,False,False,cities,5440,General Câmara,09/09/2026,Quarta-feira,10:24:00,10,3,ENE,71,94,Sol com muitas nuvens,1025,2r,9,sol-com-muitas-nuvens
5441,3037,False,7,BR,Brasil,RS,Gentil,S,False,-28.43,-52.036,False,False,cities,5441,Gentil,09/09/2026,Quarta-feira,10:24:00,11,7,ENE,65,64,Nublado,1018,3,8,nublado
5442,1390,False,7,BR,Brasil,RS,Getúlio Vargas,S,False,-27.89,-52.227,False,False,cities,5442,Getúlio Vargas,09/09/2026,Quarta-feira,10:24:00,13,8,ENE,63,64,Sol com muitas nuvens,1018,2r,10,sol-com-muitas-nuvens
5443,1391,False,7,BR,Brasil,RS,Giruá,S,False,-28.028,-54.35,False,True,cities,5443,Giruá,09/09/2026,Quarta-feira,10:24:00,13,9,ENE,61,69,Nublado,1016,3,10,nublado
5444,4412,False,7,BR,Brasil,RS,Glorinha,S,False,-29.881,-50.783,False,False,cities,5444,Glorinha,09/09/2026,Quarta-feira,10:24:00,11,3,ENE,73,88,Sol com muitas nuvens,1023,2r,10,sol-com-muitas-nuvens
5446,780,False,7,BR,Brasil,RS,Gramado,S,False,-29.379,-50.874,True,False,cities,5446,Gramado,09/09/2026,Quarta-feira,11:09:00,10,5,E,80,72,Nublado,1021,3,8,nublado
5447,4813,False,7,BR,Brasil,RS,Gramado Xavier,S,False,-29.268,-52.579,False,False,cities,5447,Gramado Xavier,09/09/2026,Quarta-feira,11:09:00,8,3,ENE,68,73,Sol e Chuva,1020,4,6,sol-e-chuva
5445,4814,False,7,BR,Brasil,RS,Gramado dos Loureiros,S,False,-27.444,-52.917,False,False,cities,5445,Gramado dos Loureiros,09/09/2026,Quarta-feira,10:24:00,12,7,ENE,60,64,Sol com muitas nuvens,1017,2r,10,sol-com-muitas-nuvens
5448,357,False,7,BR,Brasil,RS,Gravataí,S,False,-29.944,-50.992,False,False,cities,5448,Gravataí,09/09/2026,Quarta-feira,11:09:00,12,4,ENE,73,93,Sol com muitas nuvens,1024,2r,11,sol-com-muitas-nuvens
5449,4413,False,7,BR,Brasil,RS,Guabiju,S,False,-28.541,-51.69,False,False,cities,5449,Guabiju,09/09/2026,Quarta-feira,10:24:00,9,7,ENE,66,65,Sol com muitas nuvens,1018,2r,8,sol-com-muitas-nuvens
5451,2011,False,7,BR,Brasil,RS,Guaporé,S,False,-28.846,-51.89,False,False,cities,5451,Guaporé,09/09/2026,Quarta-feira,11:09:00,8,4,ENE,67,73,Sol com muitas nuvens,1020,2r,6,sol-com-muitas-nuvens
5452,2979,False,7,BR,Brasil,RS,Guarani das Missões,S,False,-28.141,-54.558,False,False,cities,5452,Guarani das Missões,09/09/2026,Quarta-feira,10:24:00,13,9,ENE,61,70,Nublado,1016,3,11,nublado
5450,1392,False,7,BR,Brasil,RS,Guaíba,S,False,-30.114,-51.325,False,False,cities,5450,Guaíba,09/09/2026,Quarta-feira,10:24:00,12,3,ENE,72,95,Sol com muitas nuvens,1019,2r,11,sol-com-muitas-nuvens
5453,4414,False,7,BR,Brasil,RS,Harmonia,S,False,-29.54,-51.42,False,False,cities,5453,Harmonia,09/09/2026,Quarta-feira,11:09:00,11,4,ENE,70,87,Sol com muitas nuvens,1021,2r,10,sol-com-muitas-nuvens
5454,1621,False,7,BR,Brasil,RS,Herval,S,False,-32.024,-53.396,False,False,cities,5454,Herval,09/09/2026,Quarta-feira,10:24:00,6,7,E,79,90,Nublado,1020,3,5,nublado
5455,4415,False,7,BR,Brasil,RS,Herveiras,S,False,-29.407,-52.652,False,False,cities,5455,Herveiras,09/09/2026,Quarta-feira,10:24:00,8,3,ENE,68,75,Sol e Chuva,1019,4,6,sol-e-chuva
5456,2980,False,7,BR,Brasil,RS,Horizontina,S,False,-27.626,-54.308,False,False,cities,5456,Horizontina,09/09/2026,Quarta-feira,10:24:00,13,8,ENE,60,70,Nublado,1016,3,11,nublado
5457,1393,False,7,BR,Brasil,RS,Hulha Negra,S,False,-31.404,-53.869,False,False,cities,5457,Hulha Negra,09/09/2026,Quarta-feira,10:24:00,7,5,ENE,78,86,Nublado,1019,3,7,nublado
5458,1394,False,7,BR,Brasil,RS,Humaitá,S,False,-27.563,-53.974,False,False,cities,5458,Humaitá,09/09/2026,Quarta-feira,10:24:00,14,7,ENE,60,68,Nublado,1016,3,12,nublado
5459,3128,False,7,BR,Brasil,RS,Ibarama,S,False,-29.419,-53.135,False,False,cities,5459,Ibarama,09/09/2026,Quarta-feira,10:24:00,9,3,SSE,149,78,Sol com muitas nuvens,1018,2r,8,sol-com-muitas-nuvens
5460,2981,False,7,BR,Brasil,RS,Ibiaçá,S,False,-28.057,-51.855,False,False,cities,5460,Ibiaçá,09/09/2026,Quarta-feira,11:09:00,13,7,ENE,65,64,Sol com muitas nuvens,1018,2r,11,sol-com-muitas-nuvens
5461,3138,False,7,BR,Brasil,RS,Ibiraiaras,S,False,-28.37,-51.636,False,False,cities,5461,Ibiraiaras,09/09/2026,Quarta-feira,10:24:00,10,7,ENE,66,62,Sol com muitas nuvens,1018,2r,9,sol-com-muitas-nuvens
5462,2982,False,7,BR,Brasil,RS,Ibirapuitã,S,False,-28.625,-52.511,False,False,cities,5462,Ibirapuitã,09/09/2026,Quarta-feira,10:24:00,10,6,ENE,65,68,Nublado,1020,3,8,nublado
5463,2983,False,7,BR,Brasil,RS,Ibirubá,S,False,-28.628,-53.09,False,True,cities,5463,Ibirubá,09/09/2026,Quarta-feira,10:24:00,11,8,ENE,64,70,Nublado,1020,3,8,nublado
5464,4416,False,7,BR,Brasil,RS,Igrejinha,S,False,-29.574,-50.79,False,False,cities,5464,Igrejinha,09/09/2026,Quarta-feira,11:09:00,11,4,ENE,72,89,Nublado,1021,3,11,nublado
5465,1395,False,7,BR,Brasil,RS,Ijuí,S,False,-28.388,-53.915,False,True,cities,5465,Ijuí,09/09/2026,Quarta-feira,11:09:00,13,11,ENE,62,71,Nublado,1017,3,10,nublado
5466,4417,False,7,BR,Brasil,RS,Ilópolis,S,False,-28.927,-52.124,False,False,cities,5466,Ilópolis,09/09/2026,Quarta-feira,10:24:00,9,4,ENE,67,74,Sol com muitas nuvens,1020,2r,7,sol-com-muitas-nuvens
5467,4418,False,7,BR,Brasil,RS,Imbé,S,True,-29.93,-50.11,False,False,cities,5467,Imbé,09/09/2026,Quarta-feira,10:24:00,12,6,ENE,74,94,Sol com muitas nuvens,1020,2r,11,sol-com-muitas-nuvens
5468,4419,False,7,BR,Brasil,RS,Imigrante,S,False,-29.355,-51.777,False,False,cities,5468,Imigrante,09/09/2026,Quarta-feira,11:09:00,8,4,ENE,70,81,Sol com muitas nuvens,1020,2r,6,sol-com-muitas-nuvens
5469,2984,False,7,BR,Brasil,RS,Independência,S,False,-27.833,-54.188,False,True,cities,5469,Independência,09/09/2026,Quarta-feira,10:24:00,13,8,ENE,60,69,Nublado,1016,3,11,nublado
5470,2985,False,7,BR,Brasil,RS,Inhacorá,S,False,-27.883,-54.017,False,False,cities,5470,Inhacorá,09/09/2026,Quarta-feira,11:09:00,13,8,ENE,60,69,Nublado,1016,3,11,nublado
5472,2986,False,7,BR,Brasil,RS,Ipiranga do Sul,S,False,-27.937,-52.426,False,False,cities,5472,Ipiranga do Sul,09/09/2026,Quarta-feira,10:24:00,12,8,ENE,63,62,Sol com muitas nuvens,1017,2r,9,sol-com-muitas-nuvens
5471,4420,False,7,BR,Brasil,RS,Ipê,S,False,-28.82,-51.279,False,False,cities,5471,Ipê,09/09/2026,Quarta-feira,11:09:00,10,7,ENE,68,68,Sol com muitas nuvens,1020,2r,8,sol-com-muitas-nuvens
5473,358,False,7,BR,Brasil,RS,Iraí,S,False,-27.194,-53.251,False,False,cities,5473,Iraí,09/09/2026,Quarta-feira,10:24:00,15,7,ENE,59,71,Sol com muitas nuvens,1017,2r,14,sol-com-muitas-nuvens
5474,4421,False,7,BR,Brasil,RS,Itaara,S,False,-29.61,-53.765,False,False,cities,5474,Itaara,09/09/2026,Quarta-feira,10:24:00,7,5,ENE,68,77,Sol com muitas nuvens,1021,2r,7,sol-com-muitas-nuvens
5475,4422,False,7,BR,Brasil,RS,Itacurubi,S,False,-28.795,-55.235,False,False,cities,5475,Itacurubi,09/09/2026,Quarta-feira,10:24:00,14,8,ENE,66,71,Nublado,1017,3,12,nublado
5476,4423,False,7,BR,Brasil,RS,Itapuca,S,False,-28.78,-52.17,False,False,cities,5476,Itapuca,09/09/2026,Quarta-feira,11:09:00,8,5,ENE,66,67,Sol com muitas nuvens,1020,2r,5,sol-com-muitas-nuvens
5477,1396,False,7,BR,Brasil,RS,Itaqui,S,False,-29.125,-56.553,False,True,cities,5477,Itaqui,09/09/2026,Quarta-feira,10:24:00,13,11,ENE,75,74,Nublado,1016,3,10,nublado
5479,6829,False,7,BR,Brasil,RS,Itati,S,False,-29.49,-50.101,False,False,cities,5479,Itati,09/09/2026,Quarta-feira,11:09:00,11,5,ENE,73,84,Nublado,1021,3,9,nublado
5478,4424,False,7,BR,Brasil,RS,Itatiba do Sul,S,False,-27.387,-52.453,False,False,cities,5478,Itatiba do Sul,09/09/2026,Quarta-feira,11:09:00,13,8,ENE,61,63,Sol com muitas nuvens,1017,2r,11,sol-com-muitas-nuvens
5480,3382,False,7,BR,Brasil,RS,Ivorá,S,False,-29.52,-53.581,False,False,cities,5480,Ivorá,09/09/2026,Quarta-feira,10:24:00,8,4,ENE,68,81,Sol com algumas nuvens,1021,2,6,sol-com-algumas-nuvens
5481,4425,False,7,BR,Brasil,RS,Ivoti,S,False,-29.591,-51.161,False,False,cities,5481,Ivoti,09/09/2026,Quarta-feira,11:09:00,11,4,ENE,72,89,Sol com muitas nuvens,1021,2r,10,sol-com-muitas-nuvens
5482,2987,False,7,BR,Brasil,RS,Jaboticaba,S,False,-27.631,-53.277,False,False,cities,5482,Jaboticaba,09/09/2026,Quarta-feira,10:24:00,13,7,ENE,60,65,Nublado,1017,3,11,nublado
5483,3129,False,7,BR,Brasil,RS,Jacuizinho,S,False,-29.032,-53.063,False,False,cities,5483,Jacuizinho,09/09/2026,Quarta-feira,10:24:00,9,5,ENE,66,77,Sol com muitas nuvens,1021,2r,8,sol-com-muitas-nuvens
5484,2988,False,7,BR,Brasil,RS,Jacutinga,S,False,-27.729,-52.535,False,True,cities,5484,Jacutinga,09/09/2026,Quarta-feira,10:24:00,12,8,ENE,62,63,Sol com muitas nuvens,1017,2r,9,sol-com-muitas-nuvens
5387,3125,False,7,BR,Brasil,RS,Jaguari,S,False,-29.498,-54.69,False,False,cities,5387,Jaguari,09/09/2026,Quarta-feira,10:24:00,10,5,ENE,68,76,Sol com muitas nuvens,1019,2r,8,sol-com-muitas-nuvens
5485,1397,False,7,BR,Brasil,RS,Jaguarão,S,False,-32.566,-53.376,False,True,cities,5485,Jaguarão,09/09/2026,Quarta-feira,10:24:00,9,8,E,81,95,Nublado,1021,3,7,nublado
5496,4426,False,7,BR,Brasil,RS,Jaquirana,S,False,-28.885,-50.358,False,False,cities,5496,Jaquirana,09/09/2026,Quarta-feira,10:24:00,9,9,ENE,71,62,Sol com muitas nuvens,1023,2r,8,sol-com-muitas-nuvens
5497,2028,False,7,BR,Brasil,RS,Jari,S,False,-29.291,-54.224,False,True,cities,5497,Jari,09/09/2026,Quarta-feira,11:09:00,10,7,ENE,66,70,Sol com muitas nuvens,1018,2r,8,sol-com-muitas-nuvens
5498,2989,False,7,BR,Brasil,RS,Jóia,S,False,-28.647,-54.122,False,True,cities,5498,Jóia,09/09/2026,Quarta-feira,11:09:00,12,11,N,356,70,Nublado,1017,3,9,nublado
5499,2164,False,7,BR,Brasil,RS,Júlio de Castilhos,S,False,-29.227,-53.682,False,True,cities,5499,Júlio de Castilhos,09/09/2026,Quarta-feira,10:24:00,9,6,ENE,66,71,Sol com muitas nuvens,1019,2r,8,sol-com-muitas-nuvens
5502,359,False,7,BR,Brasil,RS,Lagoa Vermelha,S,False,-28.209,-51.526,False,False,cities,5502,Lagoa Vermelha,09/09/2026,Quarta-feira,10:24:00,11,7,ENE,66,62,Sol com muitas nuvens,1018,2r,8,sol-com-muitas-nuvens
5501,3130,False,7,BR,Brasil,RS,Lagoão,S,False,-29.235,-52.796,False,False,cities,5501,Lagoão,09/09/2026,Quarta-feira,10:24:00,9,3,ENE,67,74,Sol com muitas nuvens,1019,2r,7,sol-com-muitas-nuvens
5507,1399,False,7,BR,Brasil,RS,Lajeado,S,False,-29.467,-51.961,False,False,cities,5507,Lajeado,09/09/2026,Quarta-feira,11:09:00,10,4,ENE,70,92,Sol com muitas nuvens,1023,2r,9,sol-com-muitas-nuvens
5503,4815,False,7,BR,Brasil,RS,Lajeado do Bugre,S,False,-27.689,-53.182,False,False,cities,5503,Lajeado do Bugre,09/09/2026,Quarta-feira,11:09:00,13,7,ENE,60,67,Nublado,1017,3,11,nublado
5508,4427,False,7,BR,Brasil,RS,Lavras do Sul,S,False,-30.813,-53.895,False,False,cities,5508,Lavras do Sul,09/09/2026,Quarta-feira,10:24:00,8,5,ENE,75,87,Chuvoso,1019,5,8,chuvoso
5240,2991,False,7,BR,Brasil,RS,Liberato Salzano,S,False,-27.6,-53.073,False,False,cities,5240,Liberato Salzano,09/09/2026,Quarta-feira,11:09:00,13,7,ENE,60,69,Sol com muitas nuvens,1017,2r,11,sol-com-muitas-nuvens
5241,4428,False,7,BR,Brasil,RS,Lindolfo Collor,S,False,-29.597,-51.209,False,False,cities,5241,Lindolfo Collor,09/09/2026,Quarta-feira,10:24:00,11,4,ENE,72,89,Sol com muitas nuvens,1021,2r,10,sol-com-muitas-nuvens
5242,4429,False,7,BR,Brasil,RS,Linha Nova,S,False,-29.467,-51.201,False,False,cities,5242,Linha Nova,09/09/2026,Quarta-feira,10:24:00,12,4,ENE,71,86,Nublado,1021,3,12,nublado
5244,2992,False,7,BR,Brasil,RS,Machadinho,S,False,-27.567,-51.668,False,False,cities,5244,Machadinho,09/09/2026,Quarta-feira,10:24:00,13,7,ENE,64,65,Sol com muitas nuvens,1018,2r,11,sol-com-muitas-nuvens
5245,4430,False,7,BR,Brasil,RS,Mampituba,S,False,-29.211,-49.935,False,False,cities,5245,Mampituba,09/09/2026,Quarta-feira,10:24:00,12,6,ENE,73,80,Nublado,1021,3,10,nublado
5246,4431,False,7,BR,Brasil,RS,Manoel Viana,S,False,-29.589,-55.483,False,False,cities,5246,Manoel Viana,09/09/2026,Quarta-feira,10:24:00,12,8,ENE,72,76,Nublado,1017,3,10,nublado
5247,4432,False,7,BR,Brasil,RS,Maquiné,S,True,-29.675,-50.207,False,False,cities,5247,Maquiné,09/09/2026,Quarta-feira,11:09:00,8,5,ENE,73,77,Nublado,1021,3,8,nublado
5248,4433,False,7,BR,Brasil,RS,Maratá,S,False,-29.549,-51.554,False,False,cities,5248,Maratá,09/09/2026,Quarta-feira,10:24:00,10,4,ENE,70,82,Sol com muitas nuvens,1022,2r,8,sol-com-muitas-nuvens
5249,1400,False,7,BR,Brasil,RS,Marau,S,False,-28.449,-52.2,False,True,cities,5249,Marau,09/09/2026,Quarta-feira,10:24:00,11,6,ENE,65,70,Nublado,1018,3,9,nublado
5250,4434,False,7,BR,Brasil,RS,Marcelino Ramos,S,False,-27.462,-51.906,False,False,cities,5250,Marcelino Ramos,09/09/2026,Quarta-feira,11:09:00,14,7,ENE,63,67,Sol com muitas nuvens,1018,2r,12,sol-com-muitas-nuvens
5251,4435,False,7,BR,Brasil,RS,Mariana Pimentel,S,False,-30.353,-51.583,False,False,cities,5251,Mariana Pimentel,09/09/2026,Quarta-feira,10:24:00,10,2,ENE,73,92,Sol com muitas nuvens,1018,2r,10,sol-com-muitas-nuvens
5252,4436,False,7,BR,Brasil,RS,Mariano Moro,S,False,-27.354,-52.147,False,False,cities,5252,Mariano Moro,09/09/2026,Quarta-feira,10:24:00,14,8,ENE,62,66,Sol com muitas nuvens,1017,2r,12,sol-com-muitas-nuvens
5253,4437,False,7,BR,Brasil,RS,Marques de Souza,S,False,-29.32,-52.1,False,False,cities,5253,Marques de Souza,09/09/2026,Quarta-feira,11:09:00,10,4,ENE,69,89,Sol com muitas nuvens,1022,2r,8,sol-com-muitas-nuvens
5254,4438,False,7,BR,Brasil,RS,Mata,S,False,-29.566,-54.46,False,False,cities,5254,Mata,09/09/2026,Quarta-feira,11:09:00,10,6,ENE,69,83,Sol com muitas nuvens,1019,2r,9,sol-com-muitas-nuvens
5255,2993,False,7,BR,Brasil,RS,Mato Castelhano,S,False,-28.278,-52.192,False,False,cities,5255,Mato Castelhano,09/09/2026,Quarta-feira,10:24:00,12,7,ENE,64,64,Sol com muitas nuvens,1017,2r,10,sol-com-muitas-nuvens
5256,4439,False,7,BR,Brasil,RS,Mato Leitão,S,False,-29.524,-52.129,False,False,cities,5256,Mato Leitão,09/09/2026,Quarta-feira,10:24:00,9,4,ENE,69,90,Chuvoso,1023,5,8,chuvoso
5257,5587,False,7,BR,Brasil,RS,Mato Queimado,S,False,-28.258,-54.615,False,False,cities,5257,Mato Queimado,09/09/2026,Quarta-feira,11:09:00,14,10,ENE,62,72,Nublado,1016,3,12,nublado
5258,4440,False,7,BR,Brasil,RS,Maximiliano de Almeida,S,False,-27.632,-51.803,False,False,cities,5258,Maximiliano de Almeida,09/09/2026,Quarta-feira,10:24:00,14,7,ENE,64,66,Sol com muitas nuvens,1018,2r,11,sol-com-muitas-nuvens
5243,4441,False,7,BR,Brasil,RS,Maçambara,S,False,-29.143,-56.065,False,True,cities,5243,Maçambara,09/09/2026,Quarta-feira,11:09:00,12,12,ENE,72,72,Nublado,1016,3,9,nublado
5259,4442,False,7,BR,Brasil,RS,Minas do Leão,S,False,-30.127,-52.047,False,False,cities,5259,Minas do Leão,09/09/2026,Quarta-feira,11:09:00,8,3,S,175,93,Sol com muitas nuvens,1020,2r,7,sol-com-muitas-nuvens
5260,4443,False,7,BR,Brasil,RS,Miraguaí,S,False,-27.494,-53.686,False,False,cities,5260,Miraguaí,09/09/2026,Quarta-feira,10:24:00,14,7,ENE,59,68,Nublado,1017,3,12,nublado
5261,4444,False,7,BR,Brasil,RS,Montauri,S,False,-28.652,-52.07,False,False,cities,5261,Montauri,09/09/2026,Quarta-feira,10:24:00,10,6,ENE,66,73,Sol com muitas nuvens,1019,2r,9,sol-com-muitas-nuvens
5262,4448,False,7,BR,Brasil,RS,Monte Alegre dos Campos,S,False,-28.6804,-50.7833,False,False,cities,5262,Monte Alegre dos Campos,09/09/2026,Quarta-feira,10:24:00,10,9,ENE,69,61,Sol com muitas nuvens,1022,2r,8,sol-com-muitas-nuvens
5263,3340,False,7,BR,Brasil,RS,Monte Belo do Sul,S,False,-29.163,-51.632,False,False,cities,5263,Monte Belo do Sul,09/09/2026,Quarta-feira,10:24:00,11,5,E,80,74,Sol com muitas nuvens,1019,2r,9,sol-com-muitas-nuvens
5264,3155,False,7,BR,Brasil,RS,Montenegro,S,False,-29.689,-51.461,False,False,cities,5264,Montenegro,09/09/2026,Quarta-feira,10:24:00,11,4,NNE,33,93,Sol com muitas nuvens,1022,2r,10,sol-com-muitas-nuvens
5265,2994,False,7,BR,Brasil,RS,Mormaço,S,False,-28.692,-52.692,False,False,cities,5265,Mormaço,09/09/2026,Quarta-feira,10:24:00,11,5,ENE,65,74,Nublado,1021,3,9,nublado
5266,4445,False,7,BR,Brasil,RS,Morrinhos do Sul,S,False,-29.365,-49.935,False,False,cities,5266,Morrinhos do Sul,09/09/2026,Quarta-feira,10:24:00,12,5,ENE,73,83,Nublado,1021,3,11,nublado
5267,4446,False,7,BR,Brasil,RS,Morro Redondo,S,False,-31.588,-52.632,False,False,cities,5267,Morro Redondo,09/09/2026,Quarta-feira,10:24:00,8,7,ENE,75,91,Nublado,1020,3,6,nublado
5268,4447,False,7,BR,Brasil,RS,Morro Reuter,S,False,-29.538,-51.081,False,False,cities,5268,Morro Reuter,09/09/2026,Quarta-feira,10:24:00,11,4,ENE,57,76,Sol com muitas nuvens,1021,2r,9,sol-com-muitas-nuvens
5269,6947,False,7,BR,Brasil,RS,Morungava,S,False,-29.852,-50.907,False,False,cities,5269,Morungava,09/09/2026,Quarta-feira,10:24:00,11,4,ENE,73,89,Sol com muitas nuvens,1024,2r,10,sol-com-muitas-nuvens
5272,4449,False,7,BR,Brasil,RS,Muitos Capões,S,False,-28.314,-51.182,False,True,cities,5272,Muitos Capões,09/09/2026,Quarta-feira,10:24:00,10,8,ENE,67,64,Sol com muitas nuvens,1019,2r,8,sol-com-muitas-nuvens
5273,4450,False,7,BR,Brasil,RS,Muliterno,S,False,-28.329,-51.767,False,False,cities,5273,Muliterno,09/09/2026,Quarta-feira,11:09:00,10,7,ENE,65,61,Sol com muitas nuvens,1018,2r,7,sol-com-muitas-nuvens
5271,4451,False,7,BR,Brasil,RS,Muçum,S,False,-29.165,-51.868,False,False,cities,5271,Muçum,09/09/2026,Quarta-feira,10:24:00,9,4,ENE,67,80,Sol com muitas nuvens,1021,2r,8,sol-com-muitas-nuvens
5275,2995,False,7,BR,Brasil,RS,Nicolau Vergueiro,S,False,-28.536,-52.464,False,False,cities,5275,Nicolau Vergueiro,09/09/2026,Quarta-feira,10:24:00,12,6,ENE,65,70,Nublado,1019,3,10,nublado
5276,2061,False,7,BR,Brasil,RS,Nonoai,S,False,-27.362,-52.771,False,True,cities,5276,Nonoai,09/09/2026,Quarta-feira,11:09:00,12,7,ENE,61,64,Sol com muitas nuvens,1017,2r,10,sol-com-muitas-nuvens
5277,4452,False,7,BR,Brasil,RS,Nova Alvorada,S,False,-28.678,-52.166,False,False,cities,5277,Nova Alvorada,09/09/2026,Quarta-feira,11:09:00,10,5,ENE,65,72,Sol com muitas nuvens,1019,2r,8,sol-com-muitas-nuvens
5278,4453,False,7,BR,Brasil,RS,Nova Araçá,S,False,-28.659,-51.745,False,False,cities,5278,Nova Araçá,09/09/2026,Quarta-feira,11:09:00,8,6,ENE,67,66,Sol com muitas nuvens,1018,2r,7,sol-com-muitas-nuvens
5279,4454,False,7,BR,Brasil,RS,Nova Bassano,S,False,-28.724,-51.705,False,False,cities,5279,Nova Bassano,09/09/2026,Quarta-feira,11:09:00,8,6,ENE,67,73,Sol com muitas nuvens,1019,2r,8,sol-com-muitas-nuvens
5280,3038,False,7,BR,Brasil,RS,Nova Boa Vista,S,False,-27.994,-52.979,False,False,cities,5280,Nova Boa Vista,09/09/2026,Quarta-feira,10:24:00,13,9,ENE,62,67,Sol com muitas nuvens,1018,2r,11,sol-com-muitas-nuvens
5281,3341,False,7,BR,Brasil,RS,Nova Bréscia,S,False,-29.214,-52.027,False,False,cities,5281,Nova Bréscia,09/09/2026,Quarta-feira,11:09:00,8,3,ENE,68,77,Sol com muitas nuvens,1021,2r,6,sol-com-muitas-nuvens
5282,4455,False,7,BR,Brasil,RS,Nova Candelária,S,False,-27.607,-54.107,False,False,cities,5282,Nova Candelária,09/09/2026,Quarta-feira,10:24:00,14,8,ENE,60,73,Nublado,1016,3,13,nublado
5283,2711,False,7,BR,Brasil,RS,Nova Esperança do Sul,S,False,-29.41,-54.829,False,False,cities,5283,Nova Esperança do Sul,09/09/2026,Quarta-feira,10:24:00,11,4,ENE,68,71,Nublado,1019,3,9,nublado
5284,4456,False,7,BR,Brasil,RS,Nova Hartz,S,False,-29.582,-50.902,False,False,cities,5284,Nova Hartz,09/09/2026,Quarta-feira,11:09:00,11,4,ENE,72,89,Sol com muitas nuvens,1021,2r,10,sol-com-muitas-nuvens
5286,2996,False,7,BR,Brasil,RS,Nova Palma,S,False,-29.472,-53.469,False,True,cities,5286,Nova Palma,09/09/2026,Quarta-feira,11:09:00,8,4,ENE,68,81,Sol com algumas nuvens,1020,2,6,sol-com-algumas-nuvens
5287,1402,False,7,BR,Brasil,RS,Nova Petrópolis,S,False,-29.376,-51.114,False,False,cities,5287,Nova Petrópolis,09/09/2026,Quarta-feira,10:24:00,11,4,ENE,71,72,Nublado,1021,3,9,nublado
5288,4457,False,7,BR,Brasil,RS,Nova Prata,S,False,-28.784,-51.61,False,False,cities,5288,Nova Prata,09/09/2026,Quarta-feira,10:24:00,9,6,ENE,67,70,Sol com muitas nuvens,1019,2r,8,sol-com-muitas-nuvens
5285,4458,False,7,BR,Brasil,RS,Nova Pádua,S,False,-29.029,-51.307,False,False,cities,5285,Nova Pádua,09/09/2026,Quarta-feira,11:09:00,12,6,ENE,69,73,Sol com muitas nuvens,1020,2r,10,sol-com-muitas-nuvens
5289,4459,False,7,BR,Brasil,RS,Nova Ramada,S,False,-28.064,-53.697,False,False,cities,5289,Nova Ramada,09/09/2026,Quarta-feira,10:24:00,13,8,ENE,61,67,Nublado,1017,3,11,nublado
5290,4460,False,7,BR,Brasil,RS,Nova Roma do Sul,S,False,-28.99,-51.408,False,False,cities,5290,Nova Roma do Sul,09/09/2026,Quarta-feira,11:09:00,11,6,ENE,69,75,Sol com muitas nuvens,1020,2r,10,sol-com-muitas-nuvens
5291,4461,False,7,BR,Brasil,RS,Nova Santa Rita,S,False,-29.857,-51.274,False,False,cities,5291,Nova Santa Rita,09/09/2026,Quarta-feira,11:09:00,11,4,ENE,72,94,Sol com muitas nuvens,1021,2r,11,sol-com-muitas-nuvens
5292,3039,False,7,BR,Brasil,RS,Novo Barreiro,S,False,-27.909,-53.108,False,False,cities,5292,Novo Barreiro,09/09/2026,Quarta-feira,10:24:00,13,8,ENE,61,69,Sol com muitas nuvens,1017,2r,11,sol-com-muitas-nuvens
5293,4462,False,7,BR,Brasil,RS,Novo Cabrais,S,False,-29.735,-52.948,False,False,cities,5293,Novo Cabrais,09/09/2026,Quarta-feira,11:09:00,10,4,ENE,69,92,Sol com algumas nuvens,1018,2,9,sol-com-algumas-nuvens
5295,360,False,7,BR,Brasil,RS,Novo Hamburgo,S,False,-29.678,-51.131,False,False,cities,5295,Novo Hamburgo,09/09/2026,Quarta-feira,10:24:00,10,4,NW,310,86,Sol com muitas nuvens,1021,2r,9,sol-com-muitas-nuvens
5296,2997,False,7,BR,Brasil,RS,Novo Machado,S,False,-27.574,-54.505,False,False,cities,5296,Novo Machado,09/09/2026,Quarta-feira,10:24:00,13,7,ENE,60,72,Sol com muitas nuvens,1016,2r,11,sol-com-muitas-nuvens
5299,4463,False,7,BR,Brasil,RS,Novo Tiradentes,S,False,-27.562,-53.182,False,False,cities,5299,Novo Tiradentes,09/09/2026,Quarta-feira,11:09:00,14,7,ENE,60,70,Sol com muitas nuvens,1017,2r,12,sol-com-muitas-nuvens
5300,5614,False,7,BR,Brasil,RS,Novo Xingu,S,False,-27.747489,-53.05507,False,False,cities,5300,Novo Xingu,09/09/2026,Quarta-feira,10:24:00,13,7,ENE,61,69,Sol com muitas nuvens,1017,2r,12,sol-com-muitas-nuvens
5274,1403,False,7,BR,Brasil,RS,Não-Me-Toque,S,False,-28.459,-52.821,False,True,cities,5274,Não-Me-Toque,09/09/2026,Quarta-feira,10:24:00,12,8,ENE,64,69,Sol com muitas nuvens,1020,2r,9,sol-com-muitas-nuvens
5301,1404,False,7,BR,Brasil,RS,Osório,S,True,-29.887,-50.27,False,False,cities,5301,Osório,09/09/2026,Quarta-feira,11:09:00,10,5,ENE,74,85,Sol com muitas nuvens,1021,2r,9,sol-com-muitas-nuvens
5302,4464,False,7,BR,Brasil,RS,Paim Filho,S,False,-27.711,-51.761,False,False,cities,5302,Paim Filho,09/09/2026,Quarta-feira,10:24:00,13,7,ENE,65,64,Sol com muitas nuvens,1019,2r,11,sol-com-muitas-nuvens
5303,4465,False,7,BR,Brasil,RS,Palmares do Sul,S,True,-30.258,-50.51,False,True,cities,5303,Palmares do Sul,09/09/2026,Quarta-feira,11:09:00,13,5,ENE,75,95,Sol com muitas nuvens,1021,2r,13,sol-com-muitas-nuvens
5304,1583,False,7,BR,Brasil,RS,Palmeira das Missões,S,False,-27.899,-53.314,False,True,cities,5304,Palmeira das Missões,09/09/2026,Quarta-feira,10:24:00,13,7,N,350,64,Nublado,1017,3,10,nublado
5305,4466,False,7,BR,Brasil,RS,Palmitinho,S,False,-27.355,-53.555,False,False,cities,5305,Palmitinho,09/09/2026,Quarta-feira,10:24:00,15,7,ENE,59,70,Sol com muitas nuvens,1017,2r,13,sol-com-muitas-nuvens
5306,1406,False,7,BR,Brasil,RS,Panambi,S,False,-28.293,-53.502,False,True,cities,5306,Panambi,09/09/2026,Quarta-feira,11:09:00,13,9,ENE,62,68,Nublado,1018,3,10,nublado
5307,4467,False,7,BR,Brasil,RS,Pantano Grande,S,False,-30.191,-52.374,False,False,cities,5307,Pantano Grande,09/09/2026,Quarta-feira,10:24:00,9,5,ENE,71,92,Sol com muitas nuvens,1019,2r,8,sol-com-muitas-nuvens
5308,4468,False,7,BR,Brasil,RS,Paraí,S,False,-28.594,-51.786,False,False,cities,5308,Paraí,09/09/2026,Quarta-feira,11:09:00,9,6,ENE,67,75,Nublado,1018,3,8,nublado
5313,4469,False,7,BR,Brasil,RS,Paraíso do Sul,S,False,-29.669,-53.149,False,False,cities,5313,Paraíso do Sul,09/09/2026,Quarta-feira,10:24:00,8,4,ENE,68,80,Sol com muitas nuvens,1019,2r,6,sol-com-muitas-nuvens
5315,4470,False,7,BR,Brasil,RS,Pareci Novo,S,False,-29.638,-51.398,False,False,cities,5315,Pareci Novo,09/09/2026,Quarta-feira,10:24:00,11,4,ENE,71,92,Sol com muitas nuvens,1022,2r,11,sol-com-muitas-nuvens
5316,4471,False,7,BR,Brasil,RS,Parobé,S,False,-29.629,-50.835,False,False,cities,5316,Parobé,09/09/2026,Quarta-feira,11:09:00,11,4,ENE,72,89,Nublado,1021,3,11,nublado
5317,3131,False,7,BR,Brasil,RS,Passa Sete,S,False,-29.453,-52.961,False,False,cities,5317,Passa Sete,09/09/2026,Quarta-feira,10:24:00,9,3,ENE,68,75,Sol com muitas nuvens,1018,2r,7,sol-com-muitas-nuvens
5319,361,False,7,BR,Brasil,RS,Passo Fundo,S,False,-28.263,-52.407,False,True,cities,5319,Passo Fundo,09/09/2026,Quarta-feira,11:09:00,13,8,W,260,65,Sol com muitas nuvens,1017,2r,10,sol-com-muitas-nuvens
5318,4472,False,7,BR,Brasil,RS,Passo do Sobrado,S,False,-29.748,-52.275,False,False,cities,5318,Passo do Sobrado,09/09/2026,Quarta-feira,10:24:00,8,5,ENE,70,90,Sol com muitas nuvens,1021,2r,8,sol-com-muitas-nuvens
5320,6780,False,7,BR,Brasil,RS,Paulo Bento,S,False,-27.702,-52.422,False,False,cities,5320,Paulo Bento,09/09/2026,Quarta-feira,10:24:00,12,8,ENE,62,64,Sol com muitas nuvens,1017,2r,9,sol-com-muitas-nuvens
5321,4473,False,7,BR,Brasil,RS,Paverama,S,False,-29.552,-51.73,False,False,cities,5321,Paverama,09/09/2026,Quarta-feira,11:09:00,10,5,ENE,70,85,Sol com muitas nuvens,1022,2r,8,sol-com-muitas-nuvens
5323,4997,False,7,BR,Brasil,RS,Pedras Altas,S,False,-31.717,-53.588,False,False,cities,5323,Pedras Altas,09/09/2026,Quarta-feira,11:09:00,7,6,ENE,79,86,Nublado,1019,3,6,nublado
5324,3119,False,7,BR,Brasil,RS,Pedro Osório,S,False,-31.864,-52.823,False,False,cities,5324,Pedro Osório,09/09/2026,Quarta-feira,10:24:00,8,8,ENE,77,95,Nublado,1020,3,6,nublado
5325,2062,False,7,BR,Brasil,RS,Pejuçara,S,False,-28.423,-53.656,False,True,cities,5325,Pejuçara,09/09/2026,Quarta-feira,11:09:00,12,11,ENE,62,68,Nublado,1018,3,10,nublado
5326,362,False,7,BR,Brasil,RS,Pelotas,S,False,-31.772,-52.343,False,True,cities,5326,Pelotas,09/09/2026,Quarta-feira,10:24:00,9,8,SSE,150,95,Nublado,1020,3,8,nublado
5327,4474,False,7,BR,Brasil,RS,Picada Café,S,False,-29.444,-51.136,False,False,cities,5327,Picada Café,09/09/2026,Quarta-feira,10:24:00,11,4,ENE,57,76,Nublado,1021,3,9,nublado
5333,4475,False,7,BR,Brasil,RS,Pinhal,S,False,-27.51,-53.22,False,False,cities,5333,Pinhal,09/09/2026,Quarta-feira,11:09:00,14,7,ENE,60,70,Sol com muitas nuvens,1017,2r,12,sol-com-muitas-nuvens
5331,2998,False,7,BR,Brasil,RS,Pinhal Grande,S,False,-29.346,-53.307,False,False,cities,5331,Pinhal Grande,09/09/2026,Quarta-feira,11:09:00,8,4,ENE,67,76,Sol com muitas nuvens,1020,2r,6,sol-com-muitas-nuvens
5328,5130,False,7,BR,Brasil,RS,Pinhal da Serra,S,False,-27.875,-51.172,False,False,cities,5328,Pinhal da Serra,09/09/2026,Quarta-feira,11:09:00,11,7,WNW,290,62,Sol com muitas nuvens,1018,2r,9,sol-com-muitas-nuvens
5334,4476,False,7,BR,Brasil,RS,Pinheirinho do Vale,S,False,-27.21,-53.612,False,False,cities,5334,Pinheirinho do Vale,09/09/2026,Quarta-feira,10:24:00,15,7,ENE,59,73,Sol com muitas nuvens,1017,2r,14,sol-com-muitas-nuvens
5335,4477,False,7,BR,Brasil,RS,Pinheiro Machado,S,False,-31.578,-53.381,False,False,cities,5335,Pinheiro Machado,09/09/2026,Quarta-feira,11:09:00,7,6,ENE,77,87,Nublado,1020,3,6,nublado
5336,2999,False,7,BR,Brasil,RS,Pirapó,S,False,-28.045,-55.199,False,False,cities,5336,Pirapó,09/09/2026,Quarta-feira,11:09:00,13,6,ENE,63,74,Sol com muitas nuvens,1014,2r,12,sol-com-muitas-nuvens
5337,4478,False,7,BR,Brasil,RS,Piratini,S,False,-31.448,-53.104,False,False,cities,5337,Piratini,09/09/2026,Quarta-feira,10:24:00,7,7,ENE,75,88,Nublado,1020,3,5,nublado
5338,4479,False,7,BR,Brasil,RS,Planalto,S,False,-27.33,-53.06,False,False,cities,5338,Planalto,09/09/2026,Quarta-feira,10:24:00,13,7,ENE,60,66,Sol com muitas nuvens,1017,2r,11,sol-com-muitas-nuvens
5341,4480,False,7,BR,Brasil,RS,Ponte Preta,S,False,-27.654,-52.488,False,False,cities,5341,Ponte Preta,09/09/2026,Quarta-feira,11:09:00,12,8,ENE,62,61,Sol com muitas nuvens,1017,2r,9,sol-com-muitas-nuvens
5340,3040,False,7,BR,Brasil,RS,Pontão,S,False,-28.059,-52.677,False,False,cities,5340,Pontão,09/09/2026,Quarta-feira,11:09:00,12,8,ENE,62,63,Sol com muitas nuvens,1018,2r,9,sol-com-muitas-nuvens
5346,363,True,7,BR,Brasil,RS,Porto Alegre,S,False,-30.054,-51.175,True,False,cities,5346,Porto Alegre,09/09/2026,Quarta-feira,11:09:00,12,4,E,92,94,Sol com muitas nuvens,1023,2r,11,sol-com-muitas-nuvens
5347,3000,False,7,BR,Brasil,RS,Porto Lucena,S,False,-27.856,-55.016,False,False,cities,5347,Porto Lucena,09/09/2026,Quarta-feira,11:09:00,13,6,ENE,63,76,Sol com muitas nuvens,1015,2r,12,sol-com-muitas-nuvens
5348,3001,False,7,BR,Brasil,RS,Porto Mauá,S,False,-27.575,-54.668,False,False,cities,5348,Porto Mauá,09/09/2026,Quarta-feira,11:09:00,13,7,ENE,61,78,Nublado,1016,3,12,nublado
5349,4481,False,7,BR,Brasil,RS,Porto Vera Cruz,S,False,-27.736,-54.901,False,False,cities,5349,Porto Vera Cruz,09/09/2026,Quarta-feira,10:24:00,13,7,ENE,62,75,Sol com muitas nuvens,1015,2r,11,sol-com-muitas-nuvens
5350,3002,False,7,BR,Brasil,RS,Porto Xavier,S,False,-27.906,-55.138,False,False,cities,5350,Porto Xavier,09/09/2026,Quarta-feira,11:09:00,13,6,S,179,75,Sol com muitas nuvens,1014,2r,12,sol-com-muitas-nuvens
5345,2063,False,7,BR,Brasil,RS,Portão,S,False,-29.702,-51.242,False,False,cities,5345,Portão,09/09/2026,Quarta-feira,10:24:00,11,3,ENE,72,93,Sol com muitas nuvens,1022,2r,10,sol-com-muitas-nuvens
5351,4482,False,7,BR,Brasil,RS,Pouso Novo,S,False,-29.171,-52.208,False,False,cities,5351,Pouso Novo,09/09/2026,Quarta-feira,10:24:00,9,3,ENE,68,78,Sol com muitas nuvens,1021,2r,7,sol-com-muitas-nuvens
5339,4483,False,7,BR,Brasil,RS,Poço das Antas,S,False,-29.449,-51.671,False,False,cities,5339,Poço das Antas,09/09/2026,Quarta-feira,10:24:00,10,5,ENE,70,85,Sol com muitas nuvens,1022,2r,8,sol-com-muitas-nuvens
5352,4484,False,7,BR,Brasil,RS,Presidente Lucena,S,False,-29.519,-51.178,False,False,cities,5352,Presidente Lucena,09/09/2026,Quarta-feira,11:09:00,12,4,ENE,71,86,Sol com muitas nuvens,1021,2r,12,sol-com-muitas-nuvens
5353,4485,False,7,BR,Brasil,RS,Progresso,S,False,-29.24,-52.31,False,False,cities,5353,Progresso,09/09/2026,Quarta-feira,10:24:00,8,3,ENE,68,77,Sol e Chuva,1021,4,6,sol-e-chuva
5354,4486,False,7,BR,Brasil,RS,Protásio Alves,S,False,-28.757,-51.473,False,False,cities,5354,Protásio Alves,09/09/2026,Quarta-feira,11:09:00,10,7,ENE,68,71,Sol com muitas nuvens,1019,2r,9,sol-com-muitas-nuvens
5357,4487,False,7,BR,Brasil,RS,Putinga,S,False,-29.002,-52.154,False,False,cities,5357,Putinga,09/09/2026,Quarta-feira,10:24:00,8,3,ENE,67,72,Sol com muitas nuvens,1021,2r,6,sol-com-muitas-nuvens
5358,1407,False,7,BR,Brasil,RS,Quaraí,S,False,-30.387,-56.451,False,False,cities,5358,Quaraí,09/09/2026,Quarta-feira,10:24:00,8,8,S,170,75,Sol com muitas nuvens,1018,2r,7,sol-com-muitas-nuvens
4702,5897,False,7,BR,Brasil,RS,Quatro Irmãos,S,False,-27.828,-52.414,False,False,cities,4702,Quatro Irmãos,09/09/2026,Quarta-feira,11:09:00,12,8,ENE,63,62,Sol com muitas nuvens,1017,2r,9,sol-com-muitas-nuvens
5359,4488,False,7,BR,Brasil,RS,Quevedos,S,False,-29.353,-54.072,False,False,cities,5359,Quevedos,09/09/2026,Quarta-feira,10:24:00,10,6,ENE,67,74,Sol com muitas nuvens,1019,2r,9,sol-com-muitas-nuvens
5361,3041,False,7,BR,Brasil,RS,Quinze de Novembro,S,False,-28.748,-53.094,False,False,cities,5361,Quinze de Novembro,09/09/2026,Quarta-feira,10:24:00,10,7,ENE,64,73,Nublado,1020,3,8,nublado
5362,3042,False,7,BR,Brasil,RS,Redentora,S,False,-27.664,-53.638,False,False,cities,5362,Redentora,09/09/2026,Quarta-feira,10:24:00,14,7,ENE,59,68,Nublado,1016,3,12,nublado
5364,4489,False,7,BR,Brasil,RS,Relvado,S,False,-29.111,-52.072,False,False,cities,5364,Relvado,09/09/2026,Quarta-feira,10:24:00,8,3,ESE,117,76,Sol com muitas nuvens,1021,2r,6,sol-com-muitas-nuvens
5366,3383,False,7,BR,Brasil,RS,Restinga Seca,S,False,-29.813,-53.375,False,True,cities,5366,Restinga Seca,09/09/2026,Quarta-feira,10:24:00,9,4,ENE,70,90,Sol com muitas nuvens,1020,2r,8,sol-com-muitas-nuvens
5368,364,False,7,BR,Brasil,RS,Rio Grande,S,True,-32.035,-52.099,False,True,cities,5368,Rio Grande,09/09/2026,Quarta-feira,10:24:00,9,10,ENE,76,95,Nublado,1020,3,8,nublado
5370,1408,False,7,BR,Brasil,RS,Rio Pardo,S,False,-29.99,-52.378,False,False,cities,5370,Rio Pardo,09/09/2026,Quarta-feira,11:09:00,9,5,ENE,71,95,Sol com algumas nuvens,1020,2,8,sol-com-algumas-nuvens
5367,3003,False,7,BR,Brasil,RS,Rio dos Índios,S,False,-27.3,-52.841,False,False,cities,5367,Rio dos Índios,09/09/2026,Quarta-feira,11:09:00,14,7,ENE,60,66,Sol com muitas nuvens,1017,2r,12,sol-com-muitas-nuvens
5373,4490,False,7,BR,Brasil,RS,Riozinho,S,False,-29.641,-50.453,False,False,cities,5373,Riozinho,09/09/2026,Quarta-feira,11:09:00,9,4,ENE,72,80,Sol com muitas nuvens,1021,2r,7,sol-com-muitas-nuvens
5374,4491,False,7,BR,Brasil,RS,Roca Sales,S,False,-29.29,-51.87,False,False,cities,5374,Roca Sales,09/09/2026,Quarta-feira,11:09:00,10,4,ENE,69,86,Sol com muitas nuvens,1021,2r,8,sol-com-muitas-nuvens
5120,3004,False,7,BR,Brasil,RS,Rodeio Bonito,S,False,-27.471,-53.169,False,False,cities,5120,Rodeio Bonito,09/09/2026,Quarta-feira,10:24:00,14,7,ENE,60,70,Sol com muitas nuvens,1017,2r,12,sol-com-muitas-nuvens
5121,5131,False,7,BR,Brasil,RS,Rolador,S,False,-28.257,-54.816,False,False,cities,5121,Rolador,09/09/2026,Quarta-feira,11:09:00,14,10,ENE,62,70,Sol com muitas nuvens,1016,2r,12,sol-com-muitas-nuvens
5122,4492,False,7,BR,Brasil,RS,Rolante,S,False,-29.651,-50.576,False,False,cities,5122,Rolante,09/09/2026,Quarta-feira,10:24:00,10,4,S,170,86,Sol com muitas nuvens,1021,2r,8,sol-com-muitas-nuvens
5123,3043,False,7,BR,Brasil,RS,Ronda Alta,S,False,-27.767,-52.802,False,False,cities,5123,Ronda Alta,09/09/2026,Quarta-feira,10:24:00,12,8,ENE,61,63,Sol com muitas nuvens,1017,2r,9,sol-com-muitas-nuvens
5124,3044,False,7,BR,Brasil,RS,Rondinha,S,False,-27.828,-52.91,False,False,cities,5124,Rondinha,09/09/2026,Quarta-feira,10:24:00,13,8,ENE,62,68,Sol com muitas nuvens,1017,2r,11,sol-com-muitas-nuvens
5125,3005,False,7,BR,Brasil,RS,Roque Gonzales,S,False,-28.131,-55.026,False,False,cities,5125,Roque Gonzales,09/09/2026,Quarta-feira,10:24:00,14,8,ENE,63,72,Sol com muitas nuvens,1015,2r,12,sol-com-muitas-nuvens
5127,3071,False,7,BR,Brasil,RS,Sagrada Família,S,False,-27.707,-53.136,False,False,cities,5127,Sagrada Família,09/09/2026,Quarta-feira,10:24:00,13,7,ENE,61,69,Nublado,1017,3,12,nublado
5128,3045,False,7,BR,Brasil,RS,Saldanha Marinho,S,False,-28.393,-53.095,False,False,cities,5128,Saldanha Marinho,09/09/2026,Quarta-feira,10:24:00,12,9,ENE,63,68,Nublado,1019,3,9,nublado
5130,3006,False,7,BR,Brasil,RS,Salvador das Missões,S,False,-28.126,-54.835,False,False,cities,5130,Salvador das Missões,09/09/2026,Quarta-feira,10:24:00,14,9,ENE,62,70,Sol com muitas nuvens,1016,2r,11,sol-com-muitas-nuvens
5131,4816,False,7,BR,Brasil,RS,Salvador do Sul,S,False,-29.438,-51.511,False,False,cities,5131,Salvador do Sul,09/09/2026,Quarta-feira,10:24:00,11,4,ENE,70,87,Sol com muitas nuvens,1021,2r,10,sol-com-muitas-nuvens
5132,3047,False,7,BR,Brasil,RS,Sananduva,S,False,-27.95,-51.807,False,False,cities,5132,Sananduva,09/09/2026,Quarta-feira,10:24:00,13,7,ENE,65,64,Sol com muitas nuvens,1018,2r,11,sol-com-muitas-nuvens
5133,3048,False,7,BR,Brasil,RS,Santa Bárbara do Sul,S,False,-28.358,-53.247,False,True,cities,5133,Santa Bárbara do Sul,09/09/2026,Quarta-feira,11:09:00,12,9,ENE,63,69,Sol com muitas nuvens,1019,2r,9,sol-com-muitas-nuvens
5134,6787,False,7,BR,Brasil,RS,Santa Cecília do Sul,S,False,-28.15,-51.917,False,False,cities,5134,Santa Cecília do Sul,09/09/2026,Quarta-feira,10:24:00,13,7,ENE,64,63,Sol com muitas nuvens,1018,2r,11,sol-com-muitas-nuvens
5135,4493,False,7,BR,Brasil,RS,Santa Clara do Sul,S,False,-29.469,-52.088,False,False,cities,5135,Santa Clara do Sul,09/09/2026,Quarta-feira,10:24:00,9,4,ENE,69,90,Sol com muitas nuvens,1023,2r,8,sol-com-muitas-nuvens
5136,365,False,7,BR,Brasil,RS,Santa Cruz do Sul,S,False,-29.717,-52.426,False,False,cities,5136,Santa Cruz do Sul,09/09/2026,Quarta-feira,10:24:00,9,6,ENE,70,95,Sol com muitas nuvens,1020,2r,9,sol-com-muitas-nuvens
5137,5105,False,7,BR,Brasil,RS,Santa Margarida do Sul,S,False,-30.34,-54.08,False,False,cities,5137,Santa Margarida do Sul,09/09/2026,Quarta-feira,10:24:00,10,6,ENE,72,88,Sol com muitas nuvens,1020,2r,9,sol-com-muitas-nuvens
5139,366,False,7,BR,Brasil,RS,Santa Maria,S,False,-29.684,-53.807,False,False,cities,5139,Santa Maria,09/09/2026,Quarta-feira,11:09:00,7,5,ENE,68,77,Sol com algumas nuvens,1021,2,7,sol-com-algumas-nuvens
5138,4817,False,7,BR,Brasil,RS,Santa Maria do Herval,S,False,-29.498,-50.993,False,False,cities,5138,Santa Maria do Herval,09/09/2026,Quarta-feira,11:09:00,9,4,ENE,71,71,Sol com muitas nuvens,1021,2r,7,sol-com-muitas-nuvens
5142,781,False,7,BR,Brasil,RS,Santa Rosa,S,False,-27.871,-54.481,False,True,cities,5142,Santa Rosa,09/09/2026,Quarta-feira,11:09:00,13,8,ENE,61,70,Nublado,1016,3,11,nublado
5143,4494,False,7,BR,Brasil,RS,Santa Tereza,S,False,-29.169,-51.735,False,False,cities,5143,Santa Tereza,09/09/2026,Quarta-feira,10:24:00,11,5,ENE,69,81,Sol com muitas nuvens,1020,2r,10,sol-com-muitas-nuvens
5144,367,False,7,BR,Brasil,RS,Santa Vitória do Palmar,S,True,-33.519,-53.368,False,True,cities,5144,Santa Vitória do Palmar,09/09/2026,Quarta-feira,11:09:00,7,6,NE,53,95,Nublado,1021,3,6,nublado
5140,4131,False,7,BR,Brasil,RS,Santana da Boa Vista,S,False,-30.872,-53.115,False,False,cities,5140,Santana da Boa Vista,09/09/2026,Quarta-feira,11:09:00,8,7,ENE,73,93,Chuvoso,1020,5,7,chuvoso
5141,1584,False,7,BR,Brasil,RS,Santana do Livramento,S,False,-30.891,-55.533,False,False,cities,5141,Santana do Livramento,09/09/2026,Quarta-feira,10:24:00,7,4,E,90,77,Nublado,1021,3,5,nublado
5145,2616,False,7,BR,Brasil,RS,Santiago,S,False,-29.192,-54.867,False,True,cities,5145,Santiago,09/09/2026,Quarta-feira,11:09:00,12,4,NNE,30,68,Nublado,1019,3,10,nublado
5146,3495,False,7,BR,Brasil,RS,Santo Antônio da Patrulha,S,False,-29.817,-50.52,False,False,cities,5146,Santo Antônio da Patrulha,09/09/2026,Quarta-feira,10:24:00,11,4,NE,51,89,Sol com muitas nuvens,1021,2r,10,sol-com-muitas-nuvens
5147,3010,False,7,BR,Brasil,RS,Santo Antônio das Missões,S,False,-28.511,-55.228,False,True,cities,5147,Santo Antônio das Missões,09/09/2026,Quarta-feira,10:24:00,14,9,ENE,65,70,Nublado,1016,3,12,nublado
5148,4495,False,7,BR,Brasil,RS,Santo Antônio do Palma,S,False,-28.497,-52.025,False,False,cities,5148,Santo Antônio do Palma,09/09/2026,Quarta-feira,10:24:00,10,6,ENE,66,67,Nublado,1018,3,8,nublado
5149,3053,False,7,BR,Brasil,RS,Santo Antônio do Planalto,S,False,-28.396,-52.691,False,False,cities,5149,Santo Antônio do Planalto,09/09/2026,Quarta-feira,10:24:00,12,9,ENE,64,68,Sol com muitas nuvens,1019,2r,10,sol-com-muitas-nuvens
5150,3007,False,7,BR,Brasil,RS,Santo Augusto,S,False,-27.851,-53.777,False,True,cities,5150,Santo Augusto,09/09/2026,Quarta-feira,10:24:00,14,8,ENE,60,67,Nublado,1016,3,11,nublado
5151,3008,False,7,BR,Brasil,RS,Santo Cristo,S,False,-27.824,-54.663,False,False,cities,5151,Santo Cristo,09/09/2026,Quarta-feira,10:24:00,13,8,ENE,61,71,Nublado,1016,3,11,nublado
5152,4496,False,7,BR,Brasil,RS,Santo Expedito do Sul,S,False,-27.908,-51.645,False,False,cities,5152,Santo Expedito do Sul,09/09/2026,Quarta-feira,10:24:00,14,7,ENE,65,66,Sol com muitas nuvens,1019,2r,11,sol-com-muitas-nuvens
5153,1412,False,7,BR,Brasil,RS,Santo Ângelo,S,False,-28.3001,-54.2667,False,True,cities,5153,Santo Ângelo,09/09/2026,Quarta-feira,10:24:00,13,10,SW,225,69,Nublado,1017,3,10,nublado
5193,3384,False,7,BR,Brasil,RS,Sapiranga,S,False,-29.638,-51.007,False,False,cities,5193,Sapiranga,09/09/2026,Quarta-feira,10:24:00,11,4,ENE,72,89,Sol com muitas nuvens,1021,2r,10,sol-com-muitas-nuvens
5195,1413,False,7,BR,Brasil,RS,Sapucaia do Sul,S,False,-29.825,-51.148,False,False,cities,5195,Sapucaia do Sul,09/09/2026,Quarta-feira,10:24:00,11,4,NNE,30,94,Sol com muitas nuvens,1023,2r,11,sol-com-muitas-nuvens
5196,3049,False,7,BR,Brasil,RS,Sarandi,S,False,-27.944,-52.923,False,False,cities,5196,Sarandi,09/09/2026,Quarta-feira,10:24:00,13,9,ENE,62,67,Sol com muitas nuvens,1018,2r,11,sol-com-muitas-nuvens
5197,3050,False,7,BR,Brasil,RS,Seberi,S,False,-27.478,-53.402,False,False,cities,5197,Seberi,09/09/2026,Quarta-feira,11:09:00,14,7,ENE,59,68,Sol com muitas nuvens,1017,2r,12,sol-com-muitas-nuvens
5198,3009,False,7,BR,Brasil,RS,Sede Nova,S,False,-27.635,-53.946,False,False,cities,5198,Sede Nova,09/09/2026,Quarta-feira,10:24:00,14,7,ENE,60,68,Nublado,1016,3,12,nublado
5201,3132,False,7,BR,Brasil,RS,Segredo,S,False,-29.341,-52.979,False,False,cities,5201,Segredo,09/09/2026,Quarta-feira,10:24:00,9,3,ENE,68,75,Sol com muitas nuvens,1018,2r,7,sol-com-muitas-nuvens
5202,3051,False,7,BR,Brasil,RS,Selbach,S,False,-28.629,-52.953,False,False,cities,5202,Selbach,09/09/2026,Quarta-feira,10:24:00,11,7,ENE,64,73,Nublado,1020,3,9,nublado
5204,4497,False,7,BR,Brasil,RS,Senador Salgado Filho,S,False,-28.031,-54.543,False,False,cities,5204,Senador Salgado Filho,09/09/2026,Quarta-feira,11:09:00,13,9,ENE,61,70,Nublado,1016,3,11,nublado
5205,4498,False,7,BR,Brasil,RS,Sentinela do Sul,S,False,-30.611,-51.579,False,False,cities,5205,Sentinela do Sul,09/09/2026,Quarta-feira,11:09:00,12,3,ENE,73,95,Nublado,1018,3,11,nublado
5206,2142,False,7,BR,Brasil,RS,Serafina Correa,S,False,-28.712,-51.935,False,True,cities,5206,Serafina Correa,09/09/2026,Quarta-feira,10:24:00,8,5,ENE,67,75,Sol com muitas nuvens,1019,2r,8,sol-com-muitas-nuvens
5208,3052,False,7,BR,Brasil,RS,Sertão,S,False,-27.98,-52.26,False,False,cities,5208,Sertão,09/09/2026,Quarta-feira,10:24:00,13,8,ENE,63,64,Sol com muitas nuvens,1017,2r,10,sol-com-muitas-nuvens
5209,4818,False,7,BR,Brasil,RS,Sertão Santana,S,False,-30.46,-51.603,False,False,cities,5209,Sertão Santana,09/09/2026,Quarta-feira,10:24:00,11,3,ENE,73,93,Nublado,1018,3,10,nublado
5210,4499,False,7,BR,Brasil,RS,Sete de Setembro,S,False,-28.131,-54.463,False,False,cities,5210,Sete de Setembro,09/09/2026,Quarta-feira,10:24:00,13,9,ENE,61,69,Nublado,1016,3,11,nublado
5211,4500,False,7,BR,Brasil,RS,Severiano de Almeida,S,False,-27.433,-52.116,False,False,cities,5211,Severiano de Almeida,09/09/2026,Quarta-feira,10:24:00,14,7,ENE,63,67,Sol com muitas nuvens,1017,2r,12,sol-com-muitas-nuvens
5212,3385,False,7,BR,Brasil,RS,Silveira Martins,S,False,-29.642,-53.586,False,False,cities,5212,Silveira Martins,09/09/2026,Quarta-feira,11:09:00,6,4,ENE,68,75,Sol com algumas nuvens,1021,2,4,sol-com-algumas-nuvens
5213,4501,False,7,BR,Brasil,RS,Sinimbu,S,False,-29.539,-52.522,False,False,cities,5213,Sinimbu,09/09/2026,Quarta-feira,10:24:00,9,4,ENE,69,83,Sol e Chuva,1020,4,7,sol-e-chuva
5214,3115,False,7,BR,Brasil,RS,Sobradinho,S,False,-29.421,-53.029,False,False,cities,5214,Sobradinho,09/09/2026,Quarta-feira,10:24:00,9,3,SSE,149,78,Sol com muitas nuvens,1018,2r,8,sol-com-muitas-nuvens
5217,1414,False,7,BR,Brasil,RS,Soledade,S,False,-28.818,-52.51,False,True,cities,5217,Soledade,09/09/2026,Quarta-feira,11:09:00,8,4,ENE,66,68,Sol com muitas nuvens,1021,2r,6,sol-com-muitas-nuvens
5154,1415,False,7,BR,Brasil,RS,São Borja,S,False,-28.661,-56.004,False,True,cities,5154,São Borja,09/09/2026,Quarta-feira,10:24:00,14,10,ENE,69,72,Nublado,1016,3,12,nublado
5155,4502,False,7,BR,Brasil,RS,São Domingos do Sul,S,False,-28.53,-51.89,False,False,cities,5155,São Domingos do Sul,09/09/2026,Quarta-feira,10:24:00,10,6,ENE,66,66,Nublado,1018,3,9,nublado
5156,1610,False,7,BR,Brasil,RS,São Francisco de Assis,S,False,-29.55,-55.131,False,False,cities,5156,São Francisco de Assis,09/09/2026,Quarta-feira,10:24:00,11,5,ENE,69,74,Nublado,1018,3,9,nublado
5157,3134,False,7,BR,Brasil,RS,São Francisco de Paula,S,False,-29.448,-50.584,False,False,cities,5157,São Francisco de Paula,09/09/2026,Quarta-feira,10:24:00,8,5,NE,47,73,Nublado,1022,3,6,nublado
5158,368,False,7,BR,Brasil,RS,São Gabriel,S,False,-30.336,-54.32,False,True,cities,5158,São Gabriel,09/09/2026,Quarta-feira,10:24:00,10,6,ENE,73,89,Sol e Chuva,1020,4,9,sol-e-chuva
5162,4503,False,7,BR,Brasil,RS,São Jorge,S,False,-28.501,-51.704,False,False,cities,5162,São Jorge,09/09/2026,Quarta-feira,10:24:00,9,7,ENE,66,65,Sol com muitas nuvens,1018,2r,8,sol-com-muitas-nuvens
5163,3011,False,7,BR,Brasil,RS,São José das Missões,S,False,-27.78,-53.122,False,False,cities,5163,São José das Missões,09/09/2026,Quarta-feira,11:09:00,13,7,ENE,61,69,Sol com muitas nuvens,1017,2r,12,sol-com-muitas-nuvens
5164,4504,False,7,BR,Brasil,RS,São José do Erval,S,False,-29.044,-52.295,False,False,cities,5164,São José do Erval,09/09/2026,Quarta-feira,10:24:00,7,3,ENE,67,67,Sol com muitas nuvens,1021,2r,5,sol-com-muitas-nuvens
5165,4505,False,7,BR,Brasil,RS,São José do Hortêncio,S,False,-29.531,-51.248,False,False,cities,5165,São José do Hortêncio,09/09/2026,Quarta-feira,10:24:00,12,4,ENE,71,86,Nublado,1021,3,12,nublado
5166,4506,False,7,BR,Brasil,RS,São José do Inhacorá,S,False,-27.725,-54.129,False,False,cities,5166,São José do Inhacorá,09/09/2026,Quarta-feira,10:24:00,14,8,ENE,60,71,Nublado,1016,3,12,nublado
5167,1418,False,7,BR,Brasil,RS,São José do Norte,S,True,-32.01,-52.04,False,False,cities,5167,São José do Norte,09/09/2026,Quarta-feira,10:24:00,9,10,ENE,76,95,Nublado,1020,3,8,nublado
5168,3054,False,7,BR,Brasil,RS,São José do Ouro,S,False,-27.769,-51.594,False,False,cities,5168,São José do Ouro,09/09/2026,Quarta-feira,11:09:00,13,7,N,3,62,Sol com muitas nuvens,1019,2r,11,sol-com-muitas-nuvens
5169,3139,False,7,BR,Brasil,RS,São José dos Ausentes,S,False,-28.748,-50.066,False,False,cities,5169,São José dos Ausentes,09/09/2026,Quarta-feira,10:24:00,8,10,NE,50,54,Sol com muitas nuvens,1022,2r,6,sol-com-muitas-nuvens
5160,4819,False,7,BR,Brasil,RS,São João da Urtiga,S,False,-27.82,-51.828,False,False,cities,5160,São João da Urtiga,09/09/2026,Quarta-feira,10:24:00,13,7,ENE,65,64,Sol com muitas nuvens,1019,2r,11,sol-com-muitas-nuvens
5170,1419,False,7,BR,Brasil,RS,São Leopoldo,S,False,-29.76,-51.147,False,False,cities,5170,São Leopoldo,09/09/2026,Quarta-feira,10:24:00,11,3,ENE,72,93,Sol com muitas nuvens,1022,2r,10,sol-com-muitas-nuvens
5171,1586,False,7,BR,Brasil,RS,São Lourenço do Sul,S,False,-31.365,-52.1,False,False,cities,5171,São Lourenço do Sul,09/09/2026,Quarta-feira,10:24:00,9,7,ENE,74,95,Nublado,1020,3,8,nublado
5172,369,False,7,BR,Brasil,RS,São Luiz Gonzaga,S,False,-28.408,-54.961,False,True,cities,5172,São Luiz Gonzaga,09/09/2026,Quarta-feira,10:24:00,14,11,ENE,63,70,Sol com muitas nuvens,1016,2r,12,sol-com-muitas-nuvens
5173,3360,False,7,BR,Brasil,RS,São Marcos,S,False,-28.96,-51.07,False,True,cities,5173,São Marcos,09/09/2026,Quarta-feira,10:24:00,10,6,ENE,69,68,Nublado,1021,3,8,nublado
5175,3012,False,7,BR,Brasil,RS,São Martinho,S,False,-29.505,-52.422,False,True,cities,5175,São Martinho,09/09/2026,Quarta-feira,10:24:00,8,4,ENE,69,80,Sol e Chuva,1021,4,6,sol-e-chuva
5174,4820,False,7,BR,Brasil,RS,São Martinho da Serra,S,False,-29.538,-53.855,False,False,cities,5174,São Martinho da Serra,09/09/2026,Quarta-feira,11:09:00,8,5,ENE,68,72,Sol com muitas nuvens,1020,2r,7,sol-com-muitas-nuvens
5176,3013,False,7,BR,Brasil,RS,São Miguel das Missões,S,False,-28.563,-54.554,False,True,cities,5176,São Miguel das Missões,09/09/2026,Quarta-feira,10:24:00,14,10,ENE,63,71,Nublado,1017,3,11,nublado
5177,3014,False,7,BR,Brasil,RS,São Nicolau,S,False,-28.183,-55.267,False,False,cities,5177,São Nicolau,09/09/2026,Quarta-feira,10:24:00,14,8,ENE,65,72,Sol com muitas nuvens,1014,2r,12,sol-com-muitas-nuvens
5178,3015,False,7,BR,Brasil,RS,São Paulo das Missões,S,False,-28.021,-54.936,False,False,cities,5178,São Paulo das Missões,09/09/2026,Quarta-feira,11:09:00,13,8,ENE,62,72,Sol com muitas nuvens,1015,2r,11,sol-com-muitas-nuvens
5179,4507,False,7,BR,Brasil,RS,São Pedro da Serra,S,False,-29.421,-51.513,False,False,cities,5179,São Pedro da Serra,09/09/2026,Quarta-feira,10:24:00,9,5,ENE,70,75,Nublado,1020,3,7,nublado
5180,5615,False,7,BR,Brasil,RS,São Pedro das Missões,S,False,-27.77,-53.25,False,False,cities,5180,São Pedro das Missões,09/09/2026,Quarta-feira,11:09:00,13,7,ENE,60,67,Nublado,1017,3,11,nublado
5181,3016,False,7,BR,Brasil,RS,São Pedro do Butiá,S,False,-28.124,-54.887,False,False,cities,5181,São Pedro do Butiá,09/09/2026,Quarta-feira,10:24:00,14,9,ENE,62,70,Sol com muitas nuvens,1016,2r,11,sol-com-muitas-nuvens
5182,3055,False,7,BR,Brasil,RS,São Pedro do Sul,S,False,-29.621,-54.179,False,True,cities,5182,São Pedro do Sul,09/09/2026,Quarta-feira,11:09:00,9,6,ENE,68,84,Sol com muitas nuvens,1019,2r,9,sol-com-muitas-nuvens
5183,2064,False,7,BR,Brasil,RS,São Sebastião do Caí,S,False,-29.587,-51.376,False,False,cities,5183,São Sebastião do Caí,09/09/2026,Quarta-feira,10:24:00,12,4,ENE,71,91,Nublado,1021,3,11,nublado
5184,1421,False,7,BR,Brasil,RS,São Sepé,S,False,-30.161,-53.565,False,True,cities,5184,São Sepé,09/09/2026,Quarta-feira,10:24:00,9,5,ENE,70,91,Sol com muitas nuvens,1021,2r,9,sol-com-muitas-nuvens
5188,4508,False,7,BR,Brasil,RS,São Valentim,S,False,-27.56,-52.52,False,False,cities,5188,São Valentim,09/09/2026,Quarta-feira,10:24:00,11,7,ENE,61,59,Sol com muitas nuvens,1017,2r,8,sol-com-muitas-nuvens
5187,4509,False,7,BR,Brasil,RS,São Valentim do Sul,S,False,-29.047,-51.765,False,False,cities,5187,São Valentim do Sul,09/09/2026,Quarta-feira,10:24:00,8,4,ENE,68,73,Sol com muitas nuvens,1020,2r,6,sol-com-muitas-nuvens
5189,3056,False,7,BR,Brasil,RS,São Valerio do Sul,S,False,-27.787,-53.937,False,False,cities,5189,São Valerio do Sul,09/09/2026,Quarta-feira,10:24:00,14,8,ENE,60,69,Nublado,1016,3,12,nublado
5191,4510,False,7,BR,Brasil,RS,São Vendelino,S,False,-29.369,-51.377,False,False,cities,5191,São Vendelino,09/09/2026,Quarta-feira,11:09:00,12,5,ENE,71,78,Sol com muitas nuvens,1020,2r,10,sol-com-muitas-nuvens
5192,4511,False,7,BR,Brasil,RS,São Vicente do Sul,S,False,-29.692,-54.679,False,False,cities,5192,São Vicente do Sul,09/09/2026,Quarta-feira,11:09:00,9,5,ENE,70,83,Nublado,1018,3,9,nublado
5207,4512,False,7,BR,Brasil,RS,Sério,S,False,-29.383,-52.269,False,False,cities,5207,Sério,09/09/2026,Quarta-feira,11:09:00,7,4,ENE,69,75,Sol com muitas nuvens,1021,2r,5,sol-com-muitas-nuvens
5222,4513,False,7,BR,Brasil,RS,Tabaí,S,False,-29.643,-51.682,False,False,cities,5222,Tabaí,09/09/2026,Quarta-feira,10:24:00,10,4,ENE,70,91,Sol com muitas nuvens,1025,2r,9,sol-com-muitas-nuvens
5223,3057,False,7,BR,Brasil,RS,Tapejara,S,False,-28.068,-52.014,False,False,cities,5223,Tapejara,09/09/2026,Quarta-feira,10:24:00,13,8,ENE,65,65,Sol com muitas nuvens,1018,2r,11,sol-com-muitas-nuvens
5224,3058,False,7,BR,Brasil,RS,Tapera,S,False,-28.625833,-52.87,False,False,cities,5224,Tapera,09/09/2026,Quarta-feira,11:09:00,11,7,ENE,64,72,Nublado,1020,3,9,nublado
5225,2065,False,7,BR,Brasil,RS,Tapes,S,False,-30.673,-51.396,False,True,cities,5225,Tapes,09/09/2026,Quarta-feira,11:09:00,12,3,ENE,74,93,Nublado,1018,3,12,nublado
5226,4140,False,7,BR,Brasil,RS,Taquara,S,False,-29.651,-50.781,False,False,cities,5226,Taquara,09/09/2026,Quarta-feira,10:24:00,11,4,ENE,72,89,Nublado,1021,3,11,nublado
5227,1422,False,7,BR,Brasil,RS,Taquari,S,False,-29.8,-51.864,False,False,cities,5227,Taquari,09/09/2026,Quarta-feira,10:24:00,10,4,NE,47,92,Sol com muitas nuvens,1029,2r,9,sol-com-muitas-nuvens
5228,4514,False,7,BR,Brasil,RS,Taquaruçu do Sul,S,False,-27.4,-53.467,False,False,cities,5228,Taquaruçu do Sul,09/09/2026,Quarta-feira,10:24:00,14,7,ENE,59,67,Sol com muitas nuvens,1017,2r,12,sol-com-muitas-nuvens
5229,4515,False,7,BR,Brasil,RS,Tavares,S,True,-31.25,-51.094,False,False,cities,5229,Tavares,09/09/2026,Quarta-feira,10:24:00,10,8,ENE,76,95,Nublado,1020,3,9,nublado
5231,4516,False,7,BR,Brasil,RS,Terra de Areia,S,False,-29.585,-50.071,False,False,cities,5231,Terra de Areia,09/09/2026,Quarta-feira,10:24:00,11,5,ENE,74,91,Nublado,1020,3,10,nublado
5232,4197,False,7,BR,Brasil,RS,Teutônia,S,False,-29.448,-51.806,False,False,cities,5232,Teutônia,09/09/2026,Quarta-feira,10:24:00,10,5,NNE,30,91,Sol com muitas nuvens,1023,2r,8,sol-com-muitas-nuvens
5233,5039,False,7,BR,Brasil,RS,Tio Hugo,S,False,-28.58,-52.599,False,False,cities,5233,Tio Hugo,09/09/2026,Quarta-feira,11:09:00,11,6,ENE,65,71,Nublado,1020,3,9,nublado
5234,3018,False,7,BR,Brasil,RS,Tiradentes do Sul,S,False,-27.398,-54.084,False,False,cities,5234,Tiradentes do Sul,09/09/2026,Quarta-feira,10:24:00,15,8,ENE,59,71,Sol com muitas nuvens,1016,2r,13,sol-com-muitas-nuvens
5235,4517,False,7,BR,Brasil,RS,Toropi,S,False,-29.478,-54.228,False,False,cities,5235,Toropi,09/09/2026,Quarta-feira,10:24:00,10,6,ENE,68,82,Sol com muitas nuvens,1019,2r,8,sol-com-muitas-nuvens
5236,370,False,7,BR,Brasil,RS,Torres,S,True,-29.335,-49.727,False,False,cities,5236,Torres,09/09/2026,Quarta-feira,11:09:00,13,5,ENE,74,91,Nublado,1020,3,12,nublado
5237,1423,False,7,BR,Brasil,RS,Tramandaí,S,True,-29.985,-50.2,False,False,cities,5237,Tramandaí,09/09/2026,Quarta-feira,10:24:00,12,7,ENE,75,94,Nublado,1020,3,12,nublado
5238,4518,False,7,BR,Brasil,RS,Travesseiro,S,False,-29.294,-52.055,False,False,cities,5238,Travesseiro,09/09/2026,Quarta-feira,11:09:00,8,3,ENE,68,77,Sol com muitas nuvens,1021,2r,6,sol-com-muitas-nuvens
5239,6948,False,7,BR,Brasil,RS,Trentin,S,False,-27.675,-53.291,False,False,cities,5239,Trentin,09/09/2026,Quarta-feira,10:24:00,13,7,ENE,60,65,Nublado,1017,3,11,nublado
5016,4519,False,7,BR,Brasil,RS,Triunfo,S,False,-29.943,-51.718,False,True,cities,5016,Triunfo,09/09/2026,Quarta-feira,10:24:00,10,2,ENE,72,95,Sol com muitas nuvens,1023,2r,9,sol-com-muitas-nuvens
5008,4520,False,7,BR,Brasil,RS,Três Arroios,S,False,-27.498,-52.149,False,False,cities,5008,Três Arroios,09/09/2026,Quarta-feira,10:24:00,12,8,ENE,62,61,Sol com muitas nuvens,1018,2r,10,sol-com-muitas-nuvens
5009,4521,False,7,BR,Brasil,RS,Três Cachoeiras,S,True,-29.456,-49.924,False,False,cities,5009,Três Cachoeiras,09/09/2026,Quarta-feira,11:09:00,12,5,ENE,74,87,Nublado,1020,3,11,nublado
5010,3387,False,7,BR,Brasil,RS,Três Coroas,S,False,-29.517,-50.778,False,False,cities,5010,Três Coroas,09/09/2026,Quarta-feira,10:24:00,11,4,ENE,72,82,Nublado,1021,3,10,nublado
5012,4522,False,7,BR,Brasil,RS,Três Forquilhas,S,False,-29.537,-50.064,False,False,cities,5012,Três Forquilhas,09/09/2026,Quarta-feira,11:09:00,11,5,ENE,73,84,Nublado,1021,3,9,nublado
5013,3060,False,7,BR,Brasil,RS,Três Palmeiras,S,False,-27.615,-52.844,False,False,cities,5013,Três Palmeiras,09/09/2026,Quarta-feira,10:24:00,11,7,ENE,61,63,Sol com muitas nuvens,1017,2r,9,sol-com-muitas-nuvens
5014,2692,False,7,BR,Brasil,RS,Três Passos,S,False,-27.456,-53.932,False,False,cities,5014,Três Passos,09/09/2026,Quarta-feira,10:24:00,14,7,ENE,59,70,Nublado,1016,3,13,nublado
5011,1424,False,7,BR,Brasil,RS,Três de Maio,S,False,-27.773,-54.24,False,True,cities,5011,Três de Maio,09/09/2026,Quarta-feira,11:09:00,14,8,ENE,60,72,Nublado,1016,3,12,nublado
5017,3019,False,7,BR,Brasil,RS,Tucunduva,S,False,-27.657,-54.44,False,True,cities,5017,Tucunduva,09/09/2026,Quarta-feira,11:09:00,13,7,ENE,60,72,Nublado,1016,3,11,nublado
5018,3133,False,7,BR,Brasil,RS,Tunas,S,False,-29.103,-52.956,False,False,cities,5018,Tunas,09/09/2026,Quarta-feira,10:24:00,10,4,ENE,67,79,Sol com muitas nuvens,1020,2r,8,sol-com-muitas-nuvens
5019,4523,False,7,BR,Brasil,RS,Tupanci do Sul,S,False,-27.925,-51.536,False,False,cities,5019,Tupanci do Sul,09/09/2026,Quarta-feira,10:24:00,13,7,ENE,65,62,Sol com muitas nuvens,1019,2r,10,sol-com-muitas-nuvens
5020,3020,False,7,BR,Brasil,RS,Tupanciretã,S,False,-29.081,-53.836,False,False,cities,5020,Tupanciretã,09/09/2026,Quarta-feira,10:24:00,11,8,ENE,57,70,Sol com muitas nuvens,1018,2r,8,sol-com-muitas-nuvens
5021,4524,False,7,BR,Brasil,RS,Tupandi,S,False,-29.476,-51.421,False,False,cities,5021,Tupandi,09/09/2026,Quarta-feira,10:24:00,11,4,ENE,70,87,Nublado,1021,3,10,nublado
5022,3021,False,7,BR,Brasil,RS,Tuparendi,S,False,-27.756,-54.482,False,False,cities,5022,Tuparendi,09/09/2026,Quarta-feira,11:09:00,13,8,ENE,60,69,Nublado,1016,3,11,nublado
5023,4525,False,7,BR,Brasil,RS,Turuçu,S,False,-31.422,-52.178,False,False,cities,5023,Turuçu,09/09/2026,Quarta-feira,11:09:00,9,7,ENE,74,95,Nublado,1020,3,8,nublado
5024,4526,False,7,BR,Brasil,RS,Ubiretama,S,False,-28.046,-54.681,False,False,cities,5024,Ubiretama,09/09/2026,Quarta-feira,10:24:00,13,9,ENE,61,70,Nublado,1016,3,11,nublado
5026,4527,False,7,BR,Brasil,RS,Unistalda,S,False,-29.047,-55.15,False,False,cities,5026,Unistalda,09/09/2026,Quarta-feira,11:09:00,13,6,ENE,67,68,Nublado,1017,3,11,nublado
5025,4528,False,7,BR,Brasil,RS,União da Serra,S,False,-28.795,-52.037,False,False,cities,5025,União da Serra,09/09/2026,Quarta-feira,11:09:00,9,5,ENE,67,76,Sol com muitas nuvens,1019,2r,7,sol-com-muitas-nuvens
5027,371,False,7,BR,Brasil,RS,Uruguaiana,S,False,-29.755,-57.088,False,True,cities,5027,Uruguaiana,09/09/2026,Quarta-feira,10:24:00,12,14,E,90,77,Nublado,1016,3,9,nublado
5028,1425,False,7,BR,Brasil,RS,Vacaria,S,False,-28.512,-50.934,False,False,cities,5028,Vacaria,09/09/2026,Quarta-feira,10:24:00,10,9,ENE,68,60,Sol com muitas nuvens,1021,2r,8,sol-com-muitas-nuvens
3681,4529,False,7,BR,Brasil,RS,Vale Real,S,False,-29.398,-51.254,False,False,cities,3681,Vale Real,09/09/2026,Quarta-feira,11:09:00,14,4,ENE,70,89,Sol com muitas nuvens,1020,2r,14,sol-com-muitas-nuvens
5029,4530,False,7,BR,Brasil,RS,Vale Verde,S,False,-29.787,-52.184,False,True,cities,5029,Vale Verde,09/09/2026,Quarta-feira,10:24:00,9,5,ENE,70,93,Sol com muitas nuvens,1023,2r,9,sol-com-muitas-nuvens
3683,4531,False,7,BR,Brasil,RS,Vale do Sol,S,False,-29.604,-52.683,False,False,cities,3683,Vale do Sol,09/09/2026,Quarta-feira,11:09:00,9,4,ENE,69,87,Sol com algumas nuvens,1019,2,8,sol-com-algumas-nuvens
5030,4532,False,7,BR,Brasil,RS,Vanini,S,False,-28.478,-51.845,False,False,cities,5030,Vanini,09/09/2026,Quarta-feira,10:24:00,9,6,ENE,66,66,Nublado,1018,3,8,nublado
5031,1426,False,7,BR,Brasil,RS,Venâncio Aires,S,False,-29.606,-52.192,False,False,cities,5031,Venâncio Aires,09/09/2026,Quarta-feira,10:24:00,9,5,ENE,70,93,Sol com muitas nuvens,1023,2r,8,sol-com-muitas-nuvens
5032,2066,False,7,BR,Brasil,RS,Vera Cruz,S,False,-29.715,-52.506,False,False,cities,5032,Vera Cruz,09/09/2026,Quarta-feira,10:24:00,9,6,ENE,70,95,Sol com muitas nuvens,1020,2r,9,sol-com-muitas-nuvens
5033,3480,False,7,BR,Brasil,RS,Veranópolis,S,False,-28.936,-51.549,False,False,cities,5033,Veranópolis,09/09/2026,Quarta-feira,11:09:00,9,6,ENE,68,69,Sol com muitas nuvens,1019,2r,9,sol-com-muitas-nuvens
5034,4533,False,7,BR,Brasil,RS,Vespasiano Correa,S,False,-29.067,-51.859,False,False,cities,5034,Vespasiano Correa,09/09/2026,Quarta-feira,11:09:00,9,4,ENE,67,80,Sol com muitas nuvens,1021,2r,8,sol-com-muitas-nuvens
5035,4534,False,7,BR,Brasil,RS,Viadutos,S,False,-27.569,-52.02,False,False,cities,5035,Viadutos,09/09/2026,Quarta-feira,10:24:00,12,8,ENE,63,62,Sol com muitas nuvens,1018,2r,10,sol-com-muitas-nuvens
5036,1427,False,7,BR,Brasil,RS,Viamão,S,False,-30.081,-51.023,False,True,cities,5036,Viamão,09/09/2026,Quarta-feira,10:24:00,12,4,ENE,73,92,Sol com muitas nuvens,1022,2r,11,sol-com-muitas-nuvens
5037,4535,False,7,BR,Brasil,RS,Vicente Dutra,S,False,-27.162,-53.405,False,False,cities,5037,Vicente Dutra,09/09/2026,Quarta-feira,10:24:00,16,6,ENE,58,73,Sol com muitas nuvens,1017,2r,15,sol-com-muitas-nuvens
5038,3061,False,7,BR,Brasil,RS,Victor Graeff,S,False,-28.56,-52.748,False,False,cities,5038,Victor Graeff,09/09/2026,Quarta-feira,11:09:00,12,8,ENE,64,72,Nublado,1020,3,10,nublado
5039,4536,False,7,BR,Brasil,RS,Vila Flores,S,False,-28.863,-51.533,False,False,cities,5039,Vila Flores,09/09/2026,Quarta-feira,10:24:00,9,6,ENE,68,69,Sol com muitas nuvens,1019,2r,9,sol-com-muitas-nuvens
5040,4537,False,7,BR,Brasil,RS,Vila Lângaro,S,False,-28.107,-52.144,False,False,cities,5040,Vila Lângaro,09/09/2026,Quarta-feira,10:24:00,13,8,ENE,64,65,Sol com muitas nuvens,1017,2r,11,sol-com-muitas-nuvens
5042,4538,False,7,BR,Brasil,RS,Vila Nova do Sul,S,False,-30.344,-53.883,False,False,cities,5042,Vila Nova do Sul,09/09/2026,Quarta-feira,10:24:00,9,6,ENE,72,86,Sol com muitas nuvens,1020,2r,8,sol-com-muitas-nuvens
5044,4539,False,7,BR,Brasil,RS,Vista Alegre,S,False,-27.37,-53.49,False,False,cities,5044,Vista Alegre,09/09/2026,Quarta-feira,10:24:00,14,7,ENE,59,67,Sol com muitas nuvens,1017,2r,12,sol-com-muitas-nuvens
5043,4540,False,7,BR,Brasil,RS,Vista Alegre do Prata,S,False,-28.809,-51.79,False,False,cities,5043,Vista Alegre do Prata,09/09/2026,Quarta-feira,11:09:00,9,5,ENE,67,79,Sol com muitas nuvens,1018,2r,8,sol-com-muitas-nuvens
5045,3063,False,7,BR,Brasil,RS,Vista Gaúcha,S,False,-27.29,-53.7,False,False,cities,5045,Vista Gaúcha,09/09/2026,Quarta-feira,11:09:00,15,7,ENE,59,72,Sol com muitas nuvens,1016,2r,14,sol-com-muitas-nuvens
5046,3022,False,7,BR,Brasil,RS,Vitória das Missões,S,False,-28.351,-54.496,False,False,cities,5046,Vitória das Missões,09/09/2026,Quarta-feira,10:24:00,14,10,ENE,62,71,Nublado,1017,3,11,nublado
5047,6801,False,7,BR,Brasil,RS,Westfália,S,False,-29.418537,-51.765942,False,False,cities,5047,Westfália,09/09/2026,Quarta-feira,10:24:00,8,4,ENE,70,81,Sol com muitas nuvens,1020,2r,6,sol-com-muitas-nuvens
5048,4541,False,7,BR,Brasil,RS,Xangri-lá,S,True,-29.81,-50.05,False,False,cities,5048,Xangri-lá,09/09/2026,Quarta-feira,10:24:00,11,5,ENE,74,92,Nublado,1020,3,10,nublado
5787,3064,False,7,BR,Brasil,RS,Água Santa,S,False,-28.177,-52.034,False,False,cities,5787,Água Santa,09/09/2026,Quarta-feira,11:09:00,13,8,ENE,65,65,Sol com muitas nuvens,1018,2r,11,sol-com-muitas-nuvens
5521,3065,False,7,BR,Brasil,RS,Áurea,S,False,-27.697,-52.049,False,False,cities,5521,Áurea,09/09/2026,Quarta-feira,11:09:00,12,8,ENE,63,63,Sol com muitas nuvens,1018,2r,10,sol-com-muitas-nuvens
5049,4542,False,7,BR,Brasil,SC,Abdon Batista,S,False,-27.611,-51.023,False,False,cities,5049,Abdon Batista,09/09/2026,Quarta-feira,10:24:00,12,6,ENE,66,65,Sol com muitas nuvens,1016,2r,10,sol-com-muitas-nuvens
5050,3412,False,7,BR,Brasil,SC,Abelardo Luz,S,False,-26.565,-52.328,False,False,cities,5050,Abelardo Luz,09/09/2026,Quarta-feira,10:24:00,16,4,ENE,60,63,Nublado,1017,3,15,nublado
5051,4543,False,7,BR,Brasil,SC,Agrolândia,S,False,-27.412,-49.826,False,False,cities,5051,Agrolândia,09/09/2026,Quarta-feira,10:24:00,12,3,ENE,69,78,Nublado,1018,3,11,nublado
5052,4544,False,7,BR,Brasil,SC,Agronômica,S,False,-27.265,-49.711,False,False,cities,5052,Agronômica,09/09/2026,Quarta-feira,11:09:00,12,2,SSW,200,78,Nublado,1018,3,11,nublado
5058,4545,False,7,BR,Brasil,SC,Alfredo Wagner,S,False,-27.7,-49.334,False,False,cities,5058,Alfredo Wagner,09/09/2026,Quarta-feira,10:24:00,9,5,ENE,71,66,Sol com muitas nuvens,1019,2r,7,sol-com-muitas-nuvens
5059,4546,False,7,BR,Brasil,SC,Alto Bela Vista,S,False,-27.457,-51.879,False,False,cities,5059,Alto Bela Vista,09/09/2026,Quarta-feira,11:09:00,14,7,ENE,64,69,Sol com muitas nuvens,1018,2r,12,sol-com-muitas-nuvens
5060,4547,False,7,BR,Brasil,SC,Anchieta,S,False,-26.534,-53.331,False,False,cities,5060,Anchieta,09/09/2026,Quarta-feira,11:09:00,16,5,ENE,58,64,Nublado,1016,3,15,nublado
5061,4126,False,7,BR,Brasil,SC,Angelina,S,False,-27.569,-48.985,False,False,cities,5061,Angelina,09/09/2026,Quarta-feira,11:09:00,10,4,ENE,72,70,Sol com muitas nuvens,1020,2r,8,sol-com-muitas-nuvens
5062,1428,False,7,BR,Brasil,SC,Anita Garibaldi,S,False,-27.689,-51.13,False,False,cities,5062,Anita Garibaldi,09/09/2026,Quarta-feira,11:09:00,11,6,ENE,66,62,Sol com muitas nuvens,1017,2r,9,sol-com-muitas-nuvens
5063,4548,False,7,BR,Brasil,SC,Anitápolis,S,False,-27.902,-49.129,False,False,cities,5063,Anitápolis,09/09/2026,Quarta-feira,10:24:00,9,5,ENE,72,68,Sol com algumas nuvens,1020,2,9,sol-com-algumas-nuvens
5064,4549,False,7,BR,Brasil,SC,Anta Gorda,S,False,-26.946,-51.239,False,False,cities,5064,Anta Gorda,09/09/2026,Quarta-feira,11:09:00,14,4,ENE,65,67,Nublado,1016,3,13,nublado
5065,4550,False,7,BR,Brasil,SC,Antônio Carlos,S,False,-27.517,-48.767,False,False,cities,5065,Antônio Carlos,09/09/2026,Quarta-feira,10:24:00,14,4,ENE,72,89,Sol com muitas nuvens,1020,2r,14,sol-com-muitas-nuvens
5066,4551,False,7,BR,Brasil,SC,Apiúna,S,False,-27.036,-49.39,False,False,cities,5066,Apiúna,09/09/2026,Quarta-feira,11:09:00,12,2,ENE,70,79,Nublado,1019,3,12,nublado
5067,4552,False,7,BR,Brasil,SC,Arabutã,S,False,-27.16,-52.142,False,False,cities,5067,Arabutã,09/09/2026,Quarta-feira,10:24:00,15,7,ENE,62,64,Sol com muitas nuvens,1017,2r,14,sol-com-muitas-nuvens
5068,3496,False,7,BR,Brasil,SC,Araquari,S,True,-26.37,-48.722,False,False,cities,5068,Araquari,09/09/2026,Quarta-feira,10:24:00,15,3,ENE,78,95,Nublado,1018,3,16,nublado
5069,2067,False,7,BR,Brasil,SC,Araranguá,S,True,-28.935,-49.486,False,False,cities,5069,Araranguá,09/09/2026,Quarta-feira,10:24:00,13,8,ENE,74,92,Nublado,1019,3,12,nublado
5070,4553,False,7,BR,Brasil,SC,Armazém,S,False,-28.262,-49.017,False,False,cities,5070,Armazém,09/09/2026,Quarta-feira,10:24:00,10,7,ENE,73,84,Sol com muitas nuvens,1019,2r,9,sol-com-muitas-nuvens
5071,4554,False,7,BR,Brasil,SC,Arroio Trinta,S,False,-26.933,-51.339,False,False,cities,5071,Arroio Trinta,09/09/2026,Quarta-feira,11:09:00,13,4,ENE,64,61,Sol com muitas nuvens,1017,2r,11,sol-com-muitas-nuvens
5072,4555,False,7,BR,Brasil,SC,Arvoredo,S,False,-27.074,-52.456,False,False,cities,5072,Arvoredo,09/09/2026,Quarta-feira,10:24:00,15,8,ENE,61,63,Sol com muitas nuvens,1017,2r,13,sol-com-muitas-nuvens
5073,4556,False,7,BR,Brasil,SC,Ascurra,S,False,-26.955,-49.376,False,False,cities,5073,Ascurra,09/09/2026,Quarta-feira,11:09:00,14,2,ENE,71,87,Nublado,1019,3,14,nublado
5074,4557,False,7,BR,Brasil,SC,Atalanta,S,False,-27.42,-49.781,False,False,cities,5074,Atalanta,09/09/2026,Quarta-feira,10:24:00,12,3,ENE,69,78,Nublado,1018,3,11,nublado
5075,4558,False,7,BR,Brasil,SC,Aurora,S,False,-27.315,-49.638,False,False,cities,5075,Aurora,09/09/2026,Quarta-feira,11:09:00,11,3,ENE,69,73,Nublado,1018,3,9,nublado
5076,4559,False,7,BR,Brasil,SC,Balneário Arroio do Silva,S,True,-28.984,-49.413,False,False,cities,5076,Balneário Arroio do Silva,09/09/2026,Quarta-feira,10:24:00,13,7,ENE,74,92,Nublado,1019,3,12,nublado
5077,4560,False,7,BR,Brasil,SC,Balneário Barra do Sul,S,True,-26.46,-48.62,False,False,cities,5077,Balneário Barra do Sul,09/09/2026,Quarta-feira,10:24:00,15,4,ENE,78,95,Nublado,1018,3,16,nublado
5078,3342,False,7,BR,Brasil,SC,Balneário Camboriú,S,True,-26.99,-48.64,True,False,cities,5078,Balneário Camboriú,09/09/2026,Quarta-feira,10:24:00,15,4,E,80,91,Nublado,1019,3,15,nublado
5080,4561,False,7,BR,Brasil,SC,Balneário Gaivota,S,True,-29.157,-49.579,False,False,cities,5080,Balneário Gaivota,09/09/2026,Quarta-feira,10:24:00,13,7,ENE,74,94,Nublado,1020,3,13,nublado
4769,789,False,7,BR,Brasil,SC,Balneário Piçarras,S,True,-26.75,-48.68,False,False,cities,4769,Balneário Piçarras,09/09/2026,Quarta-feira,11:09:00,15,4,ENE,76,93,Nublado,1019,3,16,nublado
5081,4562,False,7,BR,Brasil,SC,Bandeirante,S,False,-26.769,-53.638,False,False,cities,5081,Bandeirante,09/09/2026,Quarta-feira,11:09:00,16,7,ENE,58,73,Nublado,1016,3,14,nublado
5085,2068,False,7,BR,Brasil,SC,Barra Velha,S,True,-26.65,-48.69,False,False,cities,5085,Barra Velha,09/09/2026,Quarta-feira,11:09:00,16,4,ENE,76,95,Nublado,1018,3,16,nublado
5083,5106,False,7,BR,Brasil,SC,Barra do Ibiraquera,S,False,-28.083,-48.617,False,False,cities,5083,Barra do Ibiraquera,09/09/2026,Quarta-feira,10:24:00,14,7,ENE,74,95,Sol com muitas nuvens,1018,2r,14,sol-com-muitas-nuvens
5084,5287,False,7,BR,Brasil,SC,Barra do Saí,S,False,-25.967,-48.67,False,False,cities,5084,Barra do Saí,09/09/2026,Quarta-feira,10:24:00,16,3,E,79,94,Nublado,1018,3,17,nublado
5087,4565,False,7,BR,Brasil,SC,Belmonte,S,False,-26.841,-53.576,False,False,cities,5087,Belmonte,09/09/2026,Quarta-feira,10:24:00,15,7,ENE,58,68,Sol com muitas nuvens,1016,2r,14,sol-com-muitas-nuvens
5088,4566,False,7,BR,Brasil,SC,Benedito Novo,S,False,-26.783,-49.364,False,False,cities,5088,Benedito Novo,09/09/2026,Quarta-feira,11:09:00,12,2,ENE,72,78,Nublado,1019,3,12,nublado
5089,4567,False,7,BR,Brasil,SC,Biguaçu,S,False,-27.494,-48.656,False,False,cities,5089,Biguaçu,09/09/2026,Quarta-feira,11:09:00,14,4,ENE,73,89,Sol com muitas nuvens,1019,2r,14,sol-com-muitas-nuvens
5090,372,False,7,BR,Brasil,SC,Blumenau,S,False,-26.919,-49.066,True,False,cities,5090,Blumenau,09/09/2026,Quarta-feira,11:09:00,15,3,ENE,73,94,Nublado,1019,3,16,nublado
5091,4568,False,7,BR,Brasil,SC,Bocaina do Sul,S,False,-27.744,-49.944,False,False,cities,5091,Bocaina do Sul,09/09/2026,Quarta-feira,11:09:00,11,4,ENE,69,62,Sol com muitas nuvens,1019,2r,9,sol-com-muitas-nuvens
5093,4119,False,7,BR,Brasil,SC,Bom Jardim da Serra,S,False,-28.337,-49.625,False,False,cities,5093,Bom Jardim da Serra,09/09/2026,Quarta-feira,10:24:00,9,8,ENE,72,45,Sol com algumas nuvens,1019,2,8,sol-com-algumas-nuvens
5095,4569,False,7,BR,Brasil,SC,Bom Jesus,S,False,-26.734,-52.394,False,False,cities,5095,Bom Jesus,09/09/2026,Quarta-feira,11:09:00,17,6,ENE,60,66,Nublado,1017,3,16,nublado
5094,4570,False,7,BR,Brasil,SC,Bom Jesus do Oeste,S,False,-26.69,-53.098,False,False,cities,5094,Bom Jesus do Oeste,09/09/2026,Quarta-feira,11:09:00,16,6,ENE,58,66,Sol com muitas nuvens,1016,2r,15,sol-com-muitas-nuvens
5096,4571,False,7,BR,Brasil,SC,Bom Retiro,S,False,-27.797,-49.489,False,False,cities,5096,Bom Retiro,09/09/2026,Quarta-feira,10:24:00,9,5,ENE,70,63,Sol com algumas nuvens,1019,2,6,sol-com-algumas-nuvens
5097,5616,False,7,BR,Brasil,SC,Bom Sucesso,S,False,-26.683,-49.717,False,False,cities,5097,Bom Sucesso,09/09/2026,Quarta-feira,11:09:00,11,2,ENE,70,64,Nublado,1018,3,10,nublado
5092,3481,False,7,BR,Brasil,SC,Bombinhas,S,True,-27.18,-48.51,False,False,cities,5092,Bombinhas,09/09/2026,Quarta-feira,10:24:00,15,5,ENE,76,95,Nublado,1019,3,16,nublado
5098,4572,False,7,BR,Brasil,SC,Botuverá,S,False,-27.199,-49.075,False,False,cities,5098,Botuverá,09/09/2026,Quarta-feira,10:24:00,12,3,ENE,71,80,Nublado,1019,3,11,nublado
5099,4573,False,7,BR,Brasil,SC,Braço do Norte,S,False,-28.275,-49.166,False,False,cities,5099,Braço do Norte,09/09/2026,Quarta-feira,11:09:00,11,7,ENE,73,87,Sol com muitas nuvens,1019,2r,10,sol-com-muitas-nuvens
5100,4574,False,7,BR,Brasil,SC,Braço do Trombudo,S,False,-27.358,-49.886,False,False,cities,5100,Braço do Trombudo,09/09/2026,Quarta-feira,11:09:00,12,3,ENE,69,78,Nublado,1018,3,11,nublado
5101,4575,False,7,BR,Brasil,SC,Brunópolis,S,False,-27.306,-50.868,False,False,cities,5101,Brunópolis,09/09/2026,Quarta-feira,11:09:00,13,4,ENE,66,65,Nublado,1017,3,11,nublado
5102,1429,False,7,BR,Brasil,SC,Brusque,S,False,-27.098,-48.917,False,False,cities,5102,Brusque,09/09/2026,Quarta-feira,10:24:00,14,3,ENE,73,91,Nublado,1019,3,15,nublado
5104,4576,False,7,BR,Brasil,SC,Caibi,S,False,-27.072,-53.248,False,False,cities,5104,Caibi,09/09/2026,Quarta-feira,10:24:00,15,7,ENE,59,70,Sol com muitas nuvens,1017,2r,14,sol-com-muitas-nuvens
5105,3522,False,7,BR,Brasil,SC,Calmon,S,False,-26.6,-51.097,False,False,cities,5105,Calmon,09/09/2026,Quarta-feira,10:24:00,12,3,ENE,64,59,Nublado,1018,3,10,nublado
5106,1622,False,7,BR,Brasil,SC,Camboriú,S,True,-27.025,-48.654,False,False,cities,5106,Camboriú,09/09/2026,Quarta-feira,10:24:00,15,4,E,80,91,Nublado,1019,3,15,nublado
5107,5107,False,7,BR,Brasil,SC,Campina da Alegria,S,False,-27.217,-52.017,False,False,cities,5107,Campina da Alegria,09/09/2026,Quarta-feira,11:09:00,14,7,ENE,62,65,Sol com muitas nuvens,1017,2r,12,sol-com-muitas-nuvens
5109,4577,False,7,BR,Brasil,SC,Campo Belo do Sul,S,False,-27.899,-50.761,False,False,cities,5109,Campo Belo do Sul,09/09/2026,Quarta-feira,10:24:00,11,6,ENE,67,62,Sol com muitas nuvens,1019,2r,8,sol-com-muitas-nuvens
5110,3023,False,7,BR,Brasil,SC,Campo Erê,S,False,-26.394,-53.078,False,True,cities,5110,Campo Erê,09/09/2026,Quarta-feira,10:24:00,14,4,ENE,58,61,Nublado,1017,3,13,nublado
5111,373,False,7,BR,Brasil,SC,Campos Novos,S,False,-27.402,-51.225,False,True,cities,5111,Campos Novos,09/09/2026,Quarta-feira,10:24:00,12,5,SE,133,61,Nublado,1014,3,10,nublado
5112,4578,False,7,BR,Brasil,SC,Canelinha,S,False,-27.265,-48.768,False,False,cities,5112,Canelinha,09/09/2026,Quarta-feira,10:24:00,15,4,ENE,73,93,Sol com muitas nuvens,1019,2r,15,sol-com-muitas-nuvens
5113,782,False,7,BR,Brasil,SC,Canoinhas,S,False,-26.177,-50.39,False,False,cities,5113,Canoinhas,09/09/2026,Quarta-feira,10:24:00,14,3,ENE,66,71,Nublado,1019,3,13,nublado
5115,783,False,7,BR,Brasil,SC,Capinzal,S,False,-27.344,-51.612,False,False,cities,5115,Capinzal,09/09/2026,Quarta-feira,10:24:00,14,6,ENE,64,65,Nublado,1017,3,12,nublado
5116,4579,False,7,BR,Brasil,SC,Capivari de Baixo,S,False,-28.445,-48.958,False,False,cities,5116,Capivari de Baixo,09/09/2026,Quarta-feira,10:24:00,13,7,ENE,74,95,Chuvoso,1019,5,13,chuvoso
5114,4821,False,7,BR,Brasil,SC,Capão Alto,S,False,-27.937,-50.512,False,False,cities,5114,Capão Alto,09/09/2026,Quarta-feira,10:24:00,11,5,ENE,68,62,Sol com muitas nuvens,1020,2r,9,sol-com-muitas-nuvens
5117,3497,False,7,BR,Brasil,SC,Catanduvas,S,False,-27.071,-51.662,False,False,cities,5117,Catanduvas,09/09/2026,Quarta-feira,10:24:00,14,5,ENE,63,59,Sol com muitas nuvens,1017,2r,12,sol-com-muitas-nuvens
5118,4580,False,7,BR,Brasil,SC,Caxambu do Sul,S,False,-27.161,-52.879,False,False,cities,5118,Caxambu do Sul,09/09/2026,Quarta-feira,10:24:00,15,8,ENE,60,68,Sol com muitas nuvens,1017,2r,14,sol-com-muitas-nuvens
5119,4581,False,7,BR,Brasil,SC,Celso Ramos,S,False,-27.634,-51.336,False,False,cities,5119,Celso Ramos,09/09/2026,Quarta-feira,10:24:00,13,6,ENE,65,65,Sol com muitas nuvens,1016,2r,11,sol-com-muitas-nuvens
4888,4582,False,7,BR,Brasil,SC,Cerro Negro,S,False,-27.795,-50.876,False,False,cities,4888,Cerro Negro,09/09/2026,Quarta-feira,10:24:00,11,6,ENE,67,63,Sol com muitas nuvens,1019,2r,8,sol-com-muitas-nuvens
4889,4583,False,7,BR,Brasil,SC,Chapadão do Lageado,S,False,-27.591,-49.554,False,False,cities,4889,Chapadão do Lageado,09/09/2026,Quarta-feira,10:24:00,10,4,ENE,70,70,Sol com muitas nuvens,1018,2r,8,sol-com-muitas-nuvens
4890,374,False,7,BR,Brasil,SC,Chapecó,S,False,-27.096,-52.618,False,False,cities,4890,Chapecó,09/09/2026,Quarta-feira,10:24:00,14,9,NE,50,61,Sol com muitas nuvens,1017,2r,12,sol-com-muitas-nuvens
4891,4198,False,7,BR,Brasil,SC,Cocal do Sul,S,False,-28.601,-49.326,False,False,cities,4891,Cocal do Sul,09/09/2026,Quarta-feira,11:09:00,12,8,ENE,73,93,Sol com muitas nuvens,1019,2r,11,sol-com-muitas-nuvens
4892,375,False,7,BR,Brasil,SC,Concórdia,S,False,-27.234,-52.028,False,False,cities,4892,Concórdia,09/09/2026,Quarta-feira,10:24:00,14,7,ENE,62,65,Sol com muitas nuvens,1017,2r,12,sol-com-muitas-nuvens
4893,4584,False,7,BR,Brasil,SC,Cordilheira Alta,S,False,-26.984,-52.603,False,False,cities,4893,Cordilheira Alta,09/09/2026,Quarta-feira,11:09:00,16,9,ENE,60,63,Sol com muitas nuvens,1017,2r,14,sol-com-muitas-nuvens
4894,1430,False,7,BR,Brasil,SC,Coronel Freitas,S,False,-26.909,-52.703,False,False,cities,4894,Coronel Freitas,09/09/2026,Quarta-feira,10:24:00,17,8,ENE,60,70,Sol com muitas nuvens,1017,2r,16,sol-com-muitas-nuvens
4895,4585,False,7,BR,Brasil,SC,Coronel Martins,S,False,-26.512,-52.669,False,False,cities,4895,Coronel Martins,09/09/2026,Quarta-feira,10:24:00,16,4,ENE,59,66,Nublado,1017,3,15,nublado
4896,4586,False,7,BR,Brasil,SC,Correia Pinto,S,False,-27.585,-50.361,False,False,cities,4896,Correia Pinto,09/09/2026,Quarta-feira,11:09:00,11,4,ENE,68,63,Sol com muitas nuvens,1019,2r,9,sol-com-muitas-nuvens
4897,4587,False,7,BR,Brasil,SC,Corupá,S,False,-26.425,-49.243,False,False,cities,4897,Corupá,09/09/2026,Quarta-feira,10:24:00,12,2,ENE,75,74,Nublado,1018,3,12,nublado
4898,376,False,7,BR,Brasil,SC,Criciúma,S,True,-28.678,-49.37,False,False,cities,4898,Criciúma,09/09/2026,Quarta-feira,10:24:00,12,8,ENE,73,93,Sol com muitas nuvens,1019,2r,11,sol-com-muitas-nuvens
4899,4588,False,7,BR,Brasil,SC,Cunha Porã,S,False,-26.894,-53.168,False,False,cities,4899,Cunha Porã,09/09/2026,Quarta-feira,10:24:00,15,6,ENE,58,66,Sol com muitas nuvens,1016,2r,14,sol-com-muitas-nuvens
4900,4589,False,7,BR,Brasil,SC,Cunhataí,S,False,-26.969,-53.093,False,False,cities,4900,Cunhataí,09/09/2026,Quarta-feira,11:09:00,16,7,ENE,59,68,Sol com muitas nuvens,1017,2r,14,sol-com-muitas-nuvens
4901,1431,False,7,BR,Brasil,SC,Curitibanos,S,False,-27.283,-50.584,False,True,cities,4901,Curitibanos,09/09/2026,Quarta-feira,11:09:00,12,4,SSE,162,62,Sol com muitas nuvens,1019,2r,10,sol-com-muitas-nuvens
4902,4590,False,7,BR,Brasil,SC,Descanso,S,False,-26.826,-53.502,False,False,cities,4902,Descanso,09/09/2026,Quarta-feira,11:09:00,16,6,ENE,58,71,Sol com muitas nuvens,1016,2r,16,sol-com-muitas-nuvens
4903,4591,False,7,BR,Brasil,SC,Dionísio Cerqueira,S,False,-26.255,-53.64,False,False,cities,4903,Dionísio Cerqueira,09/09/2026,Quarta-feira,11:09:00,16,5,ENE,59,64,Nublado,1016,3,15,nublado
4904,4592,False,7,BR,Brasil,SC,Dona Emma,S,False,-26.985,-49.726,False,False,cities,4904,Dona Emma,09/09/2026,Quarta-feira,10:24:00,13,2,ENE,69,78,Nublado,1019,3,12,nublado
4905,4120,False,7,BR,Brasil,SC,Doutor Pedrinho,S,False,-26.714,-49.483,False,False,cities,4905,Doutor Pedrinho,09/09/2026,Quarta-feira,10:24:00,12,2,ENE,71,74,Chuva e trovoadas,1019,6,11,chuva-e-trovoadas
4906,5588,False,7,BR,Brasil,SC,Enseada de Brito,S,False,-27.779,-48.7,False,False,cities,4906,Enseada de Brito,09/09/2026,Quarta-feira,10:24:00,11,5,ENE,73,77,Sol com algumas nuvens,1019,2,10,sol-com-algumas-nuvens
4907,4593,False,7,BR,Brasil,SC,Entre Rios,S,False,-26.724,-52.561,False,False,cities,4907,Entre Rios,09/09/2026,Quarta-feira,10:24:00,17,6,ENE,60,69,Nublado,1017,3,17,nublado
4909,4594,False,7,BR,Brasil,SC,Ermo,S,False,-28.982,-49.644,False,False,cities,4909,Ermo,09/09/2026,Quarta-feira,10:24:00,13,8,ENE,73,88,Sol com muitas nuvens,1020,2r,12,sol-com-muitas-nuvens
4912,4595,False,7,BR,Brasil,SC,Erval Velho,S,False,-27.276,-51.442,False,False,cities,4912,Erval Velho,09/09/2026,Quarta-feira,10:24:00,13,5,ENE,64,64,Nublado,1015,3,12,nublado
4914,4596,False,7,BR,Brasil,SC,Flor do Sertão,S,False,-26.777,-53.348,False,False,cities,4914,Flor do Sertão,09/09/2026,Quarta-feira,10:24:00,17,6,ENE,58,73,Sol com muitas nuvens,1016,2r,17,sol-com-muitas-nuvens
4915,377,True,7,BR,Brasil,SC,Florianópolis,S,True,-27.61,-48.53,True,False,cities,4915,Florianópolis,09/09/2026,Quarta-feira,10:24:00,14,5,ENE,74,94,Sol com muitas nuvens,1019,2r,15,sol-com-muitas-nuvens
4916,4597,False,7,BR,Brasil,SC,Formosa do Sul,S,False,-26.647,-52.794,False,False,cities,4916,Formosa do Sul,09/09/2026,Quarta-feira,11:09:00,17,5,ENE,59,68,Nublado,1017,3,16,nublado
4918,4598,False,7,BR,Brasil,SC,Forquilhinha,S,False,-28.748,-49.472,False,False,cities,4918,Forquilhinha,09/09/2026,Quarta-feira,10:24:00,13,8,ENE,74,94,Sol com muitas nuvens,1019,2r,12,sol-com-muitas-nuvens
4919,784,False,7,BR,Brasil,SC,Fraiburgo,S,False,-27.026,-50.921,False,False,cities,4919,Fraiburgo,09/09/2026,Quarta-feira,10:24:00,12,4,ENE,65,60,Nublado,1017,3,10,nublado
4920,4599,False,7,BR,Brasil,SC,Frei Rogério,S,False,-27.175,-50.805,False,False,cities,4920,Frei Rogério,09/09/2026,Quarta-feira,10:24:00,12,4,ENE,65,62,Nublado,1017,3,11,nublado
4921,4600,False,7,BR,Brasil,SC,Galvão,S,False,-26.455,-52.686,False,False,cities,4921,Galvão,09/09/2026,Quarta-feira,10:24:00,16,4,ENE,59,66,Nublado,1017,3,15,nublado
4922,785,False,7,BR,Brasil,SC,Garopaba,S,True,-28.023,-48.613,False,False,cities,4922,Garopaba,09/09/2026,Quarta-feira,10:24:00,14,6,ENE,73,94,Sol com algumas nuvens,1018,2,14,sol-com-algumas-nuvens
4923,4601,False,7,BR,Brasil,SC,Garuva,S,False,-26.027,-48.855,False,False,cities,4923,Garuva,09/09/2026,Quarta-feira,11:09:00,16,3,ENE,78,89,Chuva e trovoadas,1018,6,17,chuva-e-trovoadas
4924,1432,False,7,BR,Brasil,SC,Gaspar,S,False,-26.931,-48.959,False,False,cities,4924,Gaspar,09/09/2026,Quarta-feira,10:24:00,14,3,ENE,74,89,Nublado,1019,3,14,nublado
4925,4602,False,7,BR,Brasil,SC,Governador Celso Ramos,S,True,-27.315,-48.559,False,False,cities,4925,Governador Celso Ramos,09/09/2026,Quarta-feira,10:24:00,14,4,ENE,74,88,Sol com muitas nuvens,1019,2r,13,sol-com-muitas-nuvens
4928,4603,False,7,BR,Brasil,SC,Gravatal,S,False,-28.331,-49.035,False,False,cities,4928,Gravatal,09/09/2026,Quarta-feira,10:24:00,11,7,ENE,73,86,Sol com muitas nuvens,1019,2r,9,sol-com-muitas-nuvens
4927,4604,False,7,BR,Brasil,SC,Grão Pará,S,False,-28.185,-49.215,False,False,cities,4927,Grão Pará,09/09/2026,Quarta-feira,11:09:00,10,6,ENE,72,81,Sol com algumas nuvens,1019,2,9,sol-com-algumas-nuvens
4929,4605,False,7,BR,Brasil,SC,Guabiruba,S,False,-27.086,-48.981,False,False,cities,4929,Guabiruba,09/09/2026,Quarta-feira,10:24:00,14,3,ENE,73,91,Nublado,1019,3,15,nublado
4931,4607,False,7,BR,Brasil,SC,Guaramirim,S,False,-26.473,-49.003,False,False,cities,4931,Guaramirim,09/09/2026,Quarta-feira,10:24:00,15,3,ENE,75,90,Nublado,1018,3,15,nublado
4932,4956,False,7,BR,Brasil,SC,Guarda do Embaú,S,True,-27.883,-48.7,False,False,cities,4932,Guarda do Embaú,09/09/2026,Quarta-feira,10:24:00,12,6,ENE,73,82,Sol com algumas nuvens,1019,2,11,sol-com-algumas-nuvens
4933,3525,False,7,BR,Brasil,SC,Guarujá do Sul,S,False,-26.385,-53.528,False,False,cities,4933,Guarujá do Sul,09/09/2026,Quarta-feira,10:24:00,16,5,ENE,58,64,Nublado,1016,3,15,nublado
4934,4608,False,7,BR,Brasil,SC,Guatambú,S,False,-27.132,-52.787,False,True,cities,4934,Guatambú,09/09/2026,Quarta-feira,11:09:00,15,8,ENE,60,68,Sol com muitas nuvens,1017,2r,14,sol-com-muitas-nuvens
4935,6802,False,7,BR,Brasil,SC,Guatá,S,False,-28.38,-49.441,False,False,cities,4935,Guatá,09/09/2026,Quarta-feira,10:24:00,13,8,ENE,72,75,Sol com muitas nuvens,1019,2r,11,sol-com-muitas-nuvens
4936,4609,False,7,BR,Brasil,SC,Herval d'Oeste,S,False,-27.194,-51.495,False,False,cities,4936,Herval d'Oeste,09/09/2026,Quarta-feira,10:24:00,13,5,ENE,64,64,Nublado,1015,3,12,nublado
4937,4610,False,7,BR,Brasil,SC,Ibiam,S,False,-27.181,-51.237,False,False,cities,4937,Ibiam,09/09/2026,Quarta-feira,10:24:00,14,4,ENE,65,66,Nublado,1015,3,13,nublado
4938,4611,False,7,BR,Brasil,SC,Ibicaré,S,False,-27.092,-51.365,False,False,cities,4938,Ibicaré,09/09/2026,Quarta-feira,10:24:00,14,5,ENE,64,67,Nublado,1015,3,13,nublado
4939,1433,False,7,BR,Brasil,SC,Ibirama,S,False,-27.057,-49.518,False,False,cities,4939,Ibirama,09/09/2026,Quarta-feira,10:24:00,13,2,NNE,30,81,Nublado,1019,3,13,nublado
4941,4612,False,7,BR,Brasil,SC,Ilhota,S,True,-26.9,-48.827,False,False,cities,4941,Ilhota,09/09/2026,Quarta-feira,11:09:00,15,3,ENE,75,92,Nublado,1019,3,15,nublado
4942,4613,False,7,BR,Brasil,SC,Imaruí,S,False,-28.341,-48.85,False,False,cities,4942,Imaruí,09/09/2026,Quarta-feira,10:24:00,13,8,ENE,74,95,Sol com muitas nuvens,1019,2r,13,sol-com-muitas-nuvens
4943,3473,False,7,BR,Brasil,SC,Imbituba,S,True,-28.2,-48.67,False,False,cities,4943,Imbituba,09/09/2026,Quarta-feira,11:09:00,14,7,S,170,95,Sol com muitas nuvens,1019,2r,13,sol-com-muitas-nuvens
4944,4614,False,7,BR,Brasil,SC,Imbuia,S,False,-27.493,-49.424,False,False,cities,4944,Imbuia,09/09/2026,Quarta-feira,10:24:00,10,4,ENE,70,70,Sol com muitas nuvens,1019,2r,8,sol-com-muitas-nuvens
4945,378,False,7,BR,Brasil,SC,Indaial,S,False,-26.898,-49.232,False,False,cities,4945,Indaial,09/09/2026,Quarta-feira,10:24:00,15,2,ENE,72,92,Nublado,1019,3,15,nublado
4946,4822,False,7,BR,Brasil,SC,Iomerê,S,False,-27.004,-51.242,False,False,cities,4946,Iomerê,09/09/2026,Quarta-feira,11:09:00,14,4,ENE,65,67,Nublado,1016,3,13,nublado
4947,4615,False,7,BR,Brasil,SC,Ipira,S,False,-27.404,-51.773,False,False,cities,4947,Ipira,09/09/2026,Quarta-feira,10:24:00,13,7,ENE,63,64,Nublado,1017,3,11,nublado
4948,5109,False,7,BR,Brasil,SC,Ipoméia,S,False,-26.938,-51.105,False,False,cities,4948,Ipoméia,09/09/2026,Quarta-feira,10:24:00,13,4,ENE,64,64,Nublado,1016,3,12,nublado
4949,4616,False,7,BR,Brasil,SC,Iporã do Oeste,S,False,-26.988,-53.535,False,False,cities,4949,Iporã do Oeste,09/09/2026,Quarta-feira,10:24:00,15,7,ENE,58,68,Sol com muitas nuvens,1016,2r,14,sol-com-muitas-nuvens
4950,2182,False,7,BR,Brasil,SC,Ipuaçu,S,False,-26.631,-52.455,False,False,cities,4950,Ipuaçu,09/09/2026,Quarta-feira,11:09:00,16,4,ENE,60,66,Nublado,1017,3,16,nublado
4951,4617,False,7,BR,Brasil,SC,Ipumirim,S,False,-27.077,-52.136,False,False,cities,4951,Ipumirim,09/09/2026,Quarta-feira,10:24:00,16,7,ENE,62,64,Sol com muitas nuvens,1017,2r,14,sol-com-muitas-nuvens
4952,4618,False,7,BR,Brasil,SC,Iraceminha,S,False,-26.822,-53.274,False,False,cities,4952,Iraceminha,09/09/2026,Quarta-feira,11:09:00,16,6,ENE,58,70,Sol com muitas nuvens,1016,2r,15,sol-com-muitas-nuvens
4953,4619,False,7,BR,Brasil,SC,Irani,S,False,-27.025,-51.902,False,False,cities,4953,Irani,09/09/2026,Quarta-feira,10:24:00,15,6,ENE,62,54,Sol com muitas nuvens,1017,2r,13,sol-com-muitas-nuvens
4954,3490,False,7,BR,Brasil,SC,Irati,S,False,-26.656,-52.892,False,False,cities,4954,Irati,09/09/2026,Quarta-feira,10:24:00,17,5,ENE,59,67,Sol com muitas nuvens,1016,2r,16,sol-com-muitas-nuvens
4955,3025,False,7,BR,Brasil,SC,Irineópolis,S,False,-26.239,-50.8,False,False,cities,4955,Irineópolis,09/09/2026,Quarta-feira,10:24:00,14,2,ENE,64,70,Nublado,1019,3,13,nublado
4956,3026,False,7,BR,Brasil,SC,Itaiópolis,S,False,-26.336,-49.906,False,False,cities,4956,Itaiópolis,09/09/2026,Quarta-feira,10:24:00,12,2,ENE,69,67,Nublado,1017,3,11,nublado
4957,1434,False,7,BR,Brasil,SC,Itajaí,S,True,-26.908,-48.662,False,False,cities,4957,Itajaí,09/09/2026,Quarta-feira,10:24:00,15,4,NNE,24,94,Nublado,1019,3,16,nublado
4958,2138,False,7,BR,Brasil,SC,Itapema,S,True,-27.13,-48.61,False,False,cities,4958,Itapema,09/09/2026,Quarta-feira,10:24:00,15,4,ENE,75,95,Sol com muitas nuvens,1019,2r,16,sol-com-muitas-nuvens
4959,1435,False,7,BR,Brasil,SC,Itapiranga,S,False,-27.169,-53.712,False,True,cities,4959,Itapiranga,09/09/2026,Quarta-feira,10:24:00,15,7,ENE,58,71,Nublado,1016,3,14,nublado
4961,5375,False,7,BR,Brasil,SC,Itapocu,S,False,-26.52,-48.715,False,False,cities,4961,Itapocu,09/09/2026,Quarta-feira,10:24:00,15,4,ENE,77,94,Sol com muitas nuvens,1018,2r,16,sol-com-muitas-nuvens
4960,3399,False,7,BR,Brasil,SC,Itapoá,S,True,-26.117,-48.67,False,False,cities,4960,Itapoá,09/09/2026,Quarta-feira,11:09:00,16,3,E,79,95,Nublado,1018,3,17,nublado
4963,3331,False,7,BR,Brasil,SC,Ituporanga,S,False,-27.414,-49.602,False,True,cities,4963,Ituporanga,09/09/2026,Quarta-feira,11:09:00,10,3,ENE,69,73,Nublado,1018,3,9,nublado
4962,4620,False,7,BR,Brasil,SC,Itá,S,False,-27.291,-52.323,False,False,cities,4962,Itá,09/09/2026,Quarta-feira,10:24:00,15,8,ENE,61,68,Sol com muitas nuvens,1017,2r,14,sol-com-muitas-nuvens
4940,1436,False,7,BR,Brasil,SC,Içara,S,True,-28.713,-49.3,False,False,cities,4940,Içara,09/09/2026,Quarta-feira,11:09:00,12,8,ENE,74,95,Sol com muitas nuvens,1019,2r,11,sol-com-muitas-nuvens
4964,4621,False,7,BR,Brasil,SC,Jaborá,S,False,-27.176,-51.734,False,False,cities,4964,Jaborá,09/09/2026,Quarta-feira,10:24:00,14,5,ENE,63,59,Sol com muitas nuvens,1017,2r,12,sol-com-muitas-nuvens
4965,4622,False,7,BR,Brasil,SC,Jacinto Machado,S,False,-28.998,-49.764,False,False,cities,4965,Jacinto Machado,09/09/2026,Quarta-feira,10:24:00,13,8,ENE,73,84,Sol com muitas nuvens,1021,2r,12,sol-com-muitas-nuvens
4966,4623,False,7,BR,Brasil,SC,Jaguaruna,S,True,-28.615,-49.026,False,False,cities,4966,Jaguaruna,09/09/2026,Quarta-feira,11:09:00,13,7,ENE,74,95,Sol com muitas nuvens,1019,2r,12,sol-com-muitas-nuvens
4967,379,False,7,BR,Brasil,SC,Jaraguá do Sul,S,False,-26.486,-49.067,False,False,cities,4967,Jaraguá do Sul,09/09/2026,Quarta-feira,10:24:00,15,2,ENE,75,89,Nublado,1019,3,15,nublado
4968,4624,False,7,BR,Brasil,SC,Jardinópolis,S,False,-26.722,-52.86,False,False,cities,4968,Jardinópolis,09/09/2026,Quarta-feira,10:24:00,17,6,ENE,59,68,Nublado,1016,3,16,nublado
4969,380,False,7,BR,Brasil,SC,Joaçaba,S,False,-27.178,-51.505,False,False,cities,4969,Joaçaba,09/09/2026,Quarta-feira,10:24:00,15,5,ENE,64,67,Nublado,1016,3,13,nublado
4970,381,False,7,BR,Brasil,SC,Joinville,S,False,-26.304,-48.846,False,False,cities,4970,Joinville,09/09/2026,Quarta-feira,10:24:00,15,2,WNW,300,92,Nublado,1018,3,16,nublado
4971,4625,False,7,BR,Brasil,SC,José Boiteux,S,False,-26.958,-49.628,False,False,cities,4971,José Boiteux,09/09/2026,Quarta-feira,10:24:00,13,2,NNE,30,81,Nublado,1019,3,13,nublado
4972,4626,False,7,BR,Brasil,SC,Jupiá,S,False,-26.398,-52.728,False,False,cities,4972,Jupiá,09/09/2026,Quarta-feira,11:09:00,15,3,ENE,59,62,Nublado,1017,3,14,nublado
4974,4627,False,7,BR,Brasil,SC,Lacerdópolis,S,False,-27.26,-51.556,False,False,cities,4974,Lacerdópolis,09/09/2026,Quarta-feira,10:24:00,14,5,ENE,64,65,Nublado,1016,3,12,nublado
4975,382,False,7,BR,Brasil,SC,Lages,S,False,-27.816,-50.326,False,False,cities,4975,Lages,09/09/2026,Quarta-feira,10:24:00,11,5,ENE,68,62,Sol com muitas nuvens,1020,2r,9,sol-com-muitas-nuvens
4976,786,False,7,BR,Brasil,SC,Laguna,S,True,-28.482,-48.9,False,False,cities,4976,Laguna,09/09/2026,Quarta-feira,10:24:00,13,7,ENE,74,95,Chuvoso,1019,5,13,chuvoso
4977,4628,False,7,BR,Brasil,SC,Lajeado Grande,S,False,-26.858,-52.567,False,False,cities,4977,Lajeado Grande,09/09/2026,Quarta-feira,10:24:00,17,7,ENE,60,67,Sol com muitas nuvens,1017,2r,16,sol-com-muitas-nuvens
4978,4629,False,7,BR,Brasil,SC,Laurentino,S,False,-27.217,-49.733,False,False,cities,4978,Laurentino,09/09/2026,Quarta-feira,10:24:00,12,2,SSW,200,78,Nublado,1018,3,11,nublado
4979,4630,False,7,BR,Brasil,SC,Lauro Muller,S,False,-28.393,-49.397,False,False,cities,4979,Lauro Muller,09/09/2026,Quarta-feira,10:24:00,13,8,ENE,72,75,Sol com muitas nuvens,1019,2r,11,sol-com-muitas-nuvens
4980,4207,False,7,BR,Brasil,SC,Lebon Régis,S,False,-26.929,-50.695,False,False,cities,4980,Lebon Régis,09/09/2026,Quarta-feira,11:09:00,12,3,ENE,65,60,Nublado,1019,3,10,nublado
4981,4631,False,7,BR,Brasil,SC,Leoberto Leal,S,False,-27.507,-49.287,False,False,cities,4981,Leoberto Leal,09/09/2026,Quarta-feira,10:24:00,9,4,ENE,70,67,Sol com muitas nuvens,1019,2r,7,sol-com-muitas-nuvens
4982,4632,False,7,BR,Brasil,SC,Lindóia do Sul,S,False,-27.053,-52.067,False,False,cities,4982,Lindóia do Sul,09/09/2026,Quarta-feira,11:09:00,15,6,ENE,62,55,Sol com muitas nuvens,1017,2r,13,sol-com-muitas-nuvens
4983,4633,False,7,BR,Brasil,SC,Lontras,S,False,-27.166,-49.542,False,False,cities,4983,Lontras,09/09/2026,Quarta-feira,10:24:00,11,2,ENE,69,74,Nublado,1019,3,10,nublado
4984,4634,False,7,BR,Brasil,SC,Luiz Alves,S,False,-26.721,-48.933,False,False,cities,4984,Luiz Alves,09/09/2026,Quarta-feira,11:09:00,12,3,ENE,75,79,Nublado,1019,3,12,nublado
4985,4635,False,7,BR,Brasil,SC,Luzerna,S,False,-27.133,-51.467,False,False,cities,4985,Luzerna,09/09/2026,Quarta-feira,10:24:00,15,5,ENE,64,67,Nublado,1016,3,13,nublado
4986,4636,False,7,BR,Brasil,SC,Macieira,S,False,-26.856,-51.378,False,False,cities,4986,Macieira,09/09/2026,Quarta-feira,10:24:00,13,4,ENE,64,61,Nublado,1017,3,11,nublado
4987,787,False,7,BR,Brasil,SC,Mafra,S,False,-26.111,-49.805,False,False,cities,4987,Mafra,09/09/2026,Quarta-feira,10:24:00,14,2,ENE,71,71,Nublado,1016,3,13,nublado
4988,4637,False,7,BR,Brasil,SC,Major Gercino,S,False,-27.418,-48.951,False,False,cities,4988,Major Gercino,09/09/2026,Quarta-feira,10:24:00,13,4,ENE,72,85,Sol com muitas nuvens,1020,2r,13,sol-com-muitas-nuvens
4989,3027,False,7,BR,Brasil,SC,Major Vieira,S,False,-26.368,-50.328,False,False,cities,4989,Major Vieira,09/09/2026,Quarta-feira,10:24:00,13,4,NNW,348,70,Nublado,1019,3,12,nublado
4990,4638,False,7,BR,Brasil,SC,Maracajá,S,True,-28.847,-49.453,False,False,cities,4990,Maracajá,09/09/2026,Quarta-feira,10:24:00,13,8,ENE,74,92,Sol com muitas nuvens,1019,2r,12,sol-com-muitas-nuvens
4991,1437,False,7,BR,Brasil,SC,Maravilha,S,False,-26.761,-53.172,False,False,cities,4991,Maravilha,09/09/2026,Quarta-feira,10:24:00,16,6,ENE,58,66,Sol com muitas nuvens,1016,2r,14,sol-com-muitas-nuvens
4992,4639,False,7,BR,Brasil,SC,Marema,S,False,-26.802,-52.625,False,False,cities,4992,Marema,09/09/2026,Quarta-feira,10:24:00,17,6,ENE,60,69,Nublado,1017,3,17,nublado
4993,4640,False,7,BR,Brasil,SC,Massaranduba,S,False,-26.611,-49.008,False,False,cities,4993,Massaranduba,09/09/2026,Quarta-feira,10:24:00,13,3,ENE,75,84,Nublado,1019,3,13,nublado
4994,4641,False,7,BR,Brasil,SC,Matos Costa,S,False,-26.473,-51.148,False,False,cities,4994,Matos Costa,09/09/2026,Quarta-feira,10:24:00,13,2,ENE,64,62,Nublado,1019,3,11,nublado
4995,4642,False,7,BR,Brasil,SC,Meleiro,S,False,-28.829,-49.636,False,False,cities,4995,Meleiro,09/09/2026,Quarta-feira,10:24:00,14,8,ENE,74,91,Sol com muitas nuvens,1020,2r,13,sol-com-muitas-nuvens
4997,4644,False,7,BR,Brasil,SC,Modelo,S,False,-26.778,-53.055,False,False,cities,4997,Modelo,09/09/2026,Quarta-feira,10:24:00,16,6,ENE,58,66,Nublado,1016,3,15,nublado
4998,4645,False,7,BR,Brasil,SC,Mondaí,S,False,-27.103,-53.402,False,False,cities,4998,Mondaí,09/09/2026,Quarta-feira,10:24:00,16,6,ENE,58,73,Sol com muitas nuvens,1017,2r,15,sol-com-muitas-nuvens
4999,4646,False,7,BR,Brasil,SC,Monte Carlo,S,False,-27.223,-50.98,False,False,cities,4999,Monte Carlo,09/09/2026,Quarta-feira,10:24:00,12,4,ENE,65,62,Nublado,1016,3,10,nublado
5000,4647,False,7,BR,Brasil,SC,Monte Castelo,S,False,-26.462,-50.231,False,False,cities,5000,Monte Castelo,09/09/2026,Quarta-feira,11:09:00,13,3,ENE,67,70,Nublado,1019,3,12,nublado
5002,4648,False,7,BR,Brasil,SC,Morro Grande,S,False,-28.801,-49.721,False,False,cities,5002,Morro Grande,09/09/2026,Quarta-feira,11:09:00,14,9,ENE,72,82,Sol com muitas nuvens,1020,2r,13,sol-com-muitas-nuvens
5001,4649,False,7,BR,Brasil,SC,Morro da Fumaça,S,False,-28.651,-49.21,False,False,cities,5001,Morro da Fumaça,09/09/2026,Quarta-feira,11:09:00,13,8,ENE,74,95,Sol com muitas nuvens,1019,2r,12,sol-com-muitas-nuvens
5003,1438,False,7,BR,Brasil,SC,Navegantes,S,True,-26.899,-48.654,False,False,cities,5003,Navegantes,09/09/2026,Quarta-feira,10:24:00,15,4,NNE,24,94,Nublado,1019,3,16,nublado
5004,4650,False,7,BR,Brasil,SC,Nova Erechim,S,False,-26.902,-52.906,False,False,cities,5004,Nova Erechim,09/09/2026,Quarta-feira,11:09:00,17,7,ENE,59,69,Sol com muitas nuvens,1016,2r,16,sol-com-muitas-nuvens
5005,4651,False,7,BR,Brasil,SC,Nova Itaberaba,S,False,-26.94,-52.812,False,False,cities,5005,Nova Itaberaba,09/09/2026,Quarta-feira,10:24:00,16,8,ENE,60,68,Sol com muitas nuvens,1017,2r,15,sol-com-muitas-nuvens
5006,4652,False,7,BR,Brasil,SC,Nova Trento,S,False,-27.286,-48.93,False,False,cities,5006,Nova Trento,09/09/2026,Quarta-feira,11:09:00,13,3,ENE,72,83,Sol com muitas nuvens,1019,2r,12,sol-com-muitas-nuvens
5007,4653,False,7,BR,Brasil,SC,Nova Veneza,S,False,-28.637,-49.498,False,False,cities,5007,Nova Veneza,09/09/2026,Quarta-feira,10:24:00,13,8,ENE,73,87,Sol com muitas nuvens,1019,2r,12,sol-com-muitas-nuvens
4678,4654,False,7,BR,Brasil,SC,Novo Horizonte,S,False,-26.444,-52.834,False,False,cities,4678,Novo Horizonte,09/09/2026,Quarta-feira,11:09:00,16,4,ENE,58,63,Nublado,1017,3,15,nublado
4679,4146,False,7,BR,Brasil,SC,Orleans,S,False,-28.359,-49.291,False,False,cities,4679,Orleans,09/09/2026,Quarta-feira,11:09:00,12,7,ENE,73,83,Sol com muitas nuvens,1019,2r,11,sol-com-muitas-nuvens
4680,4655,False,7,BR,Brasil,SC,Otacílio Costa,S,False,-27.483,-50.122,False,False,cities,4680,Otacílio Costa,09/09/2026,Quarta-feira,11:09:00,10,3,ENE,68,64,Nublado,1019,3,9,nublado
4681,4656,False,7,BR,Brasil,SC,Ouro,S,False,-27.341,-51.618,False,False,cities,4681,Ouro,09/09/2026,Quarta-feira,11:09:00,14,6,ENE,64,65,Sol com muitas nuvens,1017,2r,12,sol-com-muitas-nuvens
4682,3028,False,7,BR,Brasil,SC,Ouro Verde,S,False,-26.694,-52.312,False,False,cities,4682,Ouro Verde,09/09/2026,Quarta-feira,10:24:00,16,5,ENE,61,65,Nublado,1017,3,15,nublado
4683,4657,False,7,BR,Brasil,SC,Paial,S,False,-27.252,-52.498,False,False,cities,4683,Paial,09/09/2026,Quarta-feira,10:24:00,15,8,ENE,61,69,Sol com muitas nuvens,1017,2r,14,sol-com-muitas-nuvens
4648,4658,False,7,BR,Brasil,SC,Painel,S,False,-27.929,-50.105,False,False,cities,4648,Painel,09/09/2026,Quarta-feira,10:24:00,10,5,ENE,69,57,Sol com muitas nuvens,1019,2r,7,sol-com-muitas-nuvens
4756,1439,False,7,BR,Brasil,SC,Palhoça,S,True,-27.645,-48.668,False,False,cities,4756,Palhoça,09/09/2026,Quarta-feira,10:24:00,14,5,ENE,73,90,Sol com muitas nuvens,1019,2r,14,sol-com-muitas-nuvens
4757,3029,False,7,BR,Brasil,SC,Palma Sola,S,False,-26.348,-53.278,False,False,cities,4757,Palma Sola,09/09/2026,Quarta-feira,10:24:00,16,4,ENE,58,64,Nublado,1016,3,15,nublado
4758,4659,False,7,BR,Brasil,SC,Palmeira,S,False,-27.583,-50.159,False,False,cities,4758,Palmeira,09/09/2026,Quarta-feira,10:24:00,11,3,ENE,68,63,Nublado,1019,3,9,nublado
4759,3498,False,7,BR,Brasil,SC,Palmitos,S,False,-27.067,-53.161,False,False,cities,4759,Palmitos,09/09/2026,Quarta-feira,10:24:00,15,7,ENE,59,70,Sol com muitas nuvens,1017,2r,14,sol-com-muitas-nuvens
4760,3030,False,7,BR,Brasil,SC,Papanduva,S,False,-26.37,-50.144,False,False,cities,4760,Papanduva,09/09/2026,Quarta-feira,11:09:00,13,3,ENE,67,69,Nublado,1018,3,12,nublado
4761,4660,False,7,BR,Brasil,SC,Paraíso,S,False,-26.614,-53.672,False,False,cities,4761,Paraíso,09/09/2026,Quarta-feira,11:09:00,16,6,ENE,58,70,Nublado,1016,3,15,nublado
4762,4823,False,7,BR,Brasil,SC,Passo de Torres,S,True,-29.26,-49.68,False,False,cities,4762,Passo de Torres,09/09/2026,Quarta-feira,11:09:00,13,6,ENE,74,93,Nublado,1020,3,13,nublado
4763,4661,False,7,BR,Brasil,SC,Passos Maia,S,False,-26.78,-52.059,False,False,cities,4763,Passos Maia,09/09/2026,Quarta-feira,11:09:00,16,4,ENE,61,60,Sol com muitas nuvens,1018,2r,14,sol-com-muitas-nuvens
4764,4662,False,7,BR,Brasil,SC,Paulo Lopes,S,True,-27.962,-48.684,False,False,cities,4764,Paulo Lopes,09/09/2026,Quarta-feira,10:24:00,13,6,ENE,73,89,Sol com algumas nuvens,1019,2,12,sol-com-algumas-nuvens
4766,788,False,7,BR,Brasil,SC,Penha,S,True,-26.769,-48.646,False,False,cities,4766,Penha,09/09/2026,Quarta-feira,10:24:00,15,4,ENE,76,93,Nublado,1019,3,16,nublado
4767,4824,False,7,BR,Brasil,SC,Peritiba,S,False,-27.373,-51.904,False,False,cities,4767,Peritiba,09/09/2026,Quarta-feira,11:09:00,15,7,ENE,63,68,Sol com muitas nuvens,1017,2r,13,sol-com-muitas-nuvens
4768,4664,False,7,BR,Brasil,SC,Petrolândia,S,False,-27.535,-49.698,False,True,cities,4768,Petrolândia,09/09/2026,Quarta-feira,10:24:00,11,3,ENE,69,76,Nublado,1018,3,10,nublado
4770,3515,False,7,BR,Brasil,SC,Pinhalzinho,S,False,-26.848,-52.992,False,False,cities,4770,Pinhalzinho,09/09/2026,Quarta-feira,10:24:00,17,7,ENE,59,69,Sol com muitas nuvens,1016,2r,16,sol-com-muitas-nuvens
4771,4665,False,7,BR,Brasil,SC,Pinheiro Preto,S,False,-27.051,-51.231,False,False,cities,4771,Pinheiro Preto,09/09/2026,Quarta-feira,10:24:00,14,4,ENE,65,67,Nublado,1016,3,13,nublado
4772,4666,False,7,BR,Brasil,SC,Piratuba,S,False,-27.42,-51.772,False,False,cities,4772,Piratuba,09/09/2026,Quarta-feira,11:09:00,13,7,ENE,63,64,Sol com muitas nuvens,1017,2r,11,sol-com-muitas-nuvens
4773,4667,False,7,BR,Brasil,SC,Planalto Alegre,S,False,-27.07,-52.866,False,False,cities,4773,Planalto Alegre,09/09/2026,Quarta-feira,10:24:00,15,8,ENE,60,68,Sol com muitas nuvens,1017,2r,14,sol-com-muitas-nuvens
4774,2165,False,7,BR,Brasil,SC,Pomerode,S,False,-26.741,-49.177,False,False,cities,4774,Pomerode,09/09/2026,Quarta-feira,10:24:00,14,2,ENE,72,87,Nublado,1019,3,14,nublado
4776,4121,False,7,BR,Brasil,SC,Ponte Alta,S,False,-27.484,-50.38,False,False,cities,4776,Ponte Alta,09/09/2026,Quarta-feira,11:09:00,11,3,ENE,67,64,Sol com muitas nuvens,1019,2r,9,sol-com-muitas-nuvens
4775,4668,False,7,BR,Brasil,SC,Ponte Alta do Norte,S,False,-27.158,-50.464,False,False,cities,4775,Ponte Alta do Norte,09/09/2026,Quarta-feira,11:09:00,11,3,ENE,66,62,Nublado,1019,3,9,nublado
4778,4670,False,7,BR,Brasil,SC,Porto Belo,S,True,-27.158,-48.553,False,False,cities,4778,Porto Belo,09/09/2026,Quarta-feira,11:09:00,15,4,ENE,75,95,Sol com muitas nuvens,1019,2r,16,sol-com-muitas-nuvens
4779,790,False,7,BR,Brasil,SC,Porto União,S,False,-26.238,-51.078,False,False,cities,4779,Porto União,09/09/2026,Quarta-feira,11:09:00,14,2,ENE,64,71,Nublado,1019,3,14,nublado
4780,4671,False,7,BR,Brasil,SC,Pouso Redondo,S,False,-27.258,-49.934,False,False,cities,4780,Pouso Redondo,09/09/2026,Quarta-feira,11:09:00,13,2,ENE,68,79,Nublado,1018,3,12,nublado
4782,4672,False,7,BR,Brasil,SC,Praia Grande,S,False,-29.19,-49.96,False,False,cities,4782,Praia Grande,09/09/2026,Quarta-feira,10:24:00,12,6,ENE,73,80,Nublado,1021,3,10,nublado
4781,5589,False,7,BR,Brasil,SC,Praia do Santinho,S,False,-27.467,-48.4,False,False,cities,4781,Praia do Santinho,09/09/2026,Quarta-feira,10:24:00,14,5,ENE,75,91,Sol com muitas nuvens,1019,2r,14,sol-com-muitas-nuvens
4783,4673,False,7,BR,Brasil,SC,Presidente Castelo Branco,S,False,-27.223,-51.807,False,False,cities,4783,Presidente Castelo Branco,09/09/2026,Quarta-feira,10:24:00,14,6,ENE,63,65,Sol com muitas nuvens,1017,2r,13,sol-com-muitas-nuvens
4784,3332,False,7,BR,Brasil,SC,Presidente Getúlio,S,False,-27.051,-49.623,False,False,cities,4784,Presidente Getúlio,09/09/2026,Quarta-feira,10:24:00,13,2,NNE,30,81,Nublado,1019,3,13,nublado
4811,4675,False,7,BR,Brasil,SC,Princesa,S,False,-26.442,-53.598,False,False,cities,4811,Princesa,09/09/2026,Quarta-feira,10:24:00,16,5,ENE,58,65,Sol com muitas nuvens,1016,2r,15,sol-com-muitas-nuvens
4812,1440,False,7,BR,Brasil,SC,Quilombo,S,False,-26.726,-52.721,False,False,cities,4812,Quilombo,09/09/2026,Quarta-feira,10:24:00,18,6,ENE,59,71,Sol com muitas nuvens,1017,2r,17,sol-com-muitas-nuvens
4813,4676,False,7,BR,Brasil,SC,Rancho Queimado,S,False,-27.672,-49.022,False,False,cities,4813,Rancho Queimado,09/09/2026,Quarta-feira,10:24:00,10,4,ENE,71,69,Sol com algumas nuvens,1020,2,8,sol-com-algumas-nuvens
4819,4122,False,7,BR,Brasil,SC,Rio Fortuna,S,False,-28.131,-49.105,False,False,cities,4819,Rio Fortuna,09/09/2026,Quarta-feira,10:24:00,11,6,ENE,73,86,Sol com algumas nuvens,1019,2,9,sol-com-algumas-nuvens
4820,3482,False,7,BR,Brasil,SC,Rio Negrinho,S,False,-26.254,-49.518,False,False,cities,4820,Rio Negrinho,09/09/2026,Quarta-feira,11:09:00,13,1,SW,222,70,Nublado,1014,3,12,nublado
4821,4677,False,7,BR,Brasil,SC,Rio Rufino,S,False,-27.861,-49.779,False,False,cities,4821,Rio Rufino,09/09/2026,Quarta-feira,11:09:00,10,5,ENE,70,54,Sol com muitas nuvens,1019,2r,10,sol-com-muitas-nuvens
4816,4678,False,7,BR,Brasil,SC,Rio d'Oeste,S,False,-27.192,-49.797,False,False,cities,4816,Rio d'Oeste,09/09/2026,Quarta-feira,11:09:00,12,2,ENE,68,78,Nublado,1018,3,11,nublado
4814,791,False,7,BR,Brasil,SC,Rio das Antas,S,False,-26.899,-51.074,False,False,cities,4814,Rio das Antas,09/09/2026,Quarta-feira,11:09:00,14,3,ENE,64,65,Nublado,1017,3,13,nublado
4815,4679,False,7,BR,Brasil,SC,Rio do Campo,S,False,-26.949,-50.141,False,False,cities,4815,Rio do Campo,09/09/2026,Quarta-feira,11:09:00,12,2,ENE,67,72,Nublado,1019,3,11,nublado
4818,792,False,7,BR,Brasil,SC,Rio do Sul,S,False,-27.214,-49.643,False,False,cities,4818,Rio do Sul,09/09/2026,Quarta-feira,10:24:00,12,2,SSW,200,78,Nublado,1018,3,11,nublado
4817,4680,False,7,BR,Brasil,SC,Rio dos Cedros,S,False,-26.738,-49.274,False,False,cities,4817,Rio dos Cedros,09/09/2026,Quarta-feira,11:09:00,12,2,ENE,72,78,Nublado,1019,3,12,nublado
4822,4681,False,7,BR,Brasil,SC,Riqueza,S,False,-27.067,-53.322,False,False,cities,4822,Riqueza,09/09/2026,Quarta-feira,10:24:00,16,6,NNE,20,73,Sol com muitas nuvens,1017,2r,15,sol-com-muitas-nuvens
4823,4682,False,7,BR,Brasil,SC,Rodeio,S,False,-26.923,-49.366,False,False,cities,4823,Rodeio,09/09/2026,Quarta-feira,10:24:00,14,2,ENE,71,86,Nublado,1019,3,14,nublado
4824,4683,False,7,BR,Brasil,SC,Romelândia,S,False,-26.676,-53.314,False,False,cities,4824,Romelândia,09/09/2026,Quarta-feira,11:09:00,16,5,ENE,58,66,Nublado,1016,3,15,nublado
4825,4685,False,7,BR,Brasil,SC,Salete,S,False,-26.98,-50.0,False,True,cities,4825,Salete,09/09/2026,Quarta-feira,10:24:00,12,2,ENE,68,73,Nublado,1019,3,11,nublado
4826,4686,False,7,BR,Brasil,SC,Saltinho,S,False,-26.609,-53.056,False,False,cities,4826,Saltinho,09/09/2026,Quarta-feira,11:09:00,16,5,ENE,58,64,Nublado,1016,3,15,nublado
4827,4687,False,7,BR,Brasil,SC,Salto Veloso,S,False,-26.905,-51.406,False,False,cities,4827,Salto Veloso,09/09/2026,Quarta-feira,11:09:00,13,4,ENE,64,58,Sol com muitas nuvens,1017,2r,11,sol-com-muitas-nuvens
4828,4688,False,7,BR,Brasil,SC,Sangão,S,False,-28.638,-49.129,False,False,cities,4828,Sangão,09/09/2026,Quarta-feira,11:09:00,13,7,ENE,74,95,Sol com muitas nuvens,1019,2r,12,sol-com-muitas-nuvens
4829,4689,False,7,BR,Brasil,SC,Santa Cecília,S,False,-26.961,-50.427,False,False,cities,4829,Santa Cecília,09/09/2026,Quarta-feira,10:24:00,11,3,ENE,67,61,Nublado,1019,3,9,nublado
4830,4690,False,7,BR,Brasil,SC,Santa Helena,S,False,-26.939085,-53.62123,False,False,cities,4830,Santa Helena,09/09/2026,Quarta-feira,10:24:00,15,7,ENE,58,68,Sol com muitas nuvens,1016,2r,14,sol-com-muitas-nuvens
4831,4691,False,7,BR,Brasil,SC,Santa Rosa de Lima,S,False,-28.039,-49.128,False,False,cities,4831,Santa Rosa de Lima,09/09/2026,Quarta-feira,10:24:00,9,6,ENE,72,73,Sol com algumas nuvens,1019,2,9,sol-com-algumas-nuvens
4832,4692,False,7,BR,Brasil,SC,Santa Rosa do Sul,S,True,-29.136,-49.7,False,False,cities,4832,Santa Rosa do Sul,09/09/2026,Quarta-feira,10:24:00,13,7,ENE,74,91,Nublado,1020,3,12,nublado
4834,4693,False,7,BR,Brasil,SC,Santa Terezinha,S,False,-26.779,-50.008,False,False,cities,4834,Santa Terezinha,09/09/2026,Quarta-feira,11:09:00,13,2,ENE,68,75,Chuvoso,1019,5,12,chuvoso
4833,4699,False,7,BR,Brasil,SC,Santa Terezinha do Progresso,S,False,-26.619,-53.202,False,False,cities,4833,Santa Terezinha do Progresso,09/09/2026,Quarta-feira,10:24:00,17,5,ENE,58,70,Sol com muitas nuvens,1016,2r,16,sol-com-muitas-nuvens
4835,4694,False,7,BR,Brasil,SC,Santiago do Sul,S,False,-26.639,-52.685,False,False,cities,4835,Santiago do Sul,09/09/2026,Quarta-feira,10:24:00,17,5,ENE,59,68,Sol com muitas nuvens,1017,2r,16,sol-com-muitas-nuvens
4836,4700,False,7,BR,Brasil,SC,Santo Amaro da Imperatriz,S,False,-27.688,-48.779,False,False,cities,4836,Santo Amaro da Imperatriz,09/09/2026,Quarta-feira,10:24:00,11,5,ENE,72,77,Sol com muitas nuvens,1020,2r,10,sol-com-muitas-nuvens
4858,4695,False,7,BR,Brasil,SC,Saudades,S,False,-26.924,-53.003,False,True,cities,4858,Saudades,09/09/2026,Quarta-feira,11:09:00,17,7,ENE,59,69,Sol com muitas nuvens,1016,2r,16,sol-com-muitas-nuvens
4859,4142,False,7,BR,Brasil,SC,Schroeder,S,False,-26.412,-49.073,False,False,cities,4859,Schroeder,09/09/2026,Quarta-feira,11:09:00,16,2,ENE,75,92,Nublado,1018,3,16,nublado
4860,4127,False,7,BR,Brasil,SC,Seara,S,False,-27.149,-52.311,False,False,cities,4860,Seara,09/09/2026,Quarta-feira,11:09:00,15,8,ENE,61,62,Sol com muitas nuvens,1017,2r,12,sol-com-muitas-nuvens
4861,4696,False,7,BR,Brasil,SC,Serra Alta,S,False,-26.729,-53.042,False,False,cities,4861,Serra Alta,09/09/2026,Quarta-feira,11:09:00,16,6,ENE,58,66,Nublado,1016,3,15,nublado
4862,4697,False,7,BR,Brasil,SC,Siderópolis,S,False,-28.598,-49.424,False,False,cities,4862,Siderópolis,09/09/2026,Quarta-feira,11:09:00,13,8,ENE,73,87,Sol com muitas nuvens,1019,2r,12,sol-com-muitas-nuvens
4863,4698,False,7,BR,Brasil,SC,Sombrio,S,True,-29.114,-49.617,False,False,cities,4863,Sombrio,09/09/2026,Quarta-feira,10:24:00,13,7,ENE,74,94,Nublado,1020,3,13,nublado
4864,4701,False,7,BR,Brasil,SC,Sul Brasil,S,False,-26.736,-52.965,False,False,cities,4864,Sul Brasil,09/09/2026,Quarta-feira,11:09:00,17,6,ENE,59,69,Nublado,1016,3,17,nublado
4837,2618,False,7,BR,Brasil,SC,São Bento do Sul,S,False,-26.25,-49.379,False,False,cities,4837,São Bento do Sul,09/09/2026,Quarta-feira,10:24:00,12,2,ENE,75,68,Nublado,1016,3,10,nublado
4838,4702,False,7,BR,Brasil,SC,São Bernardino,S,False,-26.47,-52.964,False,False,cities,4838,São Bernardino,09/09/2026,Quarta-feira,11:09:00,16,4,ENE,59,67,Nublado,1017,3,16,nublado
4839,4703,False,7,BR,Brasil,SC,São Bonifácio,S,False,-27.901,-48.929,False,False,cities,4839,São Bonifácio,09/09/2026,Quarta-feira,11:09:00,10,5,SW,230,73,Sol,1020,1,8,sol
4840,4704,False,7,BR,Brasil,SC,São Carlos,S,False,-27.078,-53.004,False,False,cities,4840,São Carlos,09/09/2026,Quarta-feira,11:09:00,16,7,ENE,59,71,Sol com muitas nuvens,1017,2r,15,sol-com-muitas-nuvens
4841,4705,False,7,BR,Brasil,SC,São Cristovão do Sul,S,False,-27.267,-50.441,False,False,cities,4841,São Cristovão do Sul,09/09/2026,Quarta-feira,10:24:00,11,3,ENE,67,61,Nublado,1019,3,9,nublado
4842,3031,False,7,BR,Brasil,SC,São Domingos,S,False,-26.558,-52.532,False,False,cities,4842,São Domingos,09/09/2026,Quarta-feira,11:09:00,16,4,ENE,59,64,Nublado,1017,3,15,nublado
4848,383,False,7,BR,Brasil,SC,São Joaquim,S,False,-28.294,-49.932,False,True,cities,4848,São Joaquim,09/09/2026,Quarta-feira,10:24:00,8,8,SW,220,50,Sol com algumas nuvens,1019,2,7,sol-com-algumas-nuvens
4851,1443,False,7,BR,Brasil,SC,São José,S,True,-27.58,-48.61,False,False,cities,4851,São José,09/09/2026,Quarta-feira,11:09:00,14,5,ENE,74,94,Sol com algumas nuvens,1019,2,15,sol-com-algumas-nuvens
4849,4744,False,7,BR,Brasil,SC,São José do Cedro,S,False,-26.455,-53.494,False,False,cities,4849,São José do Cedro,09/09/2026,Quarta-feira,10:24:00,17,5,ENE,58,67,Sol com muitas nuvens,1016,2r,16,sol-com-muitas-nuvens
4850,4825,False,7,BR,Brasil,SC,São José do Cerrito,S,False,-27.663,-50.58,False,False,cities,4850,São José do Cerrito,09/09/2026,Quarta-feira,11:09:00,11,4,ENE,67,60,Sol com muitas nuvens,1019,2r,8,sol-com-muitas-nuvens
4844,3352,False,7,BR,Brasil,SC,São João Batista,S,False,-27.276,-48.849,False,False,cities,4844,São João Batista,09/09/2026,Quarta-feira,10:24:00,15,4,ENE,73,93,Sol com muitas nuvens,1019,2r,15,sol-com-muitas-nuvens
4845,4706,False,7,BR,Brasil,SC,São João do Itaperiú,S,False,-26.618,-48.768,False,False,cities,4845,São João do Itaperiú,09/09/2026,Quarta-feira,10:24:00,15,3,ENE,76,91,Nublado,1018,3,15,nublado
4846,4826,False,7,BR,Brasil,SC,São João do Oeste,S,False,-27.098,-53.594,False,False,cities,4846,São João do Oeste,09/09/2026,Quarta-feira,10:24:00,16,7,ENE,58,72,Sol com muitas nuvens,1017,2r,14,sol-com-muitas-nuvens
4847,4707,False,7,BR,Brasil,SC,São João do Sul,S,True,-29.223,-49.81,False,False,cities,4847,São João do Sul,09/09/2026,Quarta-feira,10:24:00,13,6,ENE,74,88,Nublado,1021,3,12,nublado
4852,3333,False,7,BR,Brasil,SC,São Lourenço d'Oeste,S,False,-26.359,-52.851,False,False,cities,4852,São Lourenço d'Oeste,09/09/2026,Quarta-feira,11:09:00,15,3,ENE,58,62,Nublado,1017,3,14,nublado
4853,4123,False,7,BR,Brasil,SC,São Ludgero,S,False,-28.326,-49.177,False,False,cities,4853,São Ludgero,09/09/2026,Quarta-feira,10:24:00,11,7,ENE,73,83,Sol com muitas nuvens,1019,2r,9,sol-com-muitas-nuvens
4855,4684,False,7,BR,Brasil,SC,São Miguel da Boa Vista,S,False,-26.69,-53.251,False,False,cities,4855,São Miguel da Boa Vista,09/09/2026,Quarta-feira,11:09:00,16,6,ENE,58,66,Sol com muitas nuvens,1016,2r,14,sol-com-muitas-nuvens
4856,2166,False,7,BR,Brasil,SC,São Miguel do Oeste,S,False,-26.725,-53.518,False,False,cities,4856,São Miguel do Oeste,09/09/2026,Quarta-feira,10:24:00,16,6,ENE,58,68,Sol com muitas nuvens,1016,2r,14,sol-com-muitas-nuvens
4857,4709,False,7,BR,Brasil,SC,São Pedro de Alcântara,S,False,-27.566,-48.805,False,False,cities,4857,São Pedro de Alcântara,09/09/2026,Quarta-feira,10:24:00,12,5,ENE,72,82,Sol com muitas nuvens,1020,2r,11,sol-com-muitas-nuvens
4865,3334,False,7,BR,Brasil,SC,Taió,S,False,-27.116,-49.998,False,False,cities,4865,Taió,09/09/2026,Quarta-feira,10:24:00,13,2,ENE,68,80,Nublado,1019,3,13,nublado
4866,4710,False,7,BR,Brasil,SC,Tangará,S,False,-27.105,-51.247,False,False,cities,4866,Tangará,09/09/2026,Quarta-feira,10:24:00,14,4,ENE,65,66,Nublado,1015,3,13,nublado
4867,4711,False,7,BR,Brasil,SC,Tigrinhos,S,False,-26.688,-53.158,False,False,cities,4867,Tigrinhos,09/09/2026,Quarta-feira,10:24:00,16,6,ENE,58,66,Sol com muitas nuvens,1016,2r,14,sol-com-muitas-nuvens
4868,2069,False,7,BR,Brasil,SC,Tijucas,S,True,-27.241,-48.67,False,False,cities,4868,Tijucas,09/09/2026,Quarta-feira,10:24:00,15,4,ENE,74,94,Sol com muitas nuvens,1019,2r,15,sol-com-muitas-nuvens
4869,4712,False,7,BR,Brasil,SC,Timbé do Sul,S,False,-28.83,-49.847,False,False,cities,4869,Timbé do Sul,09/09/2026,Quarta-feira,11:09:00,14,9,ENE,72,84,Sol com muitas nuvens,1021,2r,13,sol-com-muitas-nuvens
4871,2070,False,7,BR,Brasil,SC,Timbó,S,False,-26.823,-49.272,False,False,cities,4871,Timbó,09/09/2026,Quarta-feira,11:09:00,14,2,ENE,71,86,Nublado,1019,3,14,nublado
4870,4827,False,7,BR,Brasil,SC,Timbó Grande,S,False,-26.615,-50.674,False,False,cities,4870,Timbó Grande,09/09/2026,Quarta-feira,11:09:00,13,3,ENE,65,64,Nublado,1019,3,11,nublado
4875,4713,False,7,BR,Brasil,SC,Treviso,S,False,-28.516,-49.458,False,False,cities,4875,Treviso,09/09/2026,Quarta-feira,10:24:00,14,8,ENE,73,79,Sol com muitas nuvens,1019,2r,12,sol-com-muitas-nuvens
4879,2619,False,7,BR,Brasil,SC,Treze Tílias,S,False,-27.002,-51.406,False,False,cities,4879,Treze Tílias,09/09/2026,Quarta-feira,11:09:00,14,4,ENE,64,63,Sol com muitas nuvens,1017,2r,13,sol-com-muitas-nuvens
4878,4714,False,7,BR,Brasil,SC,Treze de Maio,S,False,-28.559,-49.148,False,False,cities,4878,Treze de Maio,09/09/2026,Quarta-feira,11:09:00,11,7,ENE,73,83,Sol com muitas nuvens,1019,2r,10,sol-com-muitas-nuvens
4880,4715,False,7,BR,Brasil,SC,Trombudo Central,S,False,-27.299,-49.79,False,False,cities,4880,Trombudo Central,09/09/2026,Quarta-feira,10:24:00,12,2,ENE,68,78,Nublado,1018,3,11,nublado
4872,3032,False,7,BR,Brasil,SC,Três Barras,S,False,-26.106,-50.322,False,False,cities,4872,Três Barras,09/09/2026,Quarta-feira,10:24:00,14,3,ENE,67,72,Nublado,1019,3,13,nublado
4881,1445,False,7,BR,Brasil,SC,Tubarão,S,False,-28.467,-49.007,False,False,cities,4881,Tubarão,09/09/2026,Quarta-feira,10:24:00,13,7,ENE,74,95,Chuvoso,1019,5,13,chuvoso
4882,4716,False,7,BR,Brasil,SC,Tunápolis,S,False,-26.969,-53.639,False,False,cities,4882,Tunápolis,09/09/2026,Quarta-feira,10:24:00,15,7,ENE,58,70,Sol com muitas nuvens,1016,2r,14,sol-com-muitas-nuvens
4883,4717,False,7,BR,Brasil,SC,Turvo,S,False,-28.926,-49.679,False,False,cities,4883,Turvo,09/09/2026,Quarta-feira,11:09:00,14,8,ENE,73,89,Sol com muitas nuvens,1020,2r,14,sol-com-muitas-nuvens
4884,4718,False,7,BR,Brasil,SC,União do Oeste,S,False,-26.761,-52.855,False,False,cities,4884,União do Oeste,09/09/2026,Quarta-feira,10:24:00,17,6,ENE,59,68,Nublado,1016,3,16,nublado
4885,3483,False,7,BR,Brasil,SC,Urubici,S,False,-28.015,-49.592,False,False,cities,4885,Urubici,09/09/2026,Quarta-feira,10:24:00,9,6,ENE,71,57,Sol com algumas nuvens,1019,2,9,sol-com-algumas-nuvens
4886,4719,False,7,BR,Brasil,SC,Urupema,S,False,-27.953,-49.873,False,False,cities,4886,Urupema,09/09/2026,Quarta-feira,10:24:00,8,6,ENE,70,46,Sol com muitas nuvens,1019,2r,8,sol-com-muitas-nuvens
4887,4720,False,7,BR,Brasil,SC,Urussanga,S,False,-28.518,-49.321,False,False,cities,4887,Urussanga,09/09/2026,Quarta-feira,10:24:00,12,7,ENE,73,87,Sol com muitas nuvens,1019,2r,11,sol-com-muitas-nuvens
4484,4721,False,7,BR,Brasil,SC,Vargem,S,False,-27.489,-50.975,False,False,cities,4484,Vargem,09/09/2026,Quarta-feira,10:24:00,12,5,ENE,66,63,Sol com muitas nuvens,1016,2r,10,sol-com-muitas-nuvens
4483,4722,False,7,BR,Brasil,SC,Vargem Bonita,S,False,-27.007,-51.74,False,False,cities,4483,Vargem Bonita,09/09/2026,Quarta-feira,11:09:00,14,5,ENE,63,58,Sol com muitas nuvens,1017,2r,13,sol-com-muitas-nuvens
4482,4723,False,7,BR,Brasil,SC,Vargeão,S,False,-26.864,-52.155,False,False,cities,4482,Vargeão,09/09/2026,Quarta-feira,11:09:00,15,6,ENE,61,57,Sol com muitas nuvens,1017,2r,13,sol-com-muitas-nuvens
4485,4724,False,7,BR,Brasil,SC,Vidal Ramos,S,False,-27.392,-49.356,False,False,cities,4485,Vidal Ramos,09/09/2026,Quarta-feira,10:24:00,11,3,ENE,70,74,Sol com muitas nuvens,1019,2r,9,sol-com-muitas-nuvens
4486,1446,False,7,BR,Brasil,SC,Videira,S,False,-27.008,-51.152,False,False,cities,4486,Videira,09/09/2026,Quarta-feira,10:24:00,14,4,ENE,65,67,Nublado,1016,3,13,nublado
4487,4725,False,7,BR,Brasil,SC,Vitor Meireles,S,False,-26.881,-49.833,False,False,cities,4487,Vitor Meireles,09/09/2026,Quarta-feira,10:24:00,13,2,ENE,68,77,Nublado,1019,3,13,nublado
4488,4726,False,7,BR,Brasil,SC,Witmarsum,S,False,-26.926,-49.796,False,False,cities,4488,Witmarsum,09/09/2026,Quarta-feira,10:24:00,13,2,ENE,68,77,Nublado,1019,3,13,nublado
4489,1447,False,7,BR,Brasil,SC,Xanxerê,S,False,-26.877,-52.404,False,False,cities,4489,Xanxerê,09/09/2026,Quarta-feira,10:24:00,16,7,ENE,61,62,Nublado,1017,3,14,nublado
4490,4727,False,7,BR,Brasil,SC,Xavantina,S,False,-27.069,-52.342,False,False,cities,4490,Xavantina,09/09/2026,Quarta-feira,11:09:00,15,8,ENE,61,62,Sol com muitas nuvens,1017,2r,12,sol-com-muitas-nuvens
4491,1448,False,7,BR,Brasil,SC,Xaxim,S,False,-26.962,-52.535,False,False,cities,4491,Xaxim,09/09/2026,Quarta-feira,11:09:00,16,9,ENE,60,63,Sol com muitas nuvens,1017,2r,14,sol-com-muitas-nuvens
4492,4728,False,7,BR,Brasil,SC,Zortéa,S,False,-27.45,-51.55,False,False,cities,4492,Zortéa,09/09/2026,Quarta-feira,10:24:00,13,6,ENE,64,65,Sol com muitas nuvens,1017,2r,12,sol-com-muitas-nuvens
5053,4729,False,7,BR,Brasil,SC,Água Doce,S,False,-26.998,-51.556,False,False,cities,5053,Água Doce,09/09/2026,Quarta-feira,10:24:00,14,5,ENE,63,61,Sol com muitas nuvens,1017,2r,12,sol-com-muitas-nuvens
5054,5110,False,7,BR,Brasil,SC,Águas Brancas,S,False,-27.955,-49.582,False,False,cities,5054,Águas Brancas,09/09/2026,Quarta-feira,10:24:00,9,6,ENE,71,57,Sol com algumas nuvens,1019,2,9,sol-com-algumas-nuvens
5056,4730,False,7,BR,Brasil,SC,Águas Frias,S,False,-26.88,-52.859,False,False,cities,5056,Águas Frias,09/09/2026,Quarta-feira,10:24:00,18,7,ENE,59,71,Sol com muitas nuvens,1017,2r,17,sol-com-muitas-nuvens
5055,4732,False,7,BR,Brasil,SC,Águas de Chapecó,S,False,-27.07,-52.987,False,False,cities,5055,Águas de Chapecó,09/09/2026,Quarta-feira,11:09:00,16,7,ENE,59,71,Sol com muitas nuvens,1017,2r,15,sol-com-muitas-nuvens
4493,6337,False,7,BR,Brasil,SE,Amparo de São Francisco,NE,False,-10.1348,-36.9349,False,False,cities,4493,Amparo de São Francisco,09/09/2026,Quarta-feira,10:24:00,25,10,ENE,70,75,Sol,1019,1,27,sol
4497,3413,False,7,BR,Brasil,SE,Aquidabã,NE,False,-10.281,-37.019,False,False,cities,4497,Aquidabã,09/09/2026,Quarta-feira,10:24:00,24,11,ENE,70,73,Sol,1019,1,25,sol
4502,384,True,7,BR,Brasil,SE,Aracaju,NE,True,-10.953,-37.054,True,False,cities,4502,Aracaju,09/09/2026,Quarta-feira,10:24:00,27,19,NE,39,74,Sol,1019,1,27,sol
4503,6338,False,7,BR,Brasil,SE,Arauá,NE,False,-11.262,-37.62,False,False,cities,4503,Arauá,09/09/2026,Quarta-feira,11:09:00,25,12,ENE,70,71,Sol,1020,1,26,sol
4504,6339,False,7,BR,Brasil,SE,Areia Branca,NE,False,-10.758,-37.315,False,False,cities,4504,Areia Branca,09/09/2026,Quarta-feira,11:09:00,24,15,ENE,70,69,Sol,1019,1,24,sol
4505,5288,False,7,BR,Brasil,SE,Barra dos Coqueiros,NE,True,-10.909,-37.039,False,False,cities,4505,Barra dos Coqueiros,09/09/2026,Quarta-feira,11:09:00,26,18,ENE,71,74,Sol,1019,1,27,sol
4506,1449,False,7,BR,Brasil,SE,Boquim,NE,False,-11.147,-37.621,False,False,cities,4506,Boquim,09/09/2026,Quarta-feira,11:09:00,25,13,ENE,70,70,Sol,1020,1,25,sol
4507,6340,False,7,BR,Brasil,SE,Brejo Grande,NE,True,-10.429,-36.466,False,False,cities,4507,Brejo Grande,09/09/2026,Quarta-feira,10:24:00,26,10,ENE,72,77,Sol,1019,1,28,sol
4508,6341,False,7,BR,Brasil,SE,Campo do Brito,NE,False,-10.733,-37.493,False,False,cities,4508,Campo do Brito,09/09/2026,Quarta-feira,11:09:00,24,14,ENE,70,71,Sol,1020,1,24,sol
4509,6342,False,7,BR,Brasil,SE,Canhoba,NE,False,-10.138,-36.985,False,False,cities,4509,Canhoba,09/09/2026,Quarta-feira,11:09:00,25,10,ENE,70,75,Sol,1019,1,27,sol
4510,5289,False,7,BR,Brasil,SE,Canindé de São Francisco,NE,False,-9.66,-37.789,False,False,cities,4510,Canindé de São Francisco,09/09/2026,Quarta-feira,10:24:00,24,12,ENE,68,74,Sol,1019,1,24,sol
4511,1450,False,7,BR,Brasil,SE,Capela,NE,False,-10.503,-37.053,False,False,cities,4511,Capela,09/09/2026,Quarta-feira,10:24:00,25,14,ENE,70,74,Sol,1019,1,25,sol
3251,3442,False,7,BR,Brasil,SE,Carira,NE,False,-10.361,-37.701,False,False,cities,3251,Carira,09/09/2026,Quarta-feira,10:24:00,23,11,ENE,69,68,Sol,1020,1,23,sol
4513,6343,False,7,BR,Brasil,SE,Carmópolis,NE,False,-10.648,-36.989,False,False,cities,4513,Carmópolis,09/09/2026,Quarta-feira,10:24:00,25,15,ENE,71,74,Sol,1019,1,27,sol
4515,6344,False,7,BR,Brasil,SE,Cedro de São João,NE,False,-10.252,-36.884,False,False,cities,4515,Cedro de São João,09/09/2026,Quarta-feira,11:09:00,25,10,ENE,71,76,Sol,1019,1,27,sol
4516,5290,False,7,BR,Brasil,SE,Cristinápolis,NE,False,-11.476,-37.755,False,False,cities,4516,Cristinápolis,09/09/2026,Quarta-feira,10:24:00,25,9,ENE,71,72,Sol,1020,1,26,sol
4517,6345,False,7,BR,Brasil,SE,Cumbe,NE,False,-10.355,-37.183,False,False,cities,4517,Cumbe,09/09/2026,Quarta-feira,11:09:00,24,12,ENE,70,73,Sol,1019,1,24,sol
4518,6346,False,7,BR,Brasil,SE,Divina Pastora,NE,False,-10.689,-37.148,False,False,cities,4518,Divina Pastora,09/09/2026,Quarta-feira,11:09:00,25,16,ENE,70,73,Sol,1019,1,26,sol
4519,1451,False,7,BR,Brasil,SE,Estância,NE,True,-11.268,-37.438,False,False,cities,4519,Estância,09/09/2026,Quarta-feira,11:09:00,26,14,ENE,71,71,Sol,1019,1,26,sol
4520,6143,False,7,BR,Brasil,SE,Feira Nova,NE,False,-10.264,-37.313,False,False,cities,4520,Feira Nova,09/09/2026,Quarta-feira,10:24:00,24,12,ENE,69,73,Sol,1020,1,25,sol
4521,6347,False,7,BR,Brasil,SE,Frei Paulo,NE,False,-10.549,-37.534,False,False,cities,4521,Frei Paulo,09/09/2026,Quarta-feira,10:24:00,23,12,ENE,69,68,Sol,1020,1,23,sol
4522,1452,False,7,BR,Brasil,SE,Gararu,NE,False,-9.967,-37.083,False,False,cities,4522,Gararu,09/09/2026,Quarta-feira,10:24:00,25,9,ENE,70,74,Sol,1019,1,26,sol
4523,6348,False,7,BR,Brasil,SE,General Maynard,NE,False,-10.689,-36.984,False,False,cities,4523,General Maynard,09/09/2026,Quarta-feira,11:09:00,26,17,ENE,71,74,Sol,1019,1,27,sol
4526,6349,False,7,BR,Brasil,SE,Gracho Cardoso,NE,False,-10.227,-37.198,False,False,cities,4526,Gracho Cardoso,09/09/2026,Quarta-feira,11:09:00,24,12,ENE,70,74,Sol,1019,1,24,sol
4527,6350,False,7,BR,Brasil,SE,Ilha das Flores,NE,False,-10.436,-36.54,False,False,cities,4527,Ilha das Flores,09/09/2026,Quarta-feira,10:24:00,26,10,ENE,71,78,Sol,1019,1,28,sol
4528,6351,False,7,BR,Brasil,SE,Indiaroba,NE,True,-11.519,-37.512,False,False,cities,4528,Indiaroba,09/09/2026,Quarta-feira,10:24:00,26,14,ENE,71,68,Sol,1019,1,27,sol
4529,1453,False,7,BR,Brasil,SE,Itabaiana,NE,False,-10.685,-37.425,False,False,cities,4529,Itabaiana,09/09/2026,Quarta-feira,11:09:00,24,14,ENE,69,69,Sol,1020,1,24,sol
4530,385,False,7,BR,Brasil,SE,Itabaianinha,NE,False,-11.274,-37.79,False,False,cities,4530,Itabaianinha,09/09/2026,Quarta-feira,11:09:00,24,9,ENE,70,70,Sol,1020,1,25,sol
4531,6352,False,7,BR,Brasil,SE,Itabi,NE,False,-10.126,-37.103,False,False,cities,4531,Itabi,09/09/2026,Quarta-feira,11:09:00,24,10,ENE,70,73,Sol,1019,1,25,sol
4532,5590,False,7,BR,Brasil,SE,Itaporanga d'Ajuda,NE,True,-10.998,-37.311,False,False,cities,4532,Itaporanga d'Ajuda,09/09/2026,Quarta-feira,10:24:00,26,17,ENE,70,72,Sol,1019,1,26,sol
4533,5231,False,7,BR,Brasil,SE,Japaratuba,NE,False,-10.593,-36.94,False,False,cities,4533,Japaratuba,09/09/2026,Quarta-feira,10:24:00,25,15,ENE,71,74,Sol,1019,1,27,sol
4534,5591,False,7,BR,Brasil,SE,Japoatã,NE,False,-10.347,-36.801,False,False,cities,4534,Japoatã,09/09/2026,Quarta-feira,10:24:00,25,11,ENE,71,75,Sol,1019,1,26,sol
4535,1454,False,7,BR,Brasil,SE,Lagarto,NE,False,-10.917,-37.65,False,False,cities,4535,Lagarto,09/09/2026,Quarta-feira,10:24:00,24,11,ENE,69,69,Sol,1020,1,24,sol
4549,1455,False,7,BR,Brasil,SE,Laranjeiras,NE,False,-10.806,-37.17,False,False,cities,4549,Laranjeiras,09/09/2026,Quarta-feira,11:09:00,25,16,ENE,70,73,Sol,1019,1,26,sol
4550,6353,False,7,BR,Brasil,SE,Macambira,NE,False,-10.666,-37.541,False,False,cities,4550,Macambira,09/09/2026,Quarta-feira,11:09:00,24,13,ENE,69,69,Sol,1020,1,24,sol
4551,6354,False,7,BR,Brasil,SE,Malhada dos Bois,NE,False,-10.349,-36.924,False,False,cities,4551,Malhada dos Bois,09/09/2026,Quarta-feira,10:24:00,25,12,ENE,70,74,Sol,1019,1,26,sol
4552,6355,False,7,BR,Brasil,SE,Malhador,NE,False,-10.658,-37.305,False,False,cities,4552,Malhador,09/09/2026,Quarta-feira,10:24:00,24,14,ENE,70,71,Sol,1019,1,25,sol
4553,5084,False,7,BR,Brasil,SE,Marimbondo,NE,False,-10.667,-36.9,False,False,cities,4553,Marimbondo,09/09/2026,Quarta-feira,11:09:00,25,15,ENE,71,74,Sol,1019,1,27,sol
4554,1612,False,7,BR,Brasil,SE,Maruim,NE,False,-10.737,-37.082,False,False,cities,4554,Maruim,09/09/2026,Quarta-feira,10:24:00,26,17,ENE,70,74,Sol,1019,1,27,sol
4555,6356,False,7,BR,Brasil,SE,Moita Bonita,NE,False,-10.578,-37.343,False,False,cities,4555,Moita Bonita,09/09/2026,Quarta-feira,11:09:00,24,14,ENE,70,71,Sol,1019,1,25,sol
4556,1611,False,7,BR,Brasil,SE,Monte Alegre de Sergipe,NE,False,-10.0255,-37.5616,False,False,cities,4556,Monte Alegre de Sergipe,09/09/2026,Quarta-feira,10:24:00,23,11,ENE,69,71,Sol,1019,1,24,sol
4557,6357,False,7,BR,Brasil,SE,Muribeca,NE,False,-10.427,-36.959,False,False,cities,4557,Muribeca,09/09/2026,Quarta-feira,10:24:00,25,12,ENE,70,74,Sol,1019,1,26,sol
4558,1613,False,7,BR,Brasil,SE,Neópolis,NE,False,-10.32,-36.579,False,False,cities,4558,Neópolis,09/09/2026,Quarta-feira,10:24:00,26,10,ENE,71,78,Sol,1019,1,28,sol
4559,6881,False,7,BR,Brasil,SE,Nossa Senhora Aparecida,NE,False,-10.443,-37.489,False,False,cities,4559,Nossa Senhora Aparecida,09/09/2026,Quarta-feira,10:24:00,24,13,ENE,69,68,Sol,1020,1,24,sol
4560,1589,False,7,BR,Brasil,SE,Nossa Senhora da Glória,NE,False,-10.2158,-37.4211,False,False,cities,4560,Nossa Senhora da Glória,09/09/2026,Quarta-feira,11:09:00,24,12,ENE,69,71,Sol,1020,1,24,sol
4561,6758,False,7,BR,Brasil,SE,Nossa Senhora das Dores,NE,False,-10.492,-37.193,False,False,cities,4561,Nossa Senhora das Dores,09/09/2026,Quarta-feira,11:09:00,24,14,ENE,70,72,Sol,1019,1,25,sol
4562,6767,False,7,BR,Brasil,SE,Nossa Senhora de Lourdes,NE,False,-10.079,-37.058,False,False,cities,4562,Nossa Senhora de Lourdes,09/09/2026,Quarta-feira,10:24:00,24,10,ENE,70,73,Sol,1019,1,25,sol
4574,794,False,7,BR,Brasil,SE,Nossa Senhora do Socorro,NE,False,-10.855,-37.126,False,False,cities,4574,Nossa Senhora do Socorro,09/09/2026,Quarta-feira,10:24:00,26,18,ENE,71,74,Sol,1019,1,27,sol
4575,6358,False,7,BR,Brasil,SE,Pacatuba,NE,True,-10.453,-36.651,False,False,cities,4575,Pacatuba,09/09/2026,Quarta-feira,10:24:00,25,13,ENE,71,76,Sol,1019,1,27,sol
4576,6359,False,7,BR,Brasil,SE,Pedra Mole,NE,False,-10.617,-37.687,False,False,cities,4576,Pedra Mole,09/09/2026,Quarta-feira,11:09:00,24,12,ENE,69,70,Sol,1020,1,24,sol
4577,6360,False,7,BR,Brasil,SE,Pedrinhas,NE,False,-11.192,-37.674,False,False,cities,4577,Pedrinhas,09/09/2026,Quarta-feira,11:09:00,24,10,ENE,70,70,Sol,1020,1,25,sol
4578,6361,False,7,BR,Brasil,SE,Pinhão,NE,False,-10.567,-37.723,False,False,cities,4578,Pinhão,09/09/2026,Quarta-feira,10:24:00,24,12,ENE,69,70,Sol,1020,1,24,sol
4579,6362,False,7,BR,Brasil,SE,Pirambu,NE,True,-10.74,-36.85,False,False,cities,4579,Pirambu,09/09/2026,Quarta-feira,10:24:00,26,16,ENE,71,75,Sol,1019,1,27,sol
4582,1461,False,7,BR,Brasil,SE,Porto da Folha,NE,False,-9.917,-37.278,False,False,cities,4582,Porto da Folha,09/09/2026,Quarta-feira,10:24:00,24,10,ENE,69,75,Sol,1019,1,25,sol
4580,1462,False,7,BR,Brasil,SE,Poço Redondo,NE,False,-9.805,-37.684,False,False,cities,4580,Poço Redondo,09/09/2026,Quarta-feira,10:24:00,24,11,ENE,68,71,Sol,1019,1,25,sol
4581,3484,False,7,BR,Brasil,SE,Poço Verde,NE,False,-10.708,-38.183,False,False,cities,4581,Poço Verde,09/09/2026,Quarta-feira,11:09:00,21,7,ENE,68,71,Sol,1020,1,22,sol
4583,386,False,7,BR,Brasil,SE,Propriá,NE,False,-10.211,-36.84,False,False,cities,4583,Propriá,09/09/2026,Quarta-feira,10:24:00,25,10,ENE,71,76,Sol,1019,1,27,sol
4585,6363,False,7,BR,Brasil,SE,Riachuelo,NE,False,-10.728,-37.187,False,False,cities,4585,Riachuelo,09/09/2026,Quarta-feira,11:09:00,25,16,ENE,70,73,Sol,1019,1,26,sol
4584,6364,False,7,BR,Brasil,SE,Riachão do Dantas,NE,False,-11.069,-37.725,False,False,cities,4584,Riachão do Dantas,09/09/2026,Quarta-feira,10:24:00,24,11,ENE,70,70,Sol,1020,1,25,sol
4586,5376,False,7,BR,Brasil,SE,Ribeirópolis,NE,False,-10.539,-37.417,False,False,cities,4586,Ribeirópolis,09/09/2026,Quarta-feira,10:24:00,24,13,ENE,69,68,Sol,1020,1,24,sol
4587,6365,False,7,BR,Brasil,SE,Rosário do Catete,NE,False,-10.696,-37.031,False,False,cities,4587,Rosário do Catete,09/09/2026,Quarta-feira,11:09:00,26,17,ENE,70,74,Sol,1019,1,27,sol
4588,6366,False,7,BR,Brasil,SE,Salgado,NE,False,-11.032,-37.475,False,False,cities,4588,Salgado,09/09/2026,Quarta-feira,10:24:00,25,15,ENE,70,70,Sol,1019,1,25,sol
4589,6367,False,7,BR,Brasil,SE,Santa Luzia do Itanhy,NE,False,-11.351,-37.448,False,False,cities,4589,Santa Luzia do Itanhy,09/09/2026,Quarta-feira,11:09:00,26,14,ENE,71,70,Sol,1019,1,27,sol
4590,6368,False,7,BR,Brasil,SE,Santa Rosa de Lima,NE,False,-10.646,-37.194,False,False,cities,4590,Santa Rosa de Lima,09/09/2026,Quarta-feira,10:24:00,25,15,ENE,70,72,Sol,1019,1,25,sol
7362,6369,False,7,BR,Brasil,SE,Santana do São Francisco,NE,False,-10.291,-36.608,False,False,cities,7362,Santana do São Francisco,09/09/2026,Quarta-feira,10:24:00,26,9,ENE,71,77,Sol,1019,1,28,sol
4616,6370,False,7,BR,Brasil,SE,Santo Amaro das Brotas,NE,True,-10.789,-37.054,False,False,cities,4616,Santo Amaro das Brotas,09/09/2026,Quarta-feira,10:24:00,26,17,ENE,70,74,Sol,1019,1,27,sol
4644,4998,False,7,BR,Brasil,SE,Simão Dias,NE,False,-10.738,-37.811,False,False,cities,4644,Simão Dias,09/09/2026,Quarta-feira,11:09:00,23,10,ENE,69,68,Sol,1020,1,24,sol
4645,6371,False,7,BR,Brasil,SE,Siriri,NE,False,-10.604,-37.113,False,False,cities,4645,Siriri,09/09/2026,Quarta-feira,11:09:00,25,15,ENE,70,74,Sol,1019,1,26,sol
4639,1463,False,7,BR,Brasil,SE,São Cristóvão,NE,True,-11.015,-37.206,False,False,cities,4639,São Cristóvão,09/09/2026,Quarta-feira,10:24:00,26,18,ENE,70,73,Sol,1019,1,27,sol
4641,6372,False,7,BR,Brasil,SE,São Domingos,NE,False,-10.791,-37.568,False,False,cities,4641,São Domingos,09/09/2026,Quarta-feira,11:09:00,23,13,ENE,69,67,Sol,1020,1,23,sol
4642,6373,False,7,BR,Brasil,SE,São Francisco,NE,False,-10.333,-36.888,False,False,cities,4642,São Francisco,09/09/2026,Quarta-feira,10:24:00,25,12,ENE,70,74,Sol,1019,1,26,sol
4643,6374,False,7,BR,Brasil,SE,São Miguel do Aleixo,NE,False,-10.388,-37.381,False,False,cities,4643,São Miguel do Aleixo,09/09/2026,Quarta-feira,10:24:00,24,12,ENE,69,72,Sol,1020,1,25,sol
4646,6375,False,7,BR,Brasil,SE,Telha,NE,False,-10.208,-36.884,False,False,cities,4646,Telha,09/09/2026,Quarta-feira,10:24:00,25,10,ENE,71,76,Sol,1019,1,27,sol
4647,1464,False,7,BR,Brasil,SE,Tobias Barreto,NE,False,-11.184,-37.998,False,False,cities,4647,Tobias Barreto,09/09/2026,Quarta-feira,10:24:00,23,8,ENE,69,68,Sol,1020,1,24,sol
4651,6376,False,7,BR,Brasil,SE,Tomar do Geru,NE,False,-11.373,-37.841,False,False,cities,4651,Tomar do Geru,09/09/2026,Quarta-feira,10:24:00,24,7,ENE,70,71,Sol,1020,1,25,sol
4652,5377,False,7,BR,Brasil,SE,Umbaúba,NE,False,-11.383,-37.658,False,False,cities,4652,Umbaúba,09/09/2026,Quarta-feira,11:09:00,24,10,ENE,70,71,Sol,1020,1,25,sol
4653,387,False,7,BR,Brasil,SP,Adamantina,SE,False,-21.685,-51.073,False,True,cities,4653,Adamantina,09/09/2026,Quarta-feira,10:24:00,19,6,E,90,82,Chuvoso,1017,5,20,chuvoso
4654,2190,False,7,BR,Brasil,SP,Adolfo,SE,False,-21.235,-49.644,False,False,cities,4654,Adolfo,09/09/2026,Quarta-feira,11:09:00,20,6,E,90,81,Chuvoso,1017,5,21,chuvoso
4655,6782,False,7,BR,Brasil,SP,Agissê,SE,False,-22.532,-50.91,False,False,cities,4655,Agissê,09/09/2026,Quarta-feira,11:09:00,18,4,E,90,82,Chuvoso,1018,5,19,chuvoso
4656,388,False,7,BR,Brasil,SP,Aguaí,SE,False,-22.059,-46.979,False,False,cities,4656,Aguaí,09/09/2026,Quarta-feira,11:09:00,18,6,E,83,74,Nublado,1019,3,18,nublado
4660,389,False,7,BR,Brasil,SP,Agudos,SE,False,-22.469,-48.988,False,False,cities,4660,Agudos,09/09/2026,Quarta-feira,10:24:00,17,3,E,90,75,Chuvoso,1019,5,18,chuvoso
4661,5378,False,7,BR,Brasil,SP,Ajapi,SE,False,-22.281,-47.548,False,False,cities,4661,Ajapi,09/09/2026,Quarta-feira,10:24:00,19,18,E,90,73,Nublado,1019,3,16,nublado
4662,2191,False,7,BR,Brasil,SP,Alambari,SE,False,-23.551,-47.899,False,False,cities,4662,Alambari,09/09/2026,Quarta-feira,11:09:00,16,4,E,90,76,Chuvoso,1019,5,16,chuvoso
4663,4776,False,7,BR,Brasil,SP,Aldeia da Serra,SE,False,-23.483,-46.85,False,False,cities,4663,Aldeia da Serra,09/09/2026,Quarta-feira,11:09:00,17,2,E,90,74,Chuvoso,1019,5,17,chuvoso
4664,2192,False,7,BR,Brasil,SP,Alfredo Marcondes,SE,False,-21.955,-51.413,False,False,cities,4664,Alfredo Marcondes,09/09/2026,Quarta-feira,10:24:00,20,6,E,90,82,Chuvoso,1017,5,21,chuvoso
4666,2193,False,7,BR,Brasil,SP,Altair,SE,False,-20.524,-49.059,False,False,cities,4666,Altair,09/09/2026,Quarta-feira,11:09:00,20,3,E,80,79,Nublado,1017,3,22,nublado
4667,2194,False,7,BR,Brasil,SP,Altinópolis,SE,False,-21.026,-47.374,False,False,cities,4667,Altinópolis,09/09/2026,Quarta-feira,11:09:00,19,8,E,79,67,Nublado,1018,3,18,nublado
4668,2195,False,7,BR,Brasil,SP,Alto Alegre,SE,False,-21.581,-50.164,False,False,cities,4668,Alto Alegre,09/09/2026,Quarta-feira,10:24:00,20,11,E,90,81,Nublado,1017,3,20,nublado
4669,390,False,7,BR,Brasil,SP,Alumínio,SE,False,-23.535,-47.262,False,False,cities,4669,Alumínio,09/09/2026,Quarta-feira,11:09:00,16,4,E,90,67,Chuvoso,1019,5,15,chuvoso
4672,2196,False,7,BR,Brasil,SP,Alvinlândia,SE,False,-22.444,-49.763,False,False,cities,4672,Alvinlândia,09/09/2026,Quarta-feira,10:24:00,18,6,E,90,76,Chuvoso,1018,5,18,chuvoso
4673,391,False,7,BR,Brasil,SP,Americana,SE,False,-22.739,-47.331,False,False,cities,4673,Americana,09/09/2026,Quarta-feira,10:24:00,18,5,E,90,74,Nublado,1018,3,18,nublado
4676,392,False,7,BR,Brasil,SP,Amparo,SE,False,-22.701,-46.764,False,False,cities,4676,Amparo,09/09/2026,Quarta-feira,10:24:00,17,3,E,90,67,Nublado,1019,3,16,nublado
4674,2197,False,7,BR,Brasil,SP,Américo Brasiliense,SE,False,-21.724,-48.102,False,False,cities,4674,Américo Brasiliense,09/09/2026,Quarta-feira,11:09:00,19,10,E,84,72,Nublado,1020,3,18,nublado
4675,2198,False,7,BR,Brasil,SP,Américo de Campos,SE,False,-20.299,-49.732,False,False,cities,4675,Américo de Campos,09/09/2026,Quarta-feira,10:24:00,21,3,E,80,78,Nublado,1017,3,22,nublado
4677,2199,False,7,BR,Brasil,SP,Analândia,SE,False,-22.126,-47.663,False,False,cities,4677,Analândia,09/09/2026,Quarta-feira,10:24:00,18,24,E,90,66,Nublado,1020,3,14,nublado
4294,393,False,7,BR,Brasil,SP,Andradina,SE,False,-20.896,-51.379,False,True,cities,4294,Andradina,09/09/2026,Quarta-feira,10:24:00,20,3,E,90,82,Nublado,1017,3,22,nublado
4295,394,False,7,BR,Brasil,SP,Angatuba,SE,False,-23.49,-48.413,False,False,cities,4295,Angatuba,09/09/2026,Quarta-feira,11:09:00,16,3,E,90,77,Chuvoso,1019,5,16,chuvoso
4296,2200,False,7,BR,Brasil,SP,Anhembi,SE,False,-22.789,-48.127,False,False,cities,4296,Anhembi,09/09/2026,Quarta-feira,10:24:00,18,9,E,90,80,Chuvoso,1018,5,17,chuvoso
4297,2201,False,7,BR,Brasil,SP,Anhumas,SE,False,-22.295,-51.387,False,False,cities,4297,Anhumas,09/09/2026,Quarta-feira,11:09:00,19,5,E,90,80,Chuvoso,1017,5,20,chuvoso
4300,395,False,7,BR,Brasil,SP,Aparecida,SE,False,-22.847,-45.23,True,False,cities,4300,Aparecida,09/09/2026,Quarta-feira,10:24:00,16,5,E,80,71,Chuvoso,1019,5,16,chuvoso
4298,2202,False,7,BR,Brasil,SP,Aparecida d'Oeste,SE,False,-20.449,-50.88,False,False,cities,4298,Aparecida d'Oeste,09/09/2026,Quarta-feira,10:24:00,21,1,E,90,82,Nublado,1016,3,24,nublado
4299,6965,False,7,BR,Brasil,SP,Aparecida de São Manuel,SE,False,-22.06,-48.11,False,False,cities,4299,Aparecida de São Manuel,09/09/2026,Quarta-feira,10:24:00,19,13,E,90,71,Nublado,1020,3,17,nublado
4301,396,False,7,BR,Brasil,SP,Apiaí,SE,False,-24.509,-48.843,False,True,cities,4301,Apiaí,09/09/2026,Quarta-feira,11:09:00,13,3,E,90,67,Nublado,1019,3,12,nublado
4306,2203,False,7,BR,Brasil,SP,Aramina,SE,False,-20.09,-47.786,False,False,cities,4306,Aramina,09/09/2026,Quarta-feira,11:09:00,21,5,ENE,75,73,Nublado,1017,3,22,nublado
4308,2204,False,7,BR,Brasil,SP,Arandu,SE,False,-23.134,-49.054,False,False,cities,4308,Arandu,09/09/2026,Quarta-feira,11:09:00,17,2,E,90,74,Chuvoso,1019,5,18,chuvoso
4309,2205,False,7,BR,Brasil,SP,Arapeí,SE,False,-22.674,-44.448,False,False,cities,4309,Arapeí,09/09/2026,Quarta-feira,11:09:00,17,6,ENE,76,73,Nublado,1019,3,16,nublado
4310,397,False,7,BR,Brasil,SP,Araraquara,SE,False,-21.794,-48.176,False,True,cities,4310,Araraquara,09/09/2026,Quarta-feira,10:24:00,19,9,E,90,70,Nublado,1019,3,18,nublado
4312,795,False,7,BR,Brasil,SP,Araras,SE,False,-22.357,-47.384,False,False,cities,4312,Araras,09/09/2026,Quarta-feira,10:24:00,18,10,E,90,74,Nublado,1019,3,17,nublado
4302,2206,False,7,BR,Brasil,SP,Araçariguama,SE,False,-23.439,-47.061,False,False,cities,4302,Araçariguama,09/09/2026,Quarta-feira,11:09:00,15,4,E,90,64,Chuvoso,1019,5,14,chuvoso
4303,398,False,7,BR,Brasil,SP,Araçatuba,SE,False,-21.209,-50.433,False,True,cities,4303,Araçatuba,09/09/2026,Quarta-feira,10:24:00,20,8,E,90,82,Nublado,1017,3,20,nublado
4304,399,False,7,BR,Brasil,SP,Araçoiaba da Serra,SE,False,-23.505,-47.614,False,False,cities,4304,Araçoiaba da Serra,09/09/2026,Quarta-feira,10:24:00,17,3,E,90,75,Chuvoso,1020,5,17,chuvoso
4313,2207,False,7,BR,Brasil,SP,Arco-Íris,SE,False,-21.772,-50.465,False,False,cities,4313,Arco-Íris,09/09/2026,Quarta-feira,11:09:00,20,11,E,90,82,Nublado,1017,3,20,nublado
4315,2208,False,7,BR,Brasil,SP,Arealva,SE,False,-22.029,-48.911,False,False,cities,4315,Arealva,09/09/2026,Quarta-feira,10:24:00,19,5,E,90,78,Nublado,1018,3,19,nublado
4316,2209,False,7,BR,Brasil,SP,Areias,SE,False,-22.58,-44.697,False,False,cities,4316,Areias,09/09/2026,Quarta-feira,10:24:00,17,7,ENE,77,70,Nublado,1019,3,16,nublado
4317,2210,False,7,BR,Brasil,SP,Areiópolis,SE,False,-22.668,-48.665,False,False,cities,4317,Areiópolis,09/09/2026,Quarta-feira,10:24:00,17,4,E,90,76,Chuvoso,1019,5,18,chuvoso
4346,2211,False,7,BR,Brasil,SP,Ariranha,SE,False,-21.188,-48.787,False,False,cities,4346,Ariranha,09/09/2026,Quarta-feira,10:24:00,20,3,E,90,73,Nublado,1017,3,21,nublado
4347,2212,False,7,BR,Brasil,SP,Artur Nogueira,SE,False,-22.573,-47.172,False,False,cities,4347,Artur Nogueira,09/09/2026,Quarta-feira,10:24:00,18,6,E,90,74,Nublado,1019,3,18,nublado
4348,400,False,7,BR,Brasil,SP,Arujá,SE,False,-23.396,-46.321,False,False,cities,4348,Arujá,09/09/2026,Quarta-feira,11:09:00,16,2,E,90,69,Chuvoso,1019,5,15,chuvoso
4349,2213,False,7,BR,Brasil,SP,Aspásia,SE,False,-20.159,-50.727,False,False,cities,4349,Aspásia,09/09/2026,Quarta-feira,10:24:00,22,1,E,90,80,Nublado,1016,3,25,nublado
4350,401,False,7,BR,Brasil,SP,Assis,SE,False,-22.662,-50.412,False,True,cities,4350,Assis,09/09/2026,Quarta-feira,10:24:00,18,6,E,90,79,Chuvoso,1018,5,19,chuvoso
4351,402,False,7,BR,Brasil,SP,Atibaia,SE,False,-23.117,-46.55,False,False,cities,4351,Atibaia,09/09/2026,Quarta-feira,10:24:00,17,2,E,90,69,Nublado,1019,3,17,nublado
4352,2214,False,7,BR,Brasil,SP,Auriflama,SE,False,-20.686,-50.555,False,False,cities,4352,Auriflama,09/09/2026,Quarta-feira,11:09:00,22,2,E,90,83,Nublado,1016,3,25,nublado
4354,2215,False,7,BR,Brasil,SP,Avanhandava,SE,False,-21.461,-49.95,False,False,cities,4354,Avanhandava,09/09/2026,Quarta-feira,10:24:00,20,9,E,90,81,Nublado,1017,3,20,nublado
4355,403,False,7,BR,Brasil,SP,Avaré,SE,False,-23.099,-48.926,False,False,cities,4355,Avaré,09/09/2026,Quarta-feira,11:09:00,17,2,WSW,242,73,Chuvoso,1020,5,17,chuvoso
4353,2216,False,7,BR,Brasil,SP,Avaí,SE,False,-22.147,-49.333,False,False,cities,4353,Avaí,09/09/2026,Quarta-feira,10:24:00,20,6,E,90,80,Nublado,1018,3,20,nublado
4356,2218,False,7,BR,Brasil,SP,Bady Bassitt,SE,False,-20.918,-49.445,False,False,cities,4356,Bady Bassitt,09/09/2026,Quarta-feira,10:24:00,21,5,SE,130,79,Nublado,1017,3,22,nublado
4357,2219,False,7,BR,Brasil,SP,Balbinos,SE,False,-21.9,-49.357,False,False,cities,4357,Balbinos,09/09/2026,Quarta-feira,10:24:00,19,6,E,90,79,Nublado,1018,3,20,nublado
4359,2220,False,7,BR,Brasil,SP,Bananal,SE,False,-22.684,-44.323,False,False,cities,4359,Bananal,09/09/2026,Quarta-feira,10:24:00,18,6,ENE,76,80,Nublado,1020,3,18,nublado
4361,2221,False,7,BR,Brasil,SP,Barbosa,SE,False,-21.267,-49.949,False,False,cities,4361,Barbosa,09/09/2026,Quarta-feira,10:24:00,20,7,E,90,82,Nublado,1017,3,21,nublado
4362,2222,False,7,BR,Brasil,SP,Bariri,SE,False,-22.074,-48.74,False,True,cities,4362,Bariri,09/09/2026,Quarta-feira,10:24:00,19,6,E,90,78,Nublado,1018,3,19,nublado
4363,2071,False,7,BR,Brasil,SP,Barra Bonita,SE,False,-22.48,-48.57,False,False,cities,4363,Barra Bonita,09/09/2026,Quarta-feira,10:24:00,18,5,N,8,79,Chuvoso,1019,5,18,chuvoso
4364,2223,False,7,BR,Brasil,SP,Barra do Chapéu,SE,False,-24.473,-49.024,False,False,cities,4364,Barra do Chapéu,09/09/2026,Quarta-feira,11:09:00,12,4,E,90,69,Nublado,1019,3,11,nublado
4365,2224,False,7,BR,Brasil,SP,Barra do Turvo,SE,False,-24.76,-48.5,False,False,cities,4365,Barra do Turvo,09/09/2026,Quarta-feira,10:24:00,15,2,E,90,78,Nublado,1019,3,15,nublado
4366,5617,False,7,BR,Brasil,SP,Barra do Una,SE,True,-23.767,-45.767,False,False,cities,4366,Barra do Una,09/09/2026,Quarta-feira,10:24:00,19,4,E,85,95,Chuvoso,1019,5,20,chuvoso
4367,404,False,7,BR,Brasil,SP,Barretos,SE,False,-20.557,-48.568,False,True,cities,4367,Barretos,09/09/2026,Quarta-feira,10:24:00,20,2,ENE,59,73,Nublado,1017,3,21,nublado
4368,2072,False,7,BR,Brasil,SP,Barrinha,SE,False,-21.194,-48.164,False,False,cities,4368,Barrinha,09/09/2026,Quarta-feira,10:24:00,19,3,E,82,73,Nublado,1018,3,19,nublado
6654,405,False,7,BR,Brasil,SP,Barueri,SE,False,-23.511,-46.876,False,False,cities,6654,Barueri,09/09/2026,Quarta-feira,11:09:00,17,2,E,90,74,Chuvoso,1019,5,17,chuvoso
4360,2225,False,7,BR,Brasil,SP,Barão de Antonina,SE,False,-23.627,-49.561,False,False,cities,4360,Barão de Antonina,09/09/2026,Quarta-feira,11:09:00,17,5,E,90,77,Chuvoso,1018,5,17,chuvoso
4369,2226,False,7,BR,Brasil,SP,Bastos,SE,False,-21.922,-50.734,False,False,cities,4369,Bastos,09/09/2026,Quarta-feira,10:24:00,20,8,E,90,80,Nublado,1017,3,20,nublado
4370,1466,False,7,BR,Brasil,SP,Batatais,SE,False,-20.891,-47.585,False,True,cities,4370,Batatais,09/09/2026,Quarta-feira,11:09:00,19,7,E,79,69,Chuvoso,1018,5,19,chuvoso
6655,406,False,7,BR,Brasil,SP,Bauru,SE,False,-22.315,-49.061,False,True,cities,6655,Bauru,09/09/2026,Quarta-feira,11:09:00,19,4,E,83,77,Nublado,1018,3,20,nublado
4371,407,False,7,BR,Brasil,SP,Bebedouro,SE,False,-20.949,-48.479,False,True,cities,4371,Bebedouro,09/09/2026,Quarta-feira,11:09:00,19,2,E,90,72,Chuvoso,1017,5,20,chuvoso
4372,2227,False,7,BR,Brasil,SP,Bento de Abreu,SE,False,-21.271,-50.812,False,False,cities,4372,Bento de Abreu,09/09/2026,Quarta-feira,11:09:00,19,6,E,90,81,Chuvoso,1017,5,20,chuvoso
4373,2228,False,7,BR,Brasil,SP,Bernardino de Campos,SE,False,-23.013,-49.474,False,False,cities,4373,Bernardino de Campos,09/09/2026,Quarta-feira,11:09:00,17,3,E,90,75,Chuvoso,1018,5,17,chuvoso
4374,1467,False,7,BR,Brasil,SP,Bertioga,SE,True,-23.854,-46.139,False,False,cities,4374,Bertioga,09/09/2026,Quarta-feira,10:24:00,17,1,E,90,93,Chuva e trovoadas,1018,6,19,chuva-e-trovoadas
4375,2229,False,7,BR,Brasil,SP,Bilac,SE,False,-21.403,-50.471,False,False,cities,4375,Bilac,09/09/2026,Quarta-feira,11:09:00,19,10,E,90,82,Nublado,1017,3,20,nublado
4376,408,False,7,BR,Brasil,SP,Birigui,SE,False,-21.289,-50.34,False,True,cities,4376,Birigui,09/09/2026,Quarta-feira,11:09:00,20,8,E,90,82,Nublado,1017,3,20,nublado
4377,2230,False,7,BR,Brasil,SP,Biritiba-Mirim,SE,True,-23.572,-46.039,False,False,cities,4377,Biritiba-Mirim,09/09/2026,Quarta-feira,10:24:00,14,2,E,90,72,Chuva e trovoadas,1019,6,14,chuva-e-trovoadas
4378,2231,False,7,BR,Brasil,SP,Boa Esperança do Sul,SE,False,-21.992,-48.391,False,False,cities,4378,Boa Esperança do Sul,09/09/2026,Quarta-feira,10:24:00,19,8,E,90,77,Nublado,1019,3,20,nublado
4379,2232,False,7,BR,Brasil,SP,Bocaina,SE,False,-22.136,-48.518,False,False,cities,4379,Bocaina,09/09/2026,Quarta-feira,10:24:00,18,7,E,90,75,Nublado,1019,3,18,nublado
4380,2233,False,7,BR,Brasil,SP,Bofete,SE,False,-23.102,-48.258,False,False,cities,4380,Bofete,09/09/2026,Quarta-feira,10:24:00,17,5,E,90,79,Chuvoso,1019,5,17,chuvoso
4382,409,False,7,BR,Brasil,SP,Boituva,SE,False,-23.283,-47.672,False,False,cities,4382,Boituva,09/09/2026,Quarta-feira,10:24:00,17,4,E,90,75,Chuvoso,1019,5,17,chuvoso
4381,6760,False,7,BR,Brasil,SP,Boiçucanga,SE,True,-23.767,-45.617,False,False,cities,4381,Boiçucanga,09/09/2026,Quarta-feira,10:24:00,16,5,E,85,79,Chuvoso,1019,5,16,chuvoso
4383,2217,False,7,BR,Brasil,SP,Bom Jesus dos Perdões,SE,False,-23.135,-46.465,False,False,cities,4383,Bom Jesus dos Perdões,09/09/2026,Quarta-feira,10:24:00,17,3,E,90,68,Nublado,1019,3,17,nublado
4384,2234,False,7,BR,Brasil,SP,Bom Sucesso de Itararé,SE,False,-24.318,-49.144,False,False,cities,4384,Bom Sucesso de Itararé,09/09/2026,Quarta-feira,11:09:00,12,4,E,90,64,Nublado,1019,3,10,nublado
4385,4957,False,7,BR,Brasil,SP,Bonfim Paulista,SE,False,-21.265,-47.816,False,False,cities,4385,Bonfim Paulista,09/09/2026,Quarta-feira,11:09:00,19,7,E,82,72,Nublado,1018,3,18,nublado
4386,2235,False,7,BR,Brasil,SP,Boracéia,SE,False,-22.193,-48.779,False,False,cities,4386,Boracéia,09/09/2026,Quarta-feira,11:09:00,19,5,E,90,79,Nublado,1018,3,19,nublado
4388,2236,False,7,BR,Brasil,SP,Borborema,SE,False,-21.62,-49.074,False,False,cities,4388,Borborema,09/09/2026,Quarta-feira,11:09:00,19,5,E,90,80,Chuvoso,1018,5,21,chuvoso
4389,2237,False,7,BR,Brasil,SP,Borebi,SE,False,-22.569,-48.971,False,False,cities,4389,Borebi,09/09/2026,Quarta-feira,11:09:00,17,2,E,90,75,Chuvoso,1019,5,17,chuvoso
4387,2238,False,7,BR,Brasil,SP,Borá,SE,False,-22.27,-50.534,False,False,cities,4387,Borá,09/09/2026,Quarta-feira,10:24:00,19,6,E,90,80,Chuvoso,1017,5,20,chuvoso
4390,410,False,7,BR,Brasil,SP,Botucatu,SE,False,-22.886,-48.445,False,True,cities,4390,Botucatu,09/09/2026,Quarta-feira,11:09:00,17,5,E,90,71,Chuvoso,1019,5,16,chuvoso
4391,411,False,7,BR,Brasil,SP,Bragança Paulista,SE,False,-22.952,-46.542,False,False,cities,4391,Bragança Paulista,09/09/2026,Quarta-feira,10:24:00,18,3,E,90,70,Nublado,1019,3,18,nublado
4392,2239,False,7,BR,Brasil,SP,Braúna,SE,False,-21.499,-50.316,False,False,cities,4392,Braúna,09/09/2026,Quarta-feira,10:24:00,19,10,E,90,80,Nublado,1017,3,19,nublado
4393,2240,False,7,BR,Brasil,SP,Brejo Alegre,SE,False,-21.166,-50.185,False,False,cities,4393,Brejo Alegre,09/09/2026,Quarta-feira,10:24:00,20,6,E,90,83,Nublado,1017,3,21,nublado
4394,2241,False,7,BR,Brasil,SP,Brodowski,SE,False,-20.991,-47.659,False,False,cities,4394,Brodowski,09/09/2026,Quarta-feira,10:24:00,19,7,E,80,71,Chuvoso,1018,5,19,chuvoso
4395,412,False,7,BR,Brasil,SP,Brotas,SE,False,-22.284,-48.127,False,True,cities,4395,Brotas,09/09/2026,Quarta-feira,11:09:00,17,14,E,90,69,Nublado,1020,3,15,nublado
4396,413,False,7,BR,Brasil,SP,Buri,SE,False,-23.798,-48.593,False,False,cities,4396,Buri,09/09/2026,Quarta-feira,11:09:00,17,3,E,90,77,Chuvoso,1019,5,17,chuvoso
4401,2085,False,7,BR,Brasil,SP,Buritama,SE,False,-21.066,-50.147,False,False,cities,4401,Buritama,09/09/2026,Quarta-feira,10:24:00,20,6,E,90,83,Nublado,1017,3,21,nublado
4402,2242,False,7,BR,Brasil,SP,Buritizal,SE,False,-20.191,-47.708,False,False,cities,4402,Buritizal,09/09/2026,Quarta-feira,10:24:00,20,3,ENE,75,71,Nublado,1018,3,21,nublado
4358,2243,False,7,BR,Brasil,SP,Bálsamo,SE,False,-20.735,-49.584,False,True,cities,4358,Bálsamo,09/09/2026,Quarta-feira,10:24:00,20,5,E,84,78,Nublado,1017,3,22,nublado
4442,414,False,7,BR,Brasil,SP,Cabreúva,SE,False,-23.308,-47.133,False,False,cities,4442,Cabreúva,09/09/2026,Quarta-feira,10:24:00,16,5,E,90,69,Chuvoso,1019,5,16,chuvoso
4441,2244,False,7,BR,Brasil,SP,Cabrália Paulista,SE,False,-22.456,-49.338,False,False,cities,4441,Cabrália Paulista,09/09/2026,Quarta-feira,10:24:00,18,4,E,90,76,Chuvoso,1018,5,19,chuvoso
4444,415,False,7,BR,Brasil,SP,Cachoeira Paulista,SE,False,-22.665,-45.009,False,False,cities,4444,Cachoeira Paulista,09/09/2026,Quarta-feira,10:24:00,18,6,ENE,79,75,Chuvoso,1018,5,18,chuvoso
4445,2245,False,7,BR,Brasil,SP,Caconde,SE,False,-21.529,-46.644,False,False,cities,4445,Caconde,09/09/2026,Quarta-feira,10:24:00,17,7,E,81,68,Sol com muitas nuvens,1020,2r,16,sol-com-muitas-nuvens
4446,2246,False,7,BR,Brasil,SP,Cafelândia,SE,False,-21.803,-49.61,False,True,cities,4446,Cafelândia,09/09/2026,Quarta-feira,10:24:00,20,8,E,90,82,Nublado,1018,3,20,nublado
4447,2247,False,7,BR,Brasil,SP,Caiabu,SE,False,-22.012,-51.236,False,False,cities,4447,Caiabu,09/09/2026,Quarta-feira,10:24:00,20,5,E,90,82,Chuvoso,1017,5,21,chuvoso
4448,416,False,7,BR,Brasil,SP,Caieiras,SE,False,-23.364,-46.741,False,False,cities,4448,Caieiras,09/09/2026,Quarta-feira,11:09:00,15,2,E,90,66,Chuvoso,1019,5,15,chuvoso
4449,2248,False,7,BR,Brasil,SP,Caiuá,SE,False,-21.832,-51.998,False,False,cities,4449,Caiuá,09/09/2026,Quarta-feira,11:09:00,19,7,E,90,83,Chuvoso,1016,5,20,chuvoso
4450,2183,False,7,BR,Brasil,SP,Cajamar,SE,False,-23.356,-46.877,False,False,cities,4450,Cajamar,09/09/2026,Quarta-feira,10:24:00,16,3,E,90,67,Chuvoso,1019,5,15,chuvoso
4451,2249,False,7,BR,Brasil,SP,Cajati,SE,False,-24.736,-48.123,False,False,cities,4451,Cajati,09/09/2026,Quarta-feira,10:24:00,17,3,E,90,93,Chuvoso,1019,5,18,chuvoso
4452,2250,False,7,BR,Brasil,SP,Cajobi,SE,False,-20.88,-48.809,False,True,cities,4452,Cajobi,09/09/2026,Quarta-feira,10:24:00,20,2,E,82,75,Nublado,1017,3,22,nublado
4453,2251,False,7,BR,Brasil,SP,Cajuru,SE,False,-21.275,-47.304,False,False,cities,4453,Cajuru,09/09/2026,Quarta-feira,10:24:00,19,9,E,81,69,Nublado,1018,3,18,nublado
4454,4132,False,7,BR,Brasil,SP,Camburi,SE,True,-23.767,-45.65,False,False,cities,4454,Camburi,09/09/2026,Quarta-feira,10:24:00,17,5,E,85,87,Chuvoso,1019,5,18,chuvoso
4455,417,False,7,BR,Brasil,SP,Campina do Monte Alegre,SE,False,-23.592,-48.477,False,True,cities,4455,Campina do Monte Alegre,09/09/2026,Quarta-feira,10:24:00,16,3,E,90,77,Chuvoso,1019,5,16,chuvoso
4721,5920,False,7,BR,Brasil,SP,Campinal,SE,False,-21.572,-51.978,False,False,cities,4721,Campinal,09/09/2026,Quarta-feira,11:09:00,20,6,E,90,85,Chuvoso,1016,5,21,chuvoso
4456,418,False,7,BR,Brasil,SP,Campinas,SE,False,-22.906,-47.061,False,True,cities,4456,Campinas,09/09/2026,Quarta-feira,10:24:00,18,5,E,90,73,Nublado,1019,3,18,nublado
4457,419,False,7,BR,Brasil,SP,Campo Limpo Paulista,SE,False,-23.206,-46.784,False,False,cities,4457,Campo Limpo Paulista,09/09/2026,Quarta-feira,10:24:00,15,4,E,90,64,Chuvoso,1019,5,14,chuvoso
4459,2270,False,7,BR,Brasil,SP,Campos Novos Paulista,SE,False,-22.603,-50.002,False,False,cities,4459,Campos Novos Paulista,09/09/2026,Quarta-feira,11:09:00,18,6,E,90,76,Chuvoso,1018,5,18,chuvoso
4458,420,False,7,BR,Brasil,SP,Campos do Jordão,SE,False,-22.739,-45.591,True,False,cities,4458,Campos do Jordão,09/09/2026,Quarta-feira,10:24:00,12,5,ESE,120,46,Nublado,1019,3,9,nublado
4460,1471,False,7,BR,Brasil,SP,Cananéia,SE,True,-25.015,-47.927,False,False,cities,4460,Cananéia,09/09/2026,Quarta-feira,11:09:00,16,4,E,87,95,Chuvoso,1019,5,17,chuvoso
4461,2252,False,7,BR,Brasil,SP,Canas,SE,False,-22.704,-45.055,False,False,cities,4461,Canas,09/09/2026,Quarta-feira,11:09:00,18,5,E,79,75,Chuvoso,1019,5,18,chuvoso
4464,2253,False,7,BR,Brasil,SP,Canitar,SE,False,-23.006,-49.783,False,False,cities,4464,Canitar,09/09/2026,Quarta-feira,10:24:00,18,5,E,90,81,Chuvoso,1018,5,18,chuvoso
4466,421,False,7,BR,Brasil,SP,Capela do Alto,SE,False,-23.471,-47.735,False,False,cities,4466,Capela do Alto,09/09/2026,Quarta-feira,10:24:00,17,3,E,90,75,Chuvoso,1020,5,17,chuvoso
4467,422,False,7,BR,Brasil,SP,Capivari,SE,False,-22.995,-47.508,False,False,cities,4467,Capivari,09/09/2026,Quarta-feira,10:24:00,19,5,E,90,76,Nublado,1019,3,19,nublado
4465,423,False,7,BR,Brasil,SP,Capão Bonito,SE,False,-24.006,-48.349,False,True,cities,4465,Capão Bonito,09/09/2026,Quarta-feira,11:09:00,15,3,E,90,72,Chuvoso,1019,5,15,chuvoso
4468,796,False,7,BR,Brasil,SP,Caraguatatuba,SE,True,-23.62,-45.413,False,False,cities,4468,Caraguatatuba,09/09/2026,Quarta-feira,10:24:00,19,5,E,84,90,Chuvoso,1019,5,20,chuvoso
4469,424,False,7,BR,Brasil,SP,Carapicuíba,SE,False,-23.522,-46.836,False,False,cities,4469,Carapicuíba,09/09/2026,Quarta-feira,10:24:00,17,2,E,90,74,Chuvoso,1019,5,17,chuvoso
4470,2254,False,7,BR,Brasil,SP,Cardoso,SE,False,-20.082,-49.914,False,False,cities,4470,Cardoso,09/09/2026,Quarta-feira,10:24:00,21,3,E,80,78,Nublado,1017,3,23,nublado
4471,425,False,7,BR,Brasil,SP,Casa Branca,SE,False,-21.774,-47.086,False,True,cities,4471,Casa Branca,09/09/2026,Quarta-feira,11:09:00,18,7,ENE,56,74,Nublado,1019,3,18,nublado
4473,2255,False,7,BR,Brasil,SP,Castilho,SE,False,-20.872,-51.488,False,False,cities,4473,Castilho,09/09/2026,Quarta-feira,10:24:00,20,3,E,90,83,Nublado,1017,3,22,nublado
4474,426,False,7,BR,Brasil,SP,Catanduva,SE,False,-21.138,-48.973,False,False,cities,4474,Catanduva,09/09/2026,Quarta-feira,11:09:00,20,3,E,90,75,Nublado,1017,3,22,nublado
4475,2256,False,7,BR,Brasil,SP,Catiguá,SE,False,-21.049,-49.058,False,False,cities,4475,Catiguá,09/09/2026,Quarta-feira,10:24:00,20,3,E,90,77,Chuvoso,1017,5,22,chuvoso
4443,427,False,7,BR,Brasil,SP,Caçapava,SE,False,-23.101,-45.707,False,False,cities,4443,Caçapava,09/09/2026,Quarta-feira,10:24:00,18,5,E,83,75,Chuvoso,1020,5,18,chuvoso
4476,2257,False,7,BR,Brasil,SP,Cedral,SE,False,-20.903,-49.268,False,False,cities,4476,Cedral,09/09/2026,Quarta-feira,10:24:00,21,4,E,90,78,Nublado,1017,3,22,nublado
4477,428,False,7,BR,Brasil,SP,Cerqueira César,SE,False,-23.036,-49.166,False,False,cities,4477,Cerqueira César,09/09/2026,Quarta-feira,10:24:00,16,2,E,90,71,Chuvoso,1019,5,16,chuvoso
4478,429,False,7,BR,Brasil,SP,Cerquilho,SE,False,-23.165,-47.744,False,False,cities,4478,Cerquilho,09/09/2026,Quarta-feira,10:24:00,18,5,E,90,78,Nublado,1019,3,18,nublado
4479,430,False,7,BR,Brasil,SP,Cesário Lange,SE,False,-23.227,-47.953,False,False,cities,4479,Cesário Lange,09/09/2026,Quarta-feira,10:24:00,17,4,E,90,76,Chuvoso,1019,5,17,chuvoso
4480,2258,False,7,BR,Brasil,SP,Charqueada,SE,False,-22.51,-47.778,False,False,cities,4480,Charqueada,09/09/2026,Quarta-feira,11:09:00,18,13,E,90,75,Nublado,1019,3,17,nublado
4481,2259,False,7,BR,Brasil,SP,Chavantes,SE,False,-23.039,-49.709,False,False,cities,4481,Chavantes,09/09/2026,Quarta-feira,10:24:00,18,4,E,90,79,Chuvoso,1018,5,18,chuvoso
4020,2260,False,7,BR,Brasil,SP,Clementina,SE,False,-21.56,-50.449,False,True,cities,4020,Clementina,09/09/2026,Quarta-feira,11:09:00,19,11,SSW,200,80,Nublado,1017,3,19,nublado
4021,2261,False,7,BR,Brasil,SP,Colina,SE,False,-20.713,-48.541,False,False,cities,4021,Colina,09/09/2026,Quarta-feira,10:24:00,20,2,E,80,72,Nublado,1017,3,21,nublado
4022,2262,False,7,BR,Brasil,SP,Colômbia,SE,False,-20.176,-48.689,False,False,cities,4022,Colômbia,09/09/2026,Quarta-feira,10:24:00,21,4,ENE,75,75,Nublado,1017,3,22,nublado
4029,2263,False,7,BR,Brasil,SP,Conchal,SE,False,-22.33,-47.172,False,True,cities,4029,Conchal,09/09/2026,Quarta-feira,11:09:00,18,8,E,90,74,Nublado,1019,3,17,nublado
4030,2264,False,7,BR,Brasil,SP,Conchas,SE,False,-23.015,-48.011,False,False,cities,4030,Conchas,09/09/2026,Quarta-feira,11:09:00,18,6,E,90,79,Chuvoso,1019,5,18,chuvoso
4035,2184,False,7,BR,Brasil,SP,Cordeirópolis,SE,False,-22.482,-47.457,False,False,cities,4035,Cordeirópolis,09/09/2026,Quarta-feira,10:24:00,18,10,E,90,73,Nublado,1019,3,17,nublado
4036,2265,False,7,BR,Brasil,SP,Coroados,SE,False,-21.352,-50.281,False,False,cities,4036,Coroados,09/09/2026,Quarta-feira,10:24:00,19,9,E,90,82,Nublado,1017,3,20,nublado
4037,2266,False,7,BR,Brasil,SP,Coronel Macedo,SE,False,-23.631,-49.314,False,True,cities,4037,Coronel Macedo,09/09/2026,Quarta-feira,10:24:00,17,4,E,90,77,Chuvoso,1018,5,17,chuvoso
4038,2267,False,7,BR,Brasil,SP,Corumbataí,SE,False,-22.22,-47.626,False,False,cities,4038,Corumbataí,09/09/2026,Quarta-feira,10:24:00,19,18,E,90,73,Nublado,1019,3,16,nublado
4040,2268,False,7,BR,Brasil,SP,Cosmorama,SE,False,-20.478,-49.778,False,False,cities,4040,Cosmorama,09/09/2026,Quarta-feira,11:09:00,20,3,E,82,77,Nublado,1017,3,22,nublado
4039,2269,False,7,BR,Brasil,SP,Cosmópolis,SE,False,-22.646,-47.196,False,False,cities,4039,Cosmópolis,09/09/2026,Quarta-feira,10:24:00,18,6,E,90,74,Nublado,1019,3,18,nublado
4041,431,False,7,BR,Brasil,SP,Cotia,SE,False,-23.604,-46.919,False,True,cities,4041,Cotia,09/09/2026,Quarta-feira,10:24:00,15,2,E,90,67,Chuvoso,1019,5,15,chuvoso
4042,2271,False,7,BR,Brasil,SP,Cravinhos,SE,False,-21.34,-47.729,False,False,cities,4042,Cravinhos,09/09/2026,Quarta-feira,10:24:00,19,9,E,82,72,Nublado,1018,3,18,nublado
4043,2272,False,7,BR,Brasil,SP,Cristais Paulista,SE,False,-20.397,-47.42,False,False,cities,4043,Cristais Paulista,09/09/2026,Quarta-feira,10:24:00,19,4,ENE,77,65,Nublado,1018,3,18,nublado
4045,432,False,7,BR,Brasil,SP,Cruzeiro,SE,False,-22.576,-44.963,False,False,cities,4045,Cruzeiro,09/09/2026,Quarta-feira,11:09:00,18,6,ENE,79,75,Nublado,1018,3,18,nublado
4044,2273,False,7,BR,Brasil,SP,Cruzália,SE,False,-22.736,-50.794,False,True,cities,4044,Cruzália,09/09/2026,Quarta-feira,11:09:00,18,5,E,90,86,Chuvoso,1017,5,19,chuvoso
4047,433,False,7,BR,Brasil,SP,Cubatão,SE,True,-23.895,-46.425,False,False,cities,4047,Cubatão,09/09/2026,Quarta-feira,10:24:00,17,0,E,90,86,Chuva e trovoadas,1018,6,18,chuva-e-trovoadas
4048,2274,False,7,BR,Brasil,SP,Cunha,SE,False,-23.074,-44.96,False,False,cities,4048,Cunha,09/09/2026,Quarta-feira,10:24:00,13,3,E,80,61,Chuvoso,1018,5,12,chuvoso
4472,2023,False,7,BR,Brasil,SP,Cássia dos Coqueiros,SE,False,-21.283,-47.17,False,False,cities,4472,Cássia dos Coqueiros,09/09/2026,Quarta-feira,10:24:00,18,9,E,81,65,Nublado,1019,3,17,nublado
4462,2275,False,7,BR,Brasil,SP,Cândido Mota,SE,False,-22.746,-50.387,False,False,cities,4462,Cândido Mota,09/09/2026,Quarta-feira,10:24:00,18,6,E,90,82,Chuvoso,1018,5,19,chuvoso
4463,2276,False,7,BR,Brasil,SP,Cândido Rodrigues,SE,False,-21.325,-48.631,False,False,cities,4463,Cândido Rodrigues,09/09/2026,Quarta-feira,11:09:00,19,3,E,84,73,Chuvoso,1017,5,20,chuvoso
4051,2277,False,7,BR,Brasil,SP,Descalvado,SE,False,-21.904,-47.619,False,True,cities,4051,Descalvado,09/09/2026,Quarta-feira,11:09:00,19,16,E,84,73,Nublado,1020,3,17,nublado
4052,434,False,7,BR,Brasil,SP,Diadema,SE,False,-23.686,-46.623,False,False,cities,4052,Diadema,09/09/2026,Quarta-feira,10:24:00,15,1,NW,320,72,Chuvoso,1019,5,15,chuvoso
4053,2278,False,7,BR,Brasil,SP,Dirce Reis,SE,False,-20.466,-50.606,False,False,cities,4053,Dirce Reis,09/09/2026,Quarta-feira,11:09:00,23,1,E,90,82,Nublado,1016,3,26,nublado
4054,2279,False,7,BR,Brasil,SP,Divinolândia,SE,False,-21.661,-46.739,False,True,cities,4054,Divinolândia,09/09/2026,Quarta-feira,11:09:00,15,7,E,81,59,Sol com muitas nuvens,1020,2r,13,sol-com-muitas-nuvens
4061,2280,False,7,BR,Brasil,SP,Dobrada,SE,False,-21.517,-48.394,False,False,cities,4061,Dobrada,09/09/2026,Quarta-feira,10:24:00,19,5,E,84,73,Nublado,1018,3,20,nublado
4062,2281,False,7,BR,Brasil,SP,Dois Córregos,SE,False,-22.366,-48.38,False,True,cities,4062,Dois Córregos,09/09/2026,Quarta-feira,10:24:00,17,10,E,90,72,Chuvoso,1019,5,16,chuvoso
4063,2282,False,7,BR,Brasil,SP,Dolcinópolis,SE,False,-20.123,-50.513,False,False,cities,4063,Dolcinópolis,09/09/2026,Quarta-feira,10:24:00,22,2,E,98,79,Nublado,1016,3,25,nublado
4064,435,False,7,BR,Brasil,SP,Dourado,SE,False,-22.1,-48.318,False,False,cities,4064,Dourado,09/09/2026,Quarta-feira,11:09:00,18,10,E,90,73,Nublado,1019,3,17,nublado
4069,436,False,7,BR,Brasil,SP,Dracena,SE,False,-21.482,-51.533,False,True,cities,4069,Dracena,09/09/2026,Quarta-feira,10:24:00,19,5,E,90,82,Chuvoso,1017,5,20,chuvoso
4075,437,False,7,BR,Brasil,SP,Duartina,SE,False,-22.414,-49.404,False,False,cities,4075,Duartina,09/09/2026,Quarta-feira,10:24:00,18,5,E,90,76,Nublado,1018,3,19,nublado
4076,2283,False,7,BR,Brasil,SP,Dumont,SE,False,-21.236,-47.973,False,False,cities,4076,Dumont,09/09/2026,Quarta-feira,10:24:00,18,6,E,82,72,Nublado,1018,3,18,nublado
4703,5898,False,7,BR,Brasil,SP,Duplo Céu,SE,False,-20.251,-49.551,False,False,cities,4703,Duplo Céu,09/09/2026,Quarta-feira,11:09:00,21,3,E,79,78,Nublado,1017,3,22,nublado
4077,2284,False,7,BR,Brasil,SP,Echaporã,SE,False,-22.429,-50.201,False,False,cities,4077,Echaporã,09/09/2026,Quarta-feira,10:24:00,19,7,E,90,78,Chuvoso,1017,5,19,chuvoso
4078,2285,False,7,BR,Brasil,SP,Eldorado,SE,False,-24.52,-48.108,False,False,cities,4078,Eldorado,09/09/2026,Quarta-feira,10:24:00,18,3,E,90,94,Nublado,1019,3,19,nublado
4079,2286,False,7,BR,Brasil,SP,Elias Fausto,SE,False,-23.043,-47.374,False,False,cities,4079,Elias Fausto,09/09/2026,Quarta-feira,10:24:00,18,5,E,90,74,Nublado,1019,3,18,nublado
5079,2287,False,7,BR,Brasil,SP,Elisiário,SE,False,-21.166,-49.112,False,False,cities,5079,Elisiário,09/09/2026,Quarta-feira,10:24:00,21,3,E,90,77,Chuvoso,1017,5,22,chuvoso
4080,2288,False,7,BR,Brasil,SP,Embaúba,SE,False,-20.982,-48.836,False,False,cities,4080,Embaúba,09/09/2026,Quarta-feira,10:24:00,21,2,E,83,76,Nublado,1017,3,22,nublado
4082,438,False,7,BR,Brasil,SP,Embu das Artes,SE,False,-23.649,-46.852,False,False,cities,4082,Embu das Artes,09/09/2026,Quarta-feira,11:09:00,16,2,SSE,160,70,Chuvoso,1019,5,15,chuvoso
4081,439,False,7,BR,Brasil,SP,Embu-Guaçu,SE,False,-23.832,-46.811,False,False,cities,4081,Embu-Guaçu,09/09/2026,Quarta-feira,11:09:00,15,1,E,90,72,Chuvoso,1018,5,15,chuvoso
4083,2289,False,7,BR,Brasil,SP,Emilianópolis,SE,False,-21.833,-51.483,False,False,cities,4083,Emilianópolis,09/09/2026,Quarta-feira,10:24:00,20,6,E,90,83,Chuvoso,1017,5,21,chuvoso
4084,2290,False,7,BR,Brasil,SP,Engenheiro Coelho,SE,False,-22.488,-47.215,False,False,cities,4084,Engenheiro Coelho,09/09/2026,Quarta-feira,10:24:00,18,7,E,90,73,Nublado,1019,3,17,nublado
4085,440,False,7,BR,Brasil,SP,Espírito Santo do Pinhal,SE,False,-22.19,-46.75,False,False,cities,4085,Espírito Santo do Pinhal,09/09/2026,Quarta-feira,11:09:00,17,3,E,83,69,Nublado,1020,3,17,nublado
4087,2291,False,7,BR,Brasil,SP,Espírito Santo do Turvo,SE,False,-22.692,-49.43,False,False,cities,4087,Espírito Santo do Turvo,09/09/2026,Quarta-feira,10:24:00,18,3,E,90,77,Chuvoso,1018,5,19,chuvoso
4088,2292,False,7,BR,Brasil,SP,Estiva Gerbi,SE,False,-22.271,-46.945,False,False,cities,4088,Estiva Gerbi,09/09/2026,Quarta-feira,11:09:00,18,5,E,84,73,Nublado,1019,3,18,nublado
4089,2293,False,7,BR,Brasil,SP,Estrela d'Oeste,SE,False,-20.288,-50.401,False,False,cities,4089,Estrela d'Oeste,09/09/2026,Quarta-feira,10:24:00,23,2,E,90,78,Nublado,1016,3,25,nublado
4115,2294,False,7,BR,Brasil,SP,Estrela do Norte,SE,False,-22.488,-51.66,False,False,cities,4115,Estrela do Norte,09/09/2026,Quarta-feira,11:09:00,19,7,E,90,85,Chuvoso,1017,5,20,chuvoso
4116,2295,False,7,BR,Brasil,SP,Euclides da Cunha Paulista,SE,False,-22.561,-52.59,False,False,cities,4116,Euclides da Cunha Paulista,09/09/2026,Quarta-feira,10:24:00,19,9,E,90,85,Chuvoso,1016,5,19,chuvoso
4131,2296,False,7,BR,Brasil,SP,Fartura,SE,False,-23.388,-49.51,False,True,cities,4131,Fartura,09/09/2026,Quarta-feira,10:24:00,18,4,E,90,77,Chuvoso,1018,5,18,chuvoso
4132,441,False,7,BR,Brasil,SP,Fernandópolis,SE,False,-20.284,-50.246,False,False,cities,4132,Fernandópolis,09/09/2026,Quarta-feira,10:24:00,22,2,E,82,77,Nublado,1017,3,24,nublado
4134,2297,False,7,BR,Brasil,SP,Fernão,SE,False,-22.359,-49.521,False,False,cities,4134,Fernão,09/09/2026,Quarta-feira,10:24:00,19,6,E,90,76,Chuvoso,1018,5,19,chuvoso
4135,442,False,7,BR,Brasil,SP,Ferraz de Vasconcelos,SE,False,-23.541,-46.369,False,False,cities,4135,Ferraz de Vasconcelos,09/09/2026,Quarta-feira,10:24:00,16,1,E,90,73,Chuvoso,1019,5,15,chuvoso
4138,2298,False,7,BR,Brasil,SP,Flora Rica,SE,False,-21.676,-51.384,False,False,cities,4138,Flora Rica,09/09/2026,Quarta-feira,10:24:00,20,5,E,90,83,Chuvoso,1017,5,21,chuvoso
4143,2300,False,7,BR,Brasil,SP,Florínia,SE,False,-22.903,-50.738,False,False,cities,4143,Florínia,09/09/2026,Quarta-feira,11:09:00,18,6,E,90,84,Chuvoso,1017,5,19,chuvoso
4142,2301,False,7,BR,Brasil,SP,Flórida Paulista,SE,False,-21.615,-51.174,False,False,cities,4142,Flórida Paulista,09/09/2026,Quarta-feira,11:09:00,20,6,E,90,83,Chuvoso,1017,5,21,chuvoso
4144,443,False,7,BR,Brasil,SP,Franca,SE,False,-20.539,-47.401,False,False,cities,4144,Franca,09/09/2026,Quarta-feira,10:24:00,19,5,ENE,77,65,Nublado,1018,3,18,nublado
4145,444,False,7,BR,Brasil,SP,Francisco Morato,SE,False,-23.282,-46.745,False,False,cities,4145,Francisco Morato,09/09/2026,Quarta-feira,10:24:00,16,3,E,90,66,Chuvoso,1019,5,15,chuvoso
4146,445,False,7,BR,Brasil,SP,Franco da Rocha,SE,False,-23.322,-46.727,False,False,cities,4146,Franco da Rocha,09/09/2026,Quarta-feira,11:09:00,15,2,E,90,66,Chuvoso,1019,5,15,chuvoso
4147,5592,False,7,BR,Brasil,SP,Frutal do Campo,SE,False,-22.843,-50.519,False,False,cities,4147,Frutal do Campo,09/09/2026,Quarta-feira,10:24:00,18,6,E,90,85,Chuvoso,1017,5,19,chuvoso
4148,2302,False,7,BR,Brasil,SP,Gabriel Monteiro,SE,False,-21.531,-50.555,False,False,cities,4148,Gabriel Monteiro,09/09/2026,Quarta-feira,11:09:00,19,10,E,90,81,Nublado,1017,3,19,nublado
4163,4881,False,7,BR,Brasil,SP,Gardênia,SE,False,-22.626,-50.904,False,False,cities,4163,Gardênia,09/09/2026,Quarta-feira,10:24:00,18,5,E,90,83,Chuvoso,1017,5,19,chuvoso
4156,446,False,7,BR,Brasil,SP,Garça,SE,False,-22.211,-49.656,False,False,cities,4156,Garça,09/09/2026,Quarta-feira,11:09:00,19,7,E,90,75,Nublado,1018,3,19,nublado
4164,2303,False,7,BR,Brasil,SP,Gastão Vidigal,SE,False,-20.799,-50.187,False,False,cities,4164,Gastão Vidigal,09/09/2026,Quarta-feira,11:09:00,21,4,E,90,82,Nublado,1017,3,24,nublado
4173,2304,False,7,BR,Brasil,SP,Gavião Peixoto,SE,False,-21.839,-48.495,False,False,cities,4173,Gavião Peixoto,09/09/2026,Quarta-feira,11:09:00,20,8,E,90,76,Nublado,1019,3,20,nublado
4174,447,False,7,BR,Brasil,SP,General Salgado,SE,False,-20.648,-50.361,False,False,cities,4174,General Salgado,09/09/2026,Quarta-feira,11:09:00,22,3,E,90,81,Nublado,1016,3,24,nublado
4175,2185,False,7,BR,Brasil,SP,Getulina,SE,False,-21.799,-49.929,False,False,cities,4175,Getulina,09/09/2026,Quarta-feira,10:24:00,20,10,E,90,81,Nublado,1017,3,20,nublado
4176,2305,False,7,BR,Brasil,SP,Glicério,SE,False,-21.376,-50.206,False,False,cities,4176,Glicério,09/09/2026,Quarta-feira,10:24:00,20,9,E,90,82,Nublado,1017,3,20,nublado
4177,4778,False,7,BR,Brasil,SP,Granja Viana,SE,False,-23.583,-46.833,False,False,cities,4177,Granja Viana,09/09/2026,Quarta-feira,11:09:00,16,2,SSE,160,70,Chuvoso,1019,5,15,chuvoso
4179,2306,False,7,BR,Brasil,SP,Guaimbê,SE,False,-21.91,-49.897,False,False,cities,4179,Guaimbê,09/09/2026,Quarta-feira,11:09:00,20,10,NE,50,80,Nublado,1017,3,20,nublado
4178,2307,False,7,BR,Brasil,SP,Guaiçara,SE,False,-21.622,-49.799,False,False,cities,4178,Guaiçara,09/09/2026,Quarta-feira,10:24:00,20,9,E,90,81,Nublado,1017,3,20,nublado
4182,448,False,7,BR,Brasil,SP,Guapiara,SE,False,-24.185,-48.533,False,True,cities,4182,Guapiara,09/09/2026,Quarta-feira,10:24:00,17,3,E,90,78,Chuvoso,1019,5,17,chuvoso
4181,2308,False,7,BR,Brasil,SP,Guapiaçu,SE,False,-20.795,-49.22,False,False,cities,4181,Guapiaçu,09/09/2026,Quarta-feira,10:24:00,20,3,E,83,76,Nublado,1017,3,21,nublado
4183,6144,False,7,BR,Brasil,SP,Guapiranga,SE,False,-21.518,-49.642,False,False,cities,4183,Guapiranga,09/09/2026,Quarta-feira,10:24:00,20,8,E,90,81,Chuvoso,1017,5,20,chuvoso
4198,2309,False,7,BR,Brasil,SP,Guaraci,SE,False,-20.499,-48.945,False,False,cities,4198,Guaraci,09/09/2026,Quarta-feira,10:24:00,20,3,E,80,77,Nublado,1017,3,22,nublado
4207,2310,False,7,BR,Brasil,SP,Guarani d'Oeste,SE,False,-20.075,-50.339,False,False,cities,4207,Guarani d'Oeste,09/09/2026,Quarta-feira,11:09:00,22,2,E,82,77,Nublado,1016,3,25,nublado
4210,2311,False,7,BR,Brasil,SP,Guarantã,SE,False,-21.895,-49.59,False,False,cities,4210,Guarantã,09/09/2026,Quarta-feira,10:24:00,20,8,E,90,81,Chuvoso,1018,5,20,chuvoso
4211,2312,False,7,BR,Brasil,SP,Guararapes,SE,False,-21.261,-50.643,False,True,cities,4211,Guararapes,09/09/2026,Quarta-feira,10:24:00,19,7,E,90,82,Nublado,1017,3,20,nublado
4212,2313,False,7,BR,Brasil,SP,Guararema,SE,False,-23.415,-46.035,False,False,cities,4212,Guararema,09/09/2026,Quarta-feira,10:24:00,16,3,E,90,74,Chuvoso,1019,5,17,chuvoso
4231,449,False,7,BR,Brasil,SP,Guaratinguetá,SE,False,-22.816,-45.192,False,True,cities,4231,Guaratinguetá,09/09/2026,Quarta-feira,10:24:00,16,5,E,80,71,Chuvoso,1019,5,16,chuvoso
4184,2314,False,7,BR,Brasil,SP,Guaraçaí,SE,False,-21.028,-51.207,False,False,cities,4184,Guaraçaí,09/09/2026,Quarta-feira,11:09:00,20,3,E,90,82,Nublado,1017,3,21,nublado
4232,2315,False,7,BR,Brasil,SP,Guareí,SE,False,-23.373,-48.184,False,False,cities,4232,Guareí,09/09/2026,Quarta-feira,10:24:00,16,3,E,90,77,Chuvoso,1019,5,16,chuvoso
4233,2316,False,7,BR,Brasil,SP,Guariba,SE,False,-21.36,-48.228,False,False,cities,4233,Guariba,09/09/2026,Quarta-feira,10:24:00,18,4,E,83,72,Nublado,1018,3,18,nublado
4234,798,False,7,BR,Brasil,SP,Guarujá,SE,True,-23.993,-46.256,True,False,cities,4234,Guarujá,09/09/2026,Quarta-feira,11:09:00,17,2,E,90,95,Chuva e trovoadas,1018,6,19,chuva-e-trovoadas
4235,450,False,7,BR,Brasil,SP,Guarulhos,SE,False,-23.463,-46.533,False,False,cities,4235,Guarulhos,09/09/2026,Quarta-feira,10:24:00,16,1,NNE,30,73,Chuvoso,1019,5,16,chuvoso
4226,2317,False,7,BR,Brasil,SP,Guará,SE,False,-20.428,-47.824,False,False,cities,4226,Guará,09/09/2026,Quarta-feira,10:24:00,20,4,NW,323,73,Nublado,1017,3,21,nublado
4236,2318,False,7,BR,Brasil,SP,Guatapará,SE,False,-21.497,-48.038,False,False,cities,4236,Guatapará,09/09/2026,Quarta-feira,11:09:00,19,7,E,83,73,Nublado,1019,3,19,nublado
4180,451,False,7,BR,Brasil,SP,Guaíra,SE,False,-20.318,-48.311,False,True,cities,4180,Guaíra,09/09/2026,Quarta-feira,10:24:00,20,4,ENE,76,73,Nublado,1017,3,21,nublado
4237,2319,False,7,BR,Brasil,SP,Guzolândia,SE,False,-20.65,-50.662,False,False,cities,4237,Guzolândia,09/09/2026,Quarta-feira,11:09:00,21,1,E,90,82,Nublado,1016,3,24,nublado
4155,2320,False,7,BR,Brasil,SP,Gália,SE,False,-22.291,-49.553,False,False,cities,4155,Gália,09/09/2026,Quarta-feira,11:09:00,19,7,E,90,76,Nublado,1018,3,19,nublado
4238,2321,False,7,BR,Brasil,SP,Herculândia,SE,False,-22.004,-50.385,False,False,cities,4238,Herculândia,09/09/2026,Quarta-feira,11:09:00,20,9,E,90,80,Chuvoso,1017,5,20,chuvoso
4239,2322,False,7,BR,Brasil,SP,Holambra,SE,False,-22.633,-47.056,False,False,cities,4239,Holambra,09/09/2026,Quarta-feira,10:24:00,18,5,E,90,74,Nublado,1019,3,18,nublado
4240,2186,False,7,BR,Brasil,SP,Hortolândia,SE,False,-22.858,-47.22,False,False,cities,4240,Hortolândia,09/09/2026,Quarta-feira,10:24:00,18,5,E,90,74,Nublado,1018,3,18,nublado
4241,2323,False,7,BR,Brasil,SP,Iacanga,SE,False,-21.89,-49.025,False,False,cities,4241,Iacanga,09/09/2026,Quarta-feira,11:09:00,19,5,E,90,78,Chuvoso,1018,5,19,chuvoso
4242,2324,False,7,BR,Brasil,SP,Iacri,SE,False,-21.858,-50.689,False,False,cities,4242,Iacri,09/09/2026,Quarta-feira,11:09:00,20,8,E,90,80,Chuvoso,1017,5,20,chuvoso
4243,2325,False,7,BR,Brasil,SP,Iaras,SE,False,-22.871,-49.163,False,False,cities,4243,Iaras,09/09/2026,Quarta-feira,11:09:00,17,2,E,90,76,Chuvoso,1019,5,18,chuvoso
4244,2326,False,7,BR,Brasil,SP,Ibaté,SE,False,-21.955,-47.997,False,False,cities,4244,Ibaté,09/09/2026,Quarta-feira,11:09:00,18,16,E,90,68,Nublado,1020,3,16,nublado
4245,6939,False,7,BR,Brasil,SP,Ibiporanga,SE,False,-20.477,-49.574,False,False,cities,4245,Ibiporanga,09/09/2026,Quarta-feira,11:09:00,20,4,E,82,77,Nublado,1017,3,22,nublado
4246,2327,False,7,BR,Brasil,SP,Ibirarema,SE,False,-22.817,-50.073,False,False,cities,4246,Ibirarema,09/09/2026,Quarta-feira,10:24:00,18,5,E,90,84,Chuvoso,1018,5,19,chuvoso
4247,2328,False,7,BR,Brasil,SP,Ibirá,SE,False,-21.08,-49.241,False,False,cities,4247,Ibirá,09/09/2026,Quarta-feira,10:24:00,21,4,E,90,78,Chuvoso,1017,5,22,chuvoso
4249,452,False,7,BR,Brasil,SP,Ibitinga,SE,False,-21.758,-48.829,False,False,cities,4249,Ibitinga,09/09/2026,Quarta-feira,10:24:00,19,4,E,90,79,Chuvoso,1018,5,20,chuvoso
4250,5593,False,7,BR,Brasil,SP,Ibitiuva,SE,False,-20.999,-48.329,False,False,cities,4250,Ibitiuva,09/09/2026,Quarta-feira,11:09:00,19,2,E,81,72,Chuvoso,1017,5,20,chuvoso
4251,453,False,7,BR,Brasil,SP,Ibiúna,SE,False,-23.656,-47.223,False,False,cities,4251,Ibiúna,09/09/2026,Quarta-feira,10:24:00,15,3,E,90,66,Chuvoso,1019,5,14,chuvoso
4252,2329,False,7,BR,Brasil,SP,Icém,SE,False,-20.342,-49.195,False,False,cities,4252,Icém,09/09/2026,Quarta-feira,10:24:00,20,3,ENE,79,80,Nublado,1017,3,22,nublado
4253,454,False,7,BR,Brasil,SP,Iepê,SE,False,-22.661,-51.076,False,True,cities,4253,Iepê,09/09/2026,Quarta-feira,11:09:00,18,5,E,90,82,Chuvoso,1017,5,18,chuvoso
4266,2330,False,7,BR,Brasil,SP,Igarapava,SE,False,-20.038,-47.747,False,False,cities,4266,Igarapava,09/09/2026,Quarta-feira,11:09:00,21,5,ENE,74,73,Nublado,1018,3,22,nublado
4271,2331,False,7,BR,Brasil,SP,Igaratá,SE,False,-23.204,-46.156,False,False,cities,4271,Igaratá,09/09/2026,Quarta-feira,11:09:00,17,3,E,90,70,Chuvoso,1020,5,17,chuvoso
4255,2332,False,7,BR,Brasil,SP,Igaraçu do Tietê,SE,False,-22.509,-48.558,False,False,cities,4255,Igaraçu do Tietê,09/09/2026,Quarta-feira,10:24:00,18,5,N,8,79,Chuvoso,1019,5,18,chuvoso
4258,5040,False,7,BR,Brasil,SP,Igaraí,SE,False,-21.409,-46.81,False,False,cities,4258,Igaraí,09/09/2026,Quarta-feira,11:09:00,18,8,E,80,70,Sol com muitas nuvens,1019,2r,18,sol-com-muitas-nuvens
4272,1474,False,7,BR,Brasil,SP,Iguape,SE,True,-24.708,-47.58,False,False,cities,4272,Iguape,09/09/2026,Quarta-feira,11:09:00,17,6,E,90,95,Chuvoso,1018,5,17,chuvoso
4274,2074,False,7,BR,Brasil,SP,Ilha Comprida,SE,True,-24.741,-47.58,False,False,cities,4274,Ilha Comprida,09/09/2026,Quarta-feira,11:09:00,17,6,E,90,95,Chuvoso,1018,5,17,chuvoso
4289,2333,False,7,BR,Brasil,SP,Ilha Solteira,SE,False,-20.433,-51.343,False,False,cities,4289,Ilha Solteira,09/09/2026,Quarta-feira,11:09:00,21,2,E,90,85,Nublado,1016,3,24,nublado
4288,5594,False,7,BR,Brasil,SP,Ilha do Cardoso,SE,False,-25.1,-47.95,False,False,cities,4288,Ilha do Cardoso,09/09/2026,Quarta-feira,10:24:00,15,4,E,90,90,Nublado,1019,3,15,nublado
4273,799,False,7,BR,Brasil,SP,Ilhabela,SE,True,-23.8,-45.358,True,False,cities,4273,Ilhabela,09/09/2026,Quarta-feira,11:09:00,17,5,E,84,83,Chuvoso,1018,5,18,chuvoso
4290,455,False,7,BR,Brasil,SP,Indaiatuba,SE,False,-23.09,-47.218,False,False,cities,4290,Indaiatuba,09/09/2026,Quarta-feira,11:09:00,18,5,E,90,74,Nublado,1019,3,18,nublado
4291,2334,False,7,BR,Brasil,SP,Indiana,SE,False,-22.174,-51.252,False,False,cities,4291,Indiana,09/09/2026,Quarta-feira,11:09:00,19,5,E,90,81,Chuvoso,1017,5,20,chuvoso
4292,2335,False,7,BR,Brasil,SP,Indiaporã,SE,False,-19.98,-50.29,False,False,cities,4292,Indiaporã,09/09/2026,Quarta-feira,10:24:00,22,2,E,80,78,Nublado,1016,3,24,nublado
4293,2336,False,7,BR,Brasil,SP,Inúbia Paulista,SE,False,-21.77,-50.962,False,False,cities,4293,Inúbia Paulista,09/09/2026,Quarta-feira,11:09:00,19,7,E,90,80,Chuvoso,1017,5,20,chuvoso
3810,2337,False,7,BR,Brasil,SP,Ipauçu,SE,False,-23.057,-49.626,False,False,cities,3810,Ipauçu,09/09/2026,Quarta-feira,10:24:00,18,4,E,90,77,Chuvoso,1018,5,18,chuvoso
3811,456,False,7,BR,Brasil,SP,Iperó,SE,False,-23.35,-47.689,False,False,cities,3811,Iperó,09/09/2026,Quarta-feira,10:24:00,17,4,E,90,76,Chuvoso,1020,5,18,chuvoso
3812,2075,False,7,BR,Brasil,SP,Ipeúna,SE,False,-22.436,-47.719,False,False,cities,3812,Ipeúna,09/09/2026,Quarta-feira,11:09:00,18,16,E,90,72,Nublado,1019,3,16,nublado
3813,2338,False,7,BR,Brasil,SP,Ipiguá,SE,False,-20.657,-49.387,False,False,cities,3813,Ipiguá,09/09/2026,Quarta-feira,10:24:00,21,4,E,82,78,Nublado,1017,3,22,nublado
3814,2339,False,7,BR,Brasil,SP,Iporanga,SE,False,-24.586,-48.593,False,False,cities,3814,Iporanga,09/09/2026,Quarta-feira,10:24:00,16,3,E,90,85,Nublado,1019,3,17,nublado
3815,2340,False,7,BR,Brasil,SP,Ipuã,SE,False,-20.438,-48.012,False,False,cities,3815,Ipuã,09/09/2026,Quarta-feira,10:24:00,20,4,ENE,77,72,Nublado,1017,3,21,nublado
3816,2341,False,7,BR,Brasil,SP,Iracemápolis,SE,False,-22.581,-47.519,False,False,cities,3816,Iracemápolis,09/09/2026,Quarta-feira,11:09:00,18,9,E,90,73,Nublado,1018,3,17,nublado
3818,2342,False,7,BR,Brasil,SP,Irapuru,SE,False,-21.571,-51.345,False,False,cities,3818,Irapuru,09/09/2026,Quarta-feira,10:24:00,20,5,E,90,83,Chuvoso,1017,5,21,chuvoso
3817,2343,False,7,BR,Brasil,SP,Irapuã,SE,False,-21.279,-49.409,False,False,cities,3817,Irapuã,09/09/2026,Quarta-feira,10:24:00,20,5,E,90,79,Chuvoso,1017,5,21,chuvoso
3819,2344,False,7,BR,Brasil,SP,Itaberá,SE,False,-23.862,-49.137,False,True,cities,3819,Itaberá,09/09/2026,Quarta-feira,10:24:00,17,4,E,90,75,Chuvoso,1019,5,17,chuvoso
3821,2345,False,7,BR,Brasil,SP,Itajobi,SE,False,-21.318,-49.054,False,True,cities,3821,Itajobi,09/09/2026,Quarta-feira,11:09:00,20,4,E,90,78,Chuvoso,1017,5,21,chuvoso
3822,2346,False,7,BR,Brasil,SP,Itaju,SE,False,-21.981,-48.805,False,False,cities,3822,Itaju,09/09/2026,Quarta-feira,10:24:00,19,5,E,90,78,Nublado,1018,3,19,nublado
3823,457,False,7,BR,Brasil,SP,Itanhaém,SE,True,-24.183,-46.789,False,False,cities,3823,Itanhaém,09/09/2026,Quarta-feira,10:24:00,18,1,E,90,94,Chuvoso,1018,5,20,chuvoso
3825,458,False,7,BR,Brasil,SP,Itapecerica da Serra,SE,False,-23.717,-46.849,False,False,cities,3825,Itapecerica da Serra,09/09/2026,Quarta-feira,10:24:00,15,1,E,90,69,Chuvoso,1019,5,14,chuvoso
3826,459,False,7,BR,Brasil,SP,Itapetininga,SE,False,-23.592,-48.053,False,True,cities,3826,Itapetininga,09/09/2026,Quarta-feira,10:24:00,16,3,E,90,75,Chuvoso,1019,5,16,chuvoso
3827,460,False,7,BR,Brasil,SP,Itapeva,SE,False,-23.982,-48.876,False,True,cities,3827,Itapeva,09/09/2026,Quarta-feira,10:24:00,16,3,SSW,207,70,Chuvoso,1019,5,15,chuvoso
3828,461,False,7,BR,Brasil,SP,Itapevi,SE,False,-23.549,-46.934,False,False,cities,3828,Itapevi,09/09/2026,Quarta-feira,10:24:00,16,3,E,90,67,Chuvoso,1019,5,15,chuvoso
3830,2347,False,7,BR,Brasil,SP,Itapira,SE,False,-22.436,-46.822,False,False,cities,3830,Itapira,09/09/2026,Quarta-feira,10:24:00,18,3,WSW,258,73,Nublado,1019,3,19,nublado
3829,2348,False,7,BR,Brasil,SP,Itapirapuã Paulista,SE,False,-24.574,-49.168,False,False,cities,3829,Itapirapuã Paulista,09/09/2026,Quarta-feira,11:09:00,14,4,E,83,78,Nublado,1019,3,13,nublado
3832,2349,False,7,BR,Brasil,SP,Itaporanga,SE,False,-23.708,-49.49,False,True,cities,3832,Itaporanga,09/09/2026,Quarta-feira,10:24:00,17,4,E,90,77,Chuvoso,1018,5,17,chuvoso
3834,2350,False,7,BR,Brasil,SP,Itapura,SE,False,-20.646,-51.509,False,True,cities,3834,Itapura,09/09/2026,Quarta-feira,10:24:00,20,2,E,90,83,Nublado,1016,3,22,nublado
3833,2351,False,7,BR,Brasil,SP,Itapuí,SE,False,-22.233,-48.719,False,False,cities,3833,Itapuí,09/09/2026,Quarta-feira,11:09:00,18,5,E,90,78,Nublado,1018,3,19,nublado
3835,800,False,7,BR,Brasil,SP,Itaquaquecetuba,SE,False,-23.486,-46.348,False,False,cities,3835,Itaquaquecetuba,09/09/2026,Quarta-feira,10:24:00,16,1,E,90,73,Chuvoso,1019,5,15,chuvoso
3836,2076,False,7,BR,Brasil,SP,Itararé,SE,True,-24.113,-49.332,False,True,cities,3836,Itararé,09/09/2026,Quarta-feira,10:24:00,16,4,E,90,72,Nublado,1019,3,15,nublado
3837,2352,False,7,BR,Brasil,SP,Itariri,SE,True,-24.289,-47.174,False,False,cities,3837,Itariri,09/09/2026,Quarta-feira,11:09:00,17,5,E,90,87,Chuvoso,1018,5,17,chuvoso
3838,462,False,7,BR,Brasil,SP,Itatiba,SE,False,-23.006,-46.839,False,False,cities,3838,Itatiba,09/09/2026,Quarta-feira,10:24:00,17,4,E,90,71,Chuvoso,1019,5,17,chuvoso
3839,2353,False,7,BR,Brasil,SP,Itatinga,SE,False,-23.102,-48.616,False,False,cities,3839,Itatinga,09/09/2026,Quarta-feira,10:24:00,17,3,E,90,73,Chuvoso,1019,5,17,chuvoso
3820,463,False,7,BR,Brasil,SP,Itaí,SE,False,-23.418,-49.091,False,True,cities,3820,Itaí,09/09/2026,Quarta-feira,10:24:00,17,2,E,90,76,Chuvoso,1019,5,18,chuvoso
3824,2354,False,7,BR,Brasil,SP,Itaóca,SE,False,-24.64,-48.843,False,False,cities,3824,Itaóca,09/09/2026,Quarta-feira,10:24:00,16,3,E,90,85,Nublado,1019,3,16,nublado
3840,2355,False,7,BR,Brasil,SP,Itirapina,SE,False,-22.253,-47.823,False,False,cities,3840,Itirapina,09/09/2026,Quarta-feira,11:09:00,17,18,E,90,65,Nublado,1020,3,14,nublado
3841,2356,False,7,BR,Brasil,SP,Itirapuã,SE,False,-20.641,-47.219,False,False,cities,3841,Itirapuã,09/09/2026,Quarta-feira,10:24:00,19,7,ENE,78,66,Nublado,1018,3,18,nublado
3842,2357,False,7,BR,Brasil,SP,Itobi,SE,False,-21.737,-46.975,False,False,cities,3842,Itobi,09/09/2026,Quarta-feira,10:24:00,18,7,E,82,71,Nublado,1019,3,17,nublado
3843,5132,False,7,BR,Brasil,SP,Itororó do Paranapanem,SE,False,-22.61,-51.721,False,False,cities,3843,Itororó do Paranapanem,09/09/2026,Quarta-feira,11:09:00,19,8,E,90,86,Chuvoso,1017,5,19,chuvoso
3845,464,False,7,BR,Brasil,SP,Itu,SE,False,-23.264,-47.299,False,False,cities,3845,Itu,09/09/2026,Quarta-feira,10:24:00,18,5,E,90,75,Chuvoso,1019,5,18,chuvoso
3844,465,False,7,BR,Brasil,SP,Itupeva,SE,False,-23.153,-47.058,False,False,cities,3844,Itupeva,09/09/2026,Quarta-feira,10:24:00,17,5,E,90,69,Nublado,1019,3,16,nublado
3846,466,False,7,BR,Brasil,SP,Ituverava,SE,False,-20.339,-47.781,False,True,cities,3846,Ituverava,09/09/2026,Quarta-feira,10:24:00,20,4,NW,323,73,Nublado,1017,3,21,nublado
3831,467,False,7,BR,Brasil,SP,Itápolis,SE,False,-21.596,-48.813,False,True,cities,3831,Itápolis,09/09/2026,Quarta-feira,11:09:00,19,4,E,90,80,Chuvoso,1018,5,21,chuvoso
3847,2358,False,7,BR,Brasil,SP,Jaborandi,SE,False,-20.688,-48.413,False,False,cities,3847,Jaborandi,09/09/2026,Quarta-feira,10:24:00,20,2,E,80,73,Chuvoso,1017,5,21,chuvoso
3848,468,False,7,BR,Brasil,SP,Jaboticabal,SE,False,-21.255,-48.322,False,True,cities,3848,Jaboticabal,09/09/2026,Quarta-feira,11:09:00,19,3,E,83,72,Chuvoso,1018,5,19,chuvoso
3849,469,False,7,BR,Brasil,SP,Jacareí,SE,False,-23.305,-45.966,False,False,cities,3849,Jacareí,09/09/2026,Quarta-feira,10:24:00,17,3,E,84,75,Chuvoso,1020,5,18,chuvoso
3850,6830,False,7,BR,Brasil,SP,Jacaré,SE,False,-23.242,-47.059,False,False,cities,3850,Jacaré,09/09/2026,Quarta-feira,11:09:00,16,5,E,90,69,Chuvoso,1019,5,16,chuvoso
3851,2359,False,7,BR,Brasil,SP,Jaci,SE,False,-20.882,-49.57,False,False,cities,3851,Jaci,09/09/2026,Quarta-feira,10:24:00,20,5,E,90,78,Nublado,1017,3,22,nublado
3852,1476,False,7,BR,Brasil,SP,Jacupiranga,SE,False,-24.692,-48.002,False,False,cities,3852,Jacupiranga,09/09/2026,Quarta-feira,10:24:00,16,4,E,90,94,Chuvoso,1019,5,17,chuvoso
3854,1623,False,7,BR,Brasil,SP,Jaguariúna,SE,False,-22.706,-46.986,False,False,cities,3854,Jaguariúna,09/09/2026,Quarta-feira,10:24:00,18,4,E,90,74,Nublado,1019,3,18,nublado
3856,470,False,7,BR,Brasil,SP,Jales,SE,False,-20.269,-50.546,False,False,cities,3856,Jales,09/09/2026,Quarta-feira,10:24:00,22,1,E,90,78,Nublado,1016,3,25,nublado
3857,2360,False,7,BR,Brasil,SP,Jambeiro,SE,False,-23.254,-45.688,False,False,cities,3857,Jambeiro,09/09/2026,Quarta-feira,10:24:00,15,4,E,84,66,Chuvoso,1020,5,14,chuvoso
3861,2361,False,7,BR,Brasil,SP,Jandira,SE,False,-23.527,-46.902,False,False,cities,3861,Jandira,09/09/2026,Quarta-feira,10:24:00,16,3,E,90,67,Chuvoso,1019,5,15,chuvoso
3862,2362,False,7,BR,Brasil,SP,Jardinópolis,SE,False,-21.018,-47.764,False,False,cities,3862,Jardinópolis,09/09/2026,Quarta-feira,10:24:00,19,6,E,80,73,Chuvoso,1018,5,19,chuvoso
3864,2363,False,7,BR,Brasil,SP,Jarinu,SE,False,-23.101,-46.728,False,False,cities,3864,Jarinu,09/09/2026,Quarta-feira,10:24:00,16,3,E,90,66,Nublado,1019,3,15,nublado
3866,801,False,7,BR,Brasil,SP,Jaú,SE,False,-22.296,-48.558,False,True,cities,3866,Jaú,09/09/2026,Quarta-feira,11:09:00,18,6,E,90,75,Nublado,1019,3,18,nublado
3867,2364,False,7,BR,Brasil,SP,Jeriquara,SE,False,-20.311,-47.589,False,False,cities,3867,Jeriquara,09/09/2026,Quarta-feira,10:24:00,19,3,ENE,76,65,Nublado,1018,3,19,nublado
3869,2077,False,7,BR,Brasil,SP,Joanópolis,SE,False,-22.93,-46.276,False,False,cities,3869,Joanópolis,09/09/2026,Quarta-feira,11:09:00,16,3,E,90,60,Nublado,1020,3,15,nublado
3872,6966,False,7,BR,Brasil,SP,Joaquim Egídio,SE,False,-22.888,-46.943,False,False,cities,3872,Joaquim Egídio,09/09/2026,Quarta-feira,10:24:00,18,4,E,90,72,Nublado,1019,3,18,nublado
3873,471,False,7,BR,Brasil,SP,José Bonifácio,SE,False,-21.053,-49.688,False,False,cities,3873,José Bonifácio,09/09/2026,Quarta-feira,11:09:00,20,5,E,90,79,Chuvoso,1017,5,21,chuvoso
3871,2365,False,7,BR,Brasil,SP,João Ramalho,SE,False,-22.25,-50.768,False,False,cities,3871,João Ramalho,09/09/2026,Quarta-feira,10:24:00,18,5,E,90,78,Chuvoso,1017,5,18,chuvoso
3876,472,False,7,BR,Brasil,SP,Jumirim,SE,False,-23.087,-47.784,False,False,cities,3876,Jumirim,09/09/2026,Quarta-feira,10:24:00,18,5,E,90,78,Chuvoso,1019,5,18,chuvoso
3877,473,False,7,BR,Brasil,SP,Jundiaí,SE,False,-23.186,-46.884,False,False,cities,3877,Jundiaí,09/09/2026,Quarta-feira,10:24:00,16,4,E,90,65,Chuvoso,1019,5,15,chuvoso
3878,2366,False,7,BR,Brasil,SP,Junqueirópolis,SE,False,-21.515,-51.434,False,False,cities,3878,Junqueirópolis,09/09/2026,Quarta-feira,10:24:00,19,5,E,90,82,Chuvoso,1017,5,20,chuvoso
3879,5618,False,7,BR,Brasil,SP,Juqueí,SE,True,-23.767,-45.717,False,False,cities,3879,Juqueí,09/09/2026,Quarta-feira,11:09:00,17,5,E,85,87,Chuvoso,1019,5,18,chuvoso
3881,5595,False,7,BR,Brasil,SP,Juquiratiba,SE,False,-22.966,-48.098,False,False,cities,3881,Juquiratiba,09/09/2026,Quarta-feira,11:09:00,17,6,E,90,80,Chuvoso,1019,5,17,chuvoso
3882,474,False,7,BR,Brasil,SP,Juquitiba,SE,False,-23.932,-47.068,False,False,cities,3882,Juquitiba,09/09/2026,Quarta-feira,11:09:00,14,2,E,90,67,Chuvoso,1019,5,14,chuvoso
3880,2367,False,7,BR,Brasil,SP,Juquiá,SE,False,-24.321,-47.635,False,False,cities,3880,Juquiá,09/09/2026,Quarta-feira,10:24:00,16,5,E,90,89,Chuvoso,1019,5,17,chuvoso
3874,2368,False,7,BR,Brasil,SP,Júlio Mesquita,SE,False,-22.009,-49.787,False,False,cities,3874,Júlio Mesquita,09/09/2026,Quarta-feira,11:09:00,20,9,E,90,81,Nublado,1017,3,20,nublado
3898,2369,False,7,BR,Brasil,SP,Lagoinha,SE,False,-23.091,-45.19,False,False,cities,3898,Lagoinha,09/09/2026,Quarta-feira,10:24:00,15,4,E,81,67,Chuvoso,1019,5,14,chuvoso
3899,475,False,7,BR,Brasil,SP,Laranjal Paulista,SE,False,-23.05,-47.837,False,False,cities,3899,Laranjal Paulista,09/09/2026,Quarta-feira,10:24:00,18,6,E,90,79,Chuvoso,1019,5,18,chuvoso
3901,2370,False,7,BR,Brasil,SP,Lavrinhas,SE,False,-22.571,-44.902,False,False,cities,3901,Lavrinhas,09/09/2026,Quarta-feira,11:09:00,18,6,ENE,79,75,Nublado,1018,3,18,nublado
3900,2371,False,7,BR,Brasil,SP,Lavínia,SE,False,-21.168,-51.04,False,False,cities,3900,Lavínia,09/09/2026,Quarta-feira,10:24:00,20,4,E,90,83,Nublado,1016,3,21,nublado
3902,476,False,7,BR,Brasil,SP,Leme,SE,False,-22.186,-47.39,False,False,cities,3902,Leme,09/09/2026,Quarta-feira,10:24:00,18,16,E,84,73,Nublado,1020,3,16,nublado
3903,477,False,7,BR,Brasil,SP,Lençóis Paulista,SE,False,-22.599,-48.8,False,True,cities,3903,Lençóis Paulista,09/09/2026,Quarta-feira,10:24:00,17,3,E,90,75,Chuvoso,1019,5,18,chuvoso
3904,478,False,7,BR,Brasil,SP,Limeira,SE,False,-22.565,-47.402,False,True,cities,3904,Limeira,09/09/2026,Quarta-feira,10:24:00,18,8,E,90,74,Nublado,1018,3,17,nublado
3905,479,False,7,BR,Brasil,SP,Lindóia,SE,False,-22.523,-46.65,False,False,cities,3905,Lindóia,09/09/2026,Quarta-feira,10:24:00,17,3,E,90,68,Nublado,1019,3,17,nublado
3906,480,False,7,BR,Brasil,SP,Lins,SE,False,-21.679,-49.742,False,False,cities,3906,Lins,09/09/2026,Quarta-feira,10:24:00,20,8,E,90,81,Nublado,1017,3,20,nublado
3907,481,False,7,BR,Brasil,SP,Lorena,SE,False,-22.731,-45.125,False,False,cities,3907,Lorena,09/09/2026,Quarta-feira,11:09:00,18,5,E,79,75,Chuvoso,1019,5,18,chuvoso
3908,2372,False,7,BR,Brasil,SP,Lourdes,SE,False,-20.967,-50.224,False,False,cities,3908,Lourdes,09/09/2026,Quarta-feira,11:09:00,20,5,E,90,82,Nublado,1017,3,22,nublado
3911,2187,False,7,BR,Brasil,SP,Louveira,SE,False,-23.086,-46.951,False,False,cities,3911,Louveira,09/09/2026,Quarta-feira,10:24:00,16,5,E,90,67,Nublado,1019,3,15,nublado
3914,2373,False,7,BR,Brasil,SP,Lucianópolis,SE,False,-22.431,-49.523,False,False,cities,3914,Lucianópolis,09/09/2026,Quarta-feira,11:09:00,19,6,E,90,76,Chuvoso,1018,5,19,chuvoso
3912,482,False,7,BR,Brasil,SP,Lucélia,SE,False,-21.72,-51.019,False,False,cities,3912,Lucélia,09/09/2026,Quarta-feira,10:24:00,20,6,E,90,83,Chuvoso,1017,5,21,chuvoso
3916,2374,False,7,BR,Brasil,SP,Luiziânia,SE,False,-21.676,-50.327,False,False,cities,3916,Luiziânia,09/09/2026,Quarta-feira,10:24:00,20,11,E,90,81,Nublado,1017,3,19,nublado
3917,2375,False,7,BR,Brasil,SP,Lupércio,SE,False,-22.415,-49.817,False,False,cities,3917,Lupércio,09/09/2026,Quarta-feira,10:24:00,19,7,E,90,76,Chuvoso,1018,5,19,chuvoso
3919,2376,False,7,BR,Brasil,SP,Lutécia,SE,False,-22.34,-50.392,False,False,cities,3919,Lutécia,09/09/2026,Quarta-feira,10:24:00,19,7,E,90,79,Chuvoso,1017,5,19,chuvoso
3915,2377,False,7,BR,Brasil,SP,Luíz Antônio,SE,False,-21.555,-47.704,False,False,cities,3915,Luíz Antônio,09/09/2026,Quarta-feira,10:24:00,18,11,E,82,71,Nublado,1019,3,17,nublado
3920,2378,False,7,BR,Brasil,SP,Macatuba,SE,False,-22.502,-48.711,False,False,cities,3920,Macatuba,09/09/2026,Quarta-feira,11:09:00,18,4,E,90,77,Chuvoso,1019,5,18,chuvoso
3922,2379,False,7,BR,Brasil,SP,Macaubal,SE,False,-20.806,-49.964,False,False,cities,3922,Macaubal,09/09/2026,Quarta-feira,10:24:00,21,4,E,90,79,Chuvoso,1017,5,22,chuvoso
3923,2380,False,7,BR,Brasil,SP,Macedônia,SE,False,-20.146,-50.194,False,True,cities,3923,Macedônia,09/09/2026,Quarta-feira,10:24:00,22,2,E,81,77,Nublado,1017,3,24,nublado
3924,2381,False,7,BR,Brasil,SP,Magda,SE,False,-20.644,-50.226,False,False,cities,3924,Magda,09/09/2026,Quarta-feira,10:24:00,21,3,E,90,79,Nublado,1017,3,23,nublado
3925,483,False,7,BR,Brasil,SP,Mairinque,SE,False,-23.546,-47.183,False,False,cities,3925,Mairinque,09/09/2026,Quarta-feira,10:24:00,16,4,E,90,67,Chuvoso,1019,5,15,chuvoso
3928,484,False,7,BR,Brasil,SP,Mairiporã,SE,False,-23.319,-46.587,False,False,cities,3928,Mairiporã,09/09/2026,Quarta-feira,10:24:00,15,2,E,90,66,Chuvoso,1019,5,15,chuvoso
3931,2382,False,7,BR,Brasil,SP,Manduri,SE,False,-23.003,-49.322,False,False,cities,3931,Manduri,09/09/2026,Quarta-feira,10:24:00,17,2,E,90,74,Chuvoso,1019,5,17,chuvoso
3932,2383,False,7,BR,Brasil,SP,Marabá Paulista,SE,False,-22.108,-51.963,False,True,cities,3932,Marabá Paulista,09/09/2026,Quarta-feira,11:09:00,19,7,E,90,83,Chuvoso,1017,5,20,chuvoso
3933,2384,False,7,BR,Brasil,SP,Maracaí,SE,False,-22.611,-50.667,False,False,cities,3933,Maracaí,09/09/2026,Quarta-feira,10:24:00,18,5,E,90,83,Chuvoso,1018,5,19,chuvoso
3934,2385,False,7,BR,Brasil,SP,Marapoama,SE,False,-21.259,-49.129,False,False,cities,3934,Marapoama,09/09/2026,Quarta-feira,11:09:00,20,3,E,90,78,Chuvoso,1017,5,22,chuvoso
3935,5596,False,7,BR,Brasil,SP,Maresias,SE,True,-23.79,-45.558,False,False,cities,3935,Maresias,09/09/2026,Quarta-feira,10:24:00,16,5,E,85,79,Chuvoso,1019,5,16,chuvoso
3944,2585,False,7,BR,Brasil,SP,Marinópolis,SE,False,-20.441,-50.823,False,False,cities,3944,Marinópolis,09/09/2026,Quarta-feira,10:24:00,21,1,E,90,82,Nublado,1016,3,24,nublado
3941,2386,False,7,BR,Brasil,SP,Mariápolis,SE,False,-21.799,-51.181,False,False,cities,3941,Mariápolis,09/09/2026,Quarta-feira,11:09:00,20,6,E,90,84,Chuvoso,1017,5,21,chuvoso
3945,485,False,7,BR,Brasil,SP,Martinópolis,SE,False,-22.146,-51.171,False,False,cities,3945,Martinópolis,09/09/2026,Quarta-feira,10:24:00,19,5,E,90,81,Chuvoso,1017,5,20,chuvoso
3943,486,False,7,BR,Brasil,SP,Marília,SE,False,-22.214,-49.946,False,True,cities,3943,Marília,09/09/2026,Quarta-feira,10:24:00,19,8,E,90,76,Chuvoso,1017,5,19,chuvoso
3946,487,False,7,BR,Brasil,SP,Matão,SE,False,-21.603,-48.366,False,True,cities,3946,Matão,09/09/2026,Quarta-feira,10:24:00,19,7,E,84,72,Nublado,1019,3,19,nublado
3954,488,False,7,BR,Brasil,SP,Mauá,SE,False,-23.668,-46.461,False,False,cities,3954,Mauá,09/09/2026,Quarta-feira,10:24:00,14,1,SW,220,70,Chuvoso,1019,5,14,chuvoso
3955,2387,False,7,BR,Brasil,SP,Mendonça,SE,False,-21.167,-49.581,False,False,cities,3955,Mendonça,09/09/2026,Quarta-feira,10:24:00,20,5,E,90,79,Chuvoso,1017,5,21,chuvoso
3956,2388,False,7,BR,Brasil,SP,Meridiano,SE,False,-20.359,-50.173,False,False,cities,3956,Meridiano,09/09/2026,Quarta-feira,11:09:00,22,2,E,90,78,Nublado,1017,3,25,nublado
3957,2389,False,7,BR,Brasil,SP,Mesópolis,SE,False,-19.966,-50.638,False,False,cities,3957,Mesópolis,09/09/2026,Quarta-feira,10:24:00,22,2,E,90,80,Nublado,1016,3,24,nublado
3958,2390,False,7,BR,Brasil,SP,Miguelópolis,SE,False,-20.2,-48.032,False,True,cities,3958,Miguelópolis,09/09/2026,Quarta-feira,10:24:00,21,5,ENE,76,74,Nublado,1017,3,22,nublado
3959,2391,False,7,BR,Brasil,SP,Mineiros do Tietê,SE,False,-22.409,-48.451,False,False,cities,3959,Mineiros do Tietê,09/09/2026,Quarta-feira,11:09:00,17,8,E,90,72,Nublado,1019,3,16,nublado
3961,2392,False,7,BR,Brasil,SP,Mira Estrela,SE,False,-19.979,-50.137,False,False,cities,3961,Mira Estrela,09/09/2026,Quarta-feira,11:09:00,22,3,E,79,79,Nublado,1017,3,24,nublado
3960,2393,False,7,BR,Brasil,SP,Miracatu,SE,False,-24.281,-47.46,False,False,cities,3960,Miracatu,09/09/2026,Quarta-feira,10:24:00,17,5,E,90,95,Chuvoso,1018,5,19,chuvoso
3962,489,False,7,BR,Brasil,SP,Mirandópolis,SE,False,-21.134,-51.102,False,False,cities,3962,Mirandópolis,09/09/2026,Quarta-feira,11:09:00,20,4,E,90,83,Nublado,1016,3,21,nublado
3963,1631,False,7,BR,Brasil,SP,Mirante do Paranapanema,SE,False,-22.292,-51.906,False,False,cities,3963,Mirante do Paranapanema,09/09/2026,Quarta-feira,10:24:00,19,8,E,90,83,Chuvoso,1017,5,20,chuvoso
3968,490,False,7,BR,Brasil,SP,Mirassol,SE,False,-20.819,-49.521,False,False,cities,3968,Mirassol,09/09/2026,Quarta-feira,10:24:00,20,5,E,90,78,Nublado,1017,3,22,nublado
3967,2394,False,7,BR,Brasil,SP,Mirassolândia,SE,False,-20.617,-49.464,False,False,cities,3967,Mirassolândia,09/09/2026,Quarta-feira,10:24:00,21,4,E,83,78,Nublado,1017,3,22,nublado
4007,491,False,7,BR,Brasil,SP,Mococa,SE,False,-21.468,-47.005,False,True,cities,4007,Mococa,09/09/2026,Quarta-feira,11:09:00,19,8,E,81,74,Nublado,1019,3,19,nublado
4008,494,False,7,BR,Brasil,SP,Mogi das Cruzes,SE,False,-23.523,-46.188,False,True,cities,4008,Mogi das Cruzes,09/09/2026,Quarta-feira,10:24:00,14,2,E,90,69,Chuvoso,1019,5,14,chuvoso
4011,492,False,7,BR,Brasil,SP,Mogi-Guaçu,SE,False,-22.372,-46.942,False,True,cities,4011,Mogi-Guaçu,09/09/2026,Quarta-feira,10:24:00,18,4,E,85,74,Nublado,1019,3,18,nublado
4012,493,False,7,BR,Brasil,SP,Mogi-Mirim,SE,False,-22.432,-46.958,False,False,cities,4012,Mogi-Mirim,09/09/2026,Quarta-feira,10:24:00,18,4,E,85,74,Nublado,1019,3,18,nublado
4018,2395,False,7,BR,Brasil,SP,Mombuca,SE,False,-22.929,-47.566,False,False,cities,4018,Mombuca,09/09/2026,Quarta-feira,11:09:00,18,6,ESE,120,74,Nublado,1018,3,18,nublado
3697,802,False,7,BR,Brasil,SP,Mongaguá,SE,True,-24.093,-46.621,False,False,cities,3697,Mongaguá,09/09/2026,Quarta-feira,10:24:00,18,1,E,90,95,Chuvoso,1018,5,21,chuvoso
3698,2396,False,7,BR,Brasil,SP,Monte Alegre do Sul,SE,False,-22.682,-46.681,False,False,cities,3698,Monte Alegre do Sul,09/09/2026,Quarta-feira,10:24:00,16,3,E,90,62,Nublado,1019,3,15,nublado
3699,803,False,7,BR,Brasil,SP,Monte Alto,SE,False,-21.261,-48.496,False,True,cities,3699,Monte Alto,09/09/2026,Quarta-feira,10:24:00,19,3,E,83,72,Chuvoso,1017,5,20,chuvoso
3700,2397,False,7,BR,Brasil,SP,Monte Aprazível,SE,False,-20.772,-49.714,False,False,cities,3700,Monte Aprazível,09/09/2026,Quarta-feira,11:09:00,20,4,E,90,78,Nublado,1017,3,22,nublado
3701,804,False,7,BR,Brasil,SP,Monte Azul Paulista,SE,False,-20.907,-48.641,False,False,cities,3701,Monte Azul Paulista,09/09/2026,Quarta-feira,11:09:00,20,2,E,82,73,Nublado,1017,3,21,nublado
3702,2398,False,7,BR,Brasil,SP,Monte Castelo,SE,False,-21.299,-51.569,False,False,cities,3702,Monte Castelo,09/09/2026,Quarta-feira,10:24:00,20,4,E,90,85,Nublado,1017,3,21,nublado
3704,2399,False,7,BR,Brasil,SP,Monte Mor,SE,False,-22.947,-47.316,False,False,cities,3704,Monte Mor,09/09/2026,Quarta-feira,10:24:00,18,5,E,90,74,Nublado,1019,3,18,nublado
3705,6768,False,7,BR,Brasil,SP,Monte Verde Paulista,SE,False,-20.844,-48.79,False,False,cities,3705,Monte Verde Paulista,09/09/2026,Quarta-feira,10:24:00,20,2,E,82,75,Nublado,1017,3,22,nublado
3703,2400,False,7,BR,Brasil,SP,Monteiro Lobato,SE,False,-22.957,-45.84,False,False,cities,3703,Monteiro Lobato,09/09/2026,Quarta-feira,10:24:00,17,5,E,84,66,Nublado,1020,3,16,nublado
4019,2401,False,7,BR,Brasil,SP,Monções,SE,False,-20.85,-50.092,False,False,cities,4019,Monções,09/09/2026,Quarta-feira,11:09:00,21,4,E,90,82,Nublado,1017,3,23,nublado
3706,2402,False,7,BR,Brasil,SP,Morro Agudo,SE,False,-20.731,-48.058,False,True,cities,3706,Morro Agudo,09/09/2026,Quarta-feira,11:09:00,20,3,E,79,72,Chuvoso,1017,5,21,chuvoso
3707,2403,False,7,BR,Brasil,SP,Morungaba,SE,False,-22.88,-46.792,False,False,cities,3707,Morungaba,09/09/2026,Quarta-feira,10:24:00,17,3,E,90,67,Nublado,1019,3,16,nublado
3708,2404,False,7,BR,Brasil,SP,Motuca,SE,False,-21.508,-48.151,False,False,cities,3708,Motuca,09/09/2026,Quarta-feira,10:24:00,19,6,E,83,72,Nublado,1018,3,19,nublado
3709,2405,False,7,BR,Brasil,SP,Murutinga do Sul,SE,False,-20.993,-51.277,False,False,cities,3709,Murutinga do Sul,09/09/2026,Quarta-feira,10:24:00,20,3,E,90,83,Nublado,1017,3,22,nublado
3710,2406,False,7,BR,Brasil,SP,Nantes,SE,False,-22.621,-51.237,False,False,cities,3710,Nantes,09/09/2026,Quarta-feira,11:09:00,18,5,E,90,82,Chuvoso,1017,5,19,chuvoso
3711,2407,False,7,BR,Brasil,SP,Narandiba,SE,False,-22.407,-51.524,False,False,cities,3711,Narandiba,09/09/2026,Quarta-feira,11:09:00,19,7,E,90,82,Chuvoso,1017,5,20,chuvoso
3712,2408,False,7,BR,Brasil,SP,Natividade da Serra,SE,True,-23.376,-45.442,False,False,cities,3712,Natividade da Serra,09/09/2026,Quarta-feira,10:24:00,15,4,E,83,68,Chuvoso,1019,5,13,chuvoso
3713,495,False,7,BR,Brasil,SP,Nazaré Paulista,SE,False,-23.181,-46.395,False,False,cities,3713,Nazaré Paulista,09/09/2026,Quarta-feira,10:24:00,17,3,E,90,68,Chuvoso,1019,5,17,chuvoso
3714,2409,False,7,BR,Brasil,SP,Neves Paulista,SE,False,-20.846,-49.63,False,False,cities,3714,Neves Paulista,09/09/2026,Quarta-feira,10:24:00,20,5,E,90,78,Nublado,1017,3,22,nublado
3715,2410,False,7,BR,Brasil,SP,Nhandeara,SE,False,-20.694,-50.038,False,True,cities,3715,Nhandeara,09/09/2026,Quarta-feira,11:09:00,21,4,E,90,81,Chuvoso,1017,5,23,chuvoso
3716,2411,False,7,BR,Brasil,SP,Nipoã,SE,False,-20.913,-49.778,False,False,cities,3716,Nipoã,09/09/2026,Quarta-feira,10:24:00,20,4,E,90,79,Chuvoso,1017,5,21,chuvoso
3717,2412,False,7,BR,Brasil,SP,Nova Aliança,SE,False,-21.016,-49.496,False,False,cities,3717,Nova Aliança,09/09/2026,Quarta-feira,10:24:00,20,5,E,90,79,Chuvoso,1017,5,22,chuvoso
3718,2413,False,7,BR,Brasil,SP,Nova Campina,SE,False,-24.121,-48.904,False,False,cities,3718,Nova Campina,09/09/2026,Quarta-feira,10:24:00,15,4,E,90,68,Chuvoso,1019,5,14,chuvoso
3719,2414,False,7,BR,Brasil,SP,Nova Canaã Paulista,SE,False,-20.386,-50.949,False,False,cities,3719,Nova Canaã Paulista,09/09/2026,Quarta-feira,10:24:00,21,1,E,90,82,Nublado,1016,3,24,nublado
3720,2415,False,7,BR,Brasil,SP,Nova Castilho,SE,False,-20.763,-50.343,False,False,cities,3720,Nova Castilho,09/09/2026,Quarta-feira,10:24:00,22,3,E,90,83,Nublado,1016,3,24,nublado
3721,2416,False,7,BR,Brasil,SP,Nova Europa,SE,False,-21.778,-48.561,False,False,cities,3721,Nova Europa,09/09/2026,Quarta-feira,10:24:00,19,6,E,90,76,Nublado,1018,3,20,nublado
3722,2417,False,7,BR,Brasil,SP,Nova Granada,SE,False,-20.534,-49.314,False,False,cities,3722,Nova Granada,09/09/2026,Quarta-feira,10:24:00,21,3,E,81,79,Nublado,1017,3,22,nublado
3723,2418,False,7,BR,Brasil,SP,Nova Guataporanga,SE,False,-21.334,-51.644,False,False,cities,3723,Nova Guataporanga,09/09/2026,Quarta-feira,10:24:00,19,5,E,90,84,Chuvoso,1017,5,21,chuvoso
3724,2419,False,7,BR,Brasil,SP,Nova Independência,SE,False,-21.104,-51.49,False,False,cities,3724,Nova Independência,09/09/2026,Quarta-feira,10:24:00,20,4,E,90,84,Chuvoso,1017,5,21,chuvoso
3726,2420,False,7,BR,Brasil,SP,Nova Luzitânia,SE,False,-20.856,-50.262,False,False,cities,3726,Nova Luzitânia,09/09/2026,Quarta-feira,10:24:00,21,4,E,90,84,Nublado,1017,3,23,nublado
3727,2188,False,7,BR,Brasil,SP,Nova Odessa,SE,False,-22.777,-47.296,False,True,cities,3727,Nova Odessa,09/09/2026,Quarta-feira,10:24:00,18,5,E,90,74,Nublado,1018,3,18,nublado
3725,2421,False,7,BR,Brasil,SP,Novais,SE,False,-20.992,-48.919,False,False,cities,3725,Novais,09/09/2026,Quarta-feira,11:09:00,20,2,E,84,74,Nublado,1017,3,21,nublado
3728,496,False,7,BR,Brasil,SP,Novo Horizonte,SE,False,-21.468,-49.221,False,True,cities,3728,Novo Horizonte,09/09/2026,Quarta-feira,11:09:00,20,5,E,90,80,Chuvoso,1017,5,21,chuvoso
3729,2422,False,7,BR,Brasil,SP,Nuporanga,SE,False,-20.731,-47.731,False,False,cities,3729,Nuporanga,09/09/2026,Quarta-feira,10:24:00,20,5,E,79,71,Chuvoso,1018,5,20,chuvoso
3730,2423,False,7,BR,Brasil,SP,Ocauçu,SE,False,-22.439,-49.923,False,False,cities,3730,Ocauçu,09/09/2026,Quarta-feira,10:24:00,18,6,E,90,76,Chuvoso,1018,5,18,chuvoso
6451,497,False,7,BR,Brasil,SP,Olímpia,SE,False,-20.737,-48.915,False,True,cities,6451,Olímpia,09/09/2026,Quarta-feira,10:24:00,20,2,E,82,76,Nublado,1017,3,22,nublado
3732,2424,False,7,BR,Brasil,SP,Onda Verde,SE,False,-20.6,-49.295,False,False,cities,3732,Onda Verde,09/09/2026,Quarta-feira,11:09:00,21,4,E,82,78,Nublado,1017,3,22,nublado
3733,2425,False,7,BR,Brasil,SP,Oriente,SE,False,-22.153,-50.091,False,False,cities,3733,Oriente,09/09/2026,Quarta-feira,10:24:00,19,9,E,90,78,Chuvoso,1017,5,20,chuvoso
3734,2426,False,7,BR,Brasil,SP,Orindiúva,SE,False,-20.182,-49.351,False,False,cities,3734,Orindiúva,09/09/2026,Quarta-feira,10:24:00,21,4,ENE,77,79,Nublado,1017,3,22,nublado
6452,498,False,7,BR,Brasil,SP,Orlândia,SE,False,-20.72,-47.887,False,False,cities,6452,Orlândia,09/09/2026,Quarta-feira,10:24:00,20,5,E,79,71,Chuvoso,1017,5,20,chuvoso
3735,499,False,7,BR,Brasil,SP,Osasco,SE,False,-23.532,-46.792,False,False,cities,3735,Osasco,09/09/2026,Quarta-feira,11:09:00,17,2,E,90,74,Chuvoso,1019,5,17,chuvoso
3736,2427,False,7,BR,Brasil,SP,Oscar Bressane,SE,False,-22.318,-50.281,False,False,cities,3736,Oscar Bressane,09/09/2026,Quarta-feira,11:09:00,19,7,E,90,78,Chuvoso,1017,5,19,chuvoso
3737,500,False,7,BR,Brasil,SP,Osvaldo Cruz,SE,False,-21.797,-50.879,False,True,cities,3737,Osvaldo Cruz,09/09/2026,Quarta-feira,10:24:00,19,8,E,90,81,Chuvoso,1017,5,20,chuvoso
3738,501,False,7,BR,Brasil,SP,Ourinhos,SE,False,-22.979,-49.871,False,False,cities,3738,Ourinhos,09/09/2026,Quarta-feira,11:09:00,18,5,E,90,81,Chuvoso,1018,5,18,chuvoso
3740,2428,False,7,BR,Brasil,SP,Ouro Verde,SE,False,-21.489,-51.7,False,False,cities,3740,Ouro Verde,09/09/2026,Quarta-feira,10:24:00,19,5,E,90,83,Chuvoso,1017,5,20,chuvoso
3739,2429,False,7,BR,Brasil,SP,Ouroeste,SE,False,-20.001,-50.372,False,False,cities,3739,Ouroeste,09/09/2026,Quarta-feira,11:09:00,22,2,E,80,78,Nublado,1016,3,24,nublado
3741,2430,False,7,BR,Brasil,SP,Pacaembu,SE,False,-21.562,-51.261,False,False,cities,3741,Pacaembu,09/09/2026,Quarta-feira,10:24:00,19,5,E,90,83,Chuvoso,1017,5,21,chuvoso
3742,2431,False,7,BR,Brasil,SP,Palestina,SE,False,-20.39,-49.433,False,False,cities,3742,Palestina,09/09/2026,Quarta-feira,10:24:00,21,3,E,80,78,Nublado,1017,3,22,nublado
3743,2432,False,7,BR,Brasil,SP,Palmares Paulista,SE,False,-21.083,-48.801,False,False,cities,3743,Palmares Paulista,09/09/2026,Quarta-feira,10:24:00,20,2,SSE,162,74,Nublado,1017,3,22,nublado
3744,2433,False,7,BR,Brasil,SP,Palmeira d'Oeste,SE,False,-20.416,-50.762,False,False,cities,3744,Palmeira d'Oeste,09/09/2026,Quarta-feira,10:24:00,22,1,E,90,81,Nublado,1016,3,25,nublado
3745,2434,False,7,BR,Brasil,SP,Palmital,SE,False,-22.789,-50.218,False,False,cities,3745,Palmital,09/09/2026,Quarta-feira,11:09:00,18,6,E,90,79,Chuvoso,1018,5,18,chuvoso
3746,2013,False,7,BR,Brasil,SP,Panorama,SE,False,-21.356,-51.86,False,False,cities,3746,Panorama,09/09/2026,Quarta-feira,10:24:00,20,5,E,90,85,Chuvoso,1016,5,21,chuvoso
3747,502,False,7,BR,Brasil,SP,Paraguaçu Paulista,SE,False,-22.413,-50.576,False,True,cities,3747,Paraguaçu Paulista,09/09/2026,Quarta-feira,10:24:00,19,6,E,90,79,Chuvoso,1017,5,19,chuvoso
3748,503,False,7,BR,Brasil,SP,Paraibuna,SE,False,-23.386,-45.662,False,False,cities,3748,Paraibuna,09/09/2026,Quarta-feira,10:24:00,16,4,E,84,72,Chuvoso,1020,5,15,chuvoso
3749,2167,False,7,BR,Brasil,SP,Paranapanema,SE,False,-23.389,-48.75,False,True,cities,3749,Paranapanema,09/09/2026,Quarta-feira,11:09:00,17,2,E,90,77,Chuvoso,1019,5,18,chuvoso
3750,6803,False,7,BR,Brasil,SP,Paranapiacaba,SE,False,-23.778,-46.304,False,False,cities,3750,Paranapiacaba,09/09/2026,Quarta-feira,10:24:00,13,1,E,90,70,Chuvoso,1019,5,13,chuvoso
3751,2435,False,7,BR,Brasil,SP,Paranapuã,SE,False,-20.105146,-50.58917,False,False,cities,3751,Paranapuã,09/09/2026,Quarta-feira,11:09:00,22,2,E,98,79,Nublado,1016,3,25,nublado
3752,2436,False,7,BR,Brasil,SP,Parapuã,SE,False,-21.768,-50.772,False,False,cities,3752,Parapuã,09/09/2026,Quarta-feira,10:24:00,19,8,E,90,81,Nublado,1017,3,20,nublado
4973,2437,False,7,BR,Brasil,SP,Paraíso,SE,False,-21.016,-48.774,False,False,cities,4973,Paraíso,09/09/2026,Quarta-feira,11:09:00,21,2,E,83,76,Nublado,1017,3,22,nublado
3753,2438,False,7,BR,Brasil,SP,Pardinho,SE,False,-23.081,-48.374,False,False,cities,3753,Pardinho,09/09/2026,Quarta-feira,10:24:00,17,4,E,90,72,Chuvoso,1019,5,16,chuvoso
3754,2439,False,7,BR,Brasil,SP,Pariquera-Açu,SE,False,-24.715,-47.881,False,False,cities,3754,Pariquera-Açu,09/09/2026,Quarta-feira,10:24:00,16,4,E,90,95,Chuvoso,1019,5,17,chuvoso
3755,2440,False,7,BR,Brasil,SP,Parisi,SE,False,-20.304,-50.015,False,False,cities,3755,Parisi,09/09/2026,Quarta-feira,10:24:00,22,3,E,82,78,Nublado,1017,3,24,nublado
3756,2441,False,7,BR,Brasil,SP,Patrocínio Paulista,SE,False,-20.639,-47.282,False,True,cities,3756,Patrocínio Paulista,09/09/2026,Quarta-feira,10:24:00,19,7,E,88,66,Nublado,1018,3,18,nublado
3757,2442,False,7,BR,Brasil,SP,Paulicéia,SE,False,-21.318,-51.831,False,False,cities,3757,Paulicéia,09/09/2026,Quarta-feira,10:24:00,20,5,E,90,85,Chuvoso,1016,5,21,chuvoso
3759,2443,False,7,BR,Brasil,SP,Paulistânia,SE,False,-22.578,-49.403,False,False,cities,3759,Paulistânia,09/09/2026,Quarta-feira,11:09:00,18,4,E,90,76,Chuvoso,1018,5,18,chuvoso
3760,2444,False,7,BR,Brasil,SP,Paulo de Faria,SE,False,-20.031,-49.383,False,False,cities,3760,Paulo de Faria,09/09/2026,Quarta-feira,10:24:00,21,4,ENE,75,78,Nublado,1017,3,23,nublado
3758,504,False,7,BR,Brasil,SP,Paulínia,SE,False,-22.761,-47.154,False,False,cities,3758,Paulínia,09/09/2026,Quarta-feira,11:09:00,18,5,E,90,74,Nublado,1019,3,19,nublado
3761,505,False,7,BR,Brasil,SP,Pederneiras,SE,False,-22.352,-48.775,False,True,cities,3761,Pederneiras,09/09/2026,Quarta-feira,10:24:00,18,4,E,90,78,Chuvoso,1018,5,19,chuvoso
3762,2445,False,7,BR,Brasil,SP,Pedra Bela,SE,False,-22.793,-46.443,False,False,cities,3762,Pedra Bela,09/09/2026,Quarta-feira,10:24:00,15,3,E,90,59,Nublado,1020,3,14,nublado
3763,2446,False,7,BR,Brasil,SP,Pedranópolis,SE,False,-20.248,-50.11,False,False,cities,3763,Pedranópolis,09/09/2026,Quarta-feira,10:24:00,22,3,E,82,78,Nublado,1017,3,24,nublado
3764,2447,False,7,BR,Brasil,SP,Pedregulho,SE,False,-20.257,-47.477,False,True,cities,3764,Pedregulho,09/09/2026,Quarta-feira,10:24:00,18,3,ENE,76,62,Nublado,1018,3,18,nublado
3765,2448,False,7,BR,Brasil,SP,Pedreira,SE,False,-22.742,-46.901,False,False,cities,3765,Pedreira,09/09/2026,Quarta-feira,10:24:00,18,4,E,90,74,Nublado,1019,3,18,nublado
3766,2449,False,7,BR,Brasil,SP,Pedrinhas Paulista,SE,False,-22.815,-50.794,False,False,cities,3766,Pedrinhas Paulista,09/09/2026,Quarta-feira,10:24:00,18,6,E,90,86,Chuvoso,1017,5,19,chuvoso
3767,1479,False,7,BR,Brasil,SP,Pedro de Toledo,SE,False,-24.275,-47.233,False,False,cities,3767,Pedro de Toledo,09/09/2026,Quarta-feira,11:09:00,17,5,E,90,87,Chuvoso,1018,5,17,chuvoso
3768,506,False,7,BR,Brasil,SP,Penápolis,SE,False,-21.42,-50.078,False,True,cities,3768,Penápolis,09/09/2026,Quarta-feira,11:09:00,20,9,E,90,81,Nublado,1017,3,20,nublado
3769,507,False,7,BR,Brasil,SP,Pereira Barreto,SE,False,-20.638,-51.109,False,False,cities,3769,Pereira Barreto,09/09/2026,Quarta-feira,11:09:00,20,1,E,90,81,Nublado,1016,3,22,nublado
3770,2450,False,7,BR,Brasil,SP,Pereiras,SE,False,-23.076,-47.976,False,False,cities,3770,Pereiras,09/09/2026,Quarta-feira,10:24:00,17,5,E,90,76,Chuvoso,1019,5,17,chuvoso
3772,508,False,7,BR,Brasil,SP,Perus,SE,False,-23.405,-46.755,False,False,cities,3772,Perus,09/09/2026,Quarta-feira,10:24:00,15,2,E,90,66,Chuvoso,1019,5,15,chuvoso
3771,509,False,7,BR,Brasil,SP,Peruíbe,SE,True,-24.32,-46.998,False,False,cities,3771,Peruíbe,09/09/2026,Quarta-feira,10:24:00,18,5,E,90,95,Chuvoso,1018,5,20,chuvoso
3773,2451,False,7,BR,Brasil,SP,Piacatu,SE,False,-21.592,-50.599,False,False,cities,3773,Piacatu,09/09/2026,Quarta-feira,10:24:00,20,10,E,90,83,Nublado,1017,3,20,nublado
3774,5133,False,7,BR,Brasil,SP,Picinguaba,SE,True,-23.35,-44.838,False,False,cities,3774,Picinguaba,09/09/2026,Quarta-feira,10:24:00,19,3,E,80,90,Chuva e trovoadas,1018,6,21,chuva-e-trovoadas
3775,510,False,7,BR,Brasil,SP,Piedade,SE,False,-23.712,-47.428,False,False,cities,3775,Piedade,09/09/2026,Quarta-feira,10:24:00,14,3,E,90,66,Chuvoso,1019,5,13,chuvoso
3776,511,False,7,BR,Brasil,SP,Pilar do Sul,SE,False,-23.813,-47.716,False,True,cities,3776,Pilar do Sul,09/09/2026,Quarta-feira,10:24:00,14,3,E,90,68,Chuvoso,1019,5,13,chuvoso
3777,512,False,7,BR,Brasil,SP,Pindamonhangaba,SE,False,-22.924,-45.462,False,False,cities,3777,Pindamonhangaba,09/09/2026,Quarta-feira,10:24:00,19,5,E,82,77,Nublado,1019,3,20,nublado
3778,2452,False,7,BR,Brasil,SP,Pindorama,SE,False,-21.186,-48.907,False,False,cities,3778,Pindorama,09/09/2026,Quarta-feira,11:09:00,20,3,E,90,75,Nublado,1017,3,22,nublado
3779,2453,False,7,BR,Brasil,SP,Pinhalzinho,SE,False,-22.779,-46.591,False,False,cities,3779,Pinhalzinho,09/09/2026,Quarta-feira,10:24:00,17,3,E,90,66,Nublado,1019,3,17,nublado
3780,2454,False,7,BR,Brasil,SP,Piquerobi,SE,False,-21.867,-51.729,False,False,cities,3780,Piquerobi,09/09/2026,Quarta-feira,11:09:00,20,6,E,90,83,Chuvoso,1017,5,21,chuvoso
3781,2455,False,7,BR,Brasil,SP,Piquete,SE,False,-22.614,-45.176,False,False,cities,3781,Piquete,09/09/2026,Quarta-feira,11:09:00,17,6,E,80,69,Nublado,1019,3,17,nublado
3782,1624,False,7,BR,Brasil,SP,Piracaia,SE,False,-23.054,-46.358,False,False,cities,3782,Piracaia,09/09/2026,Quarta-feira,10:24:00,17,3,E,90,67,Nublado,1020,3,17,nublado
3783,513,False,7,BR,Brasil,SP,Piracicaba,SE,False,-22.725,-47.649,False,True,cities,3783,Piracicaba,09/09/2026,Quarta-feira,10:24:00,18,8,E,90,76,Chuvoso,1018,5,18,chuvoso
3785,2168,False,7,BR,Brasil,SP,Piraju,SE,False,-23.194,-49.384,False,False,cities,3785,Piraju,09/09/2026,Quarta-feira,10:24:00,18,3,E,90,77,Chuvoso,1018,5,18,chuvoso
3784,515,False,7,BR,Brasil,SP,Pirajuí,SE,False,-21.999,-49.457,False,False,cities,3784,Pirajuí,09/09/2026,Quarta-feira,10:24:00,19,7,E,90,79,Nublado,1018,3,20,nublado
3786,805,False,7,BR,Brasil,SP,Pirangi,SE,False,-21.091,-48.658,False,False,cities,3786,Pirangi,09/09/2026,Quarta-feira,10:24:00,20,2,E,83,73,Chuvoso,1017,5,21,chuvoso
3787,2456,False,7,BR,Brasil,SP,Pirapora do Bom Jesus,SE,False,-23.397,-47.002,False,True,cities,3787,Pirapora do Bom Jesus,09/09/2026,Quarta-feira,11:09:00,17,4,E,90,72,Chuvoso,1019,5,17,chuvoso
3788,516,False,7,BR,Brasil,SP,Pirapozinho,SE,False,-22.275,-51.5,False,False,cities,3788,Pirapozinho,09/09/2026,Quarta-feira,10:24:00,19,6,E,90,82,Chuvoso,1017,5,20,chuvoso
3789,517,False,7,BR,Brasil,SP,Pirassununga,SE,False,-21.996,-47.426,False,True,cities,3789,Pirassununga,09/09/2026,Quarta-feira,10:24:00,18,15,E,84,73,Nublado,1020,3,16,nublado
3790,2457,False,7,BR,Brasil,SP,Piratininga,SE,False,-22.413,-49.135,False,True,cities,3790,Piratininga,09/09/2026,Quarta-feira,11:09:00,19,4,E,83,77,Nublado,1018,3,20,nublado
3792,2458,False,7,BR,Brasil,SP,Pitangueiras,SE,True,-21.009,-48.222,False,True,cities,3792,Pitangueiras,09/09/2026,Quarta-feira,10:24:00,19,3,E,81,74,Chuvoso,1017,5,20,chuvoso
3793,2459,False,7,BR,Brasil,SP,Planalto,SE,False,-21.034,-49.929,False,False,cities,3793,Planalto,09/09/2026,Quarta-feira,10:24:00,20,5,E,90,80,Nublado,1017,3,21,nublado
3794,2460,False,7,BR,Brasil,SP,Platina,SE,False,-22.638,-50.204,False,False,cities,3794,Platina,09/09/2026,Quarta-feira,11:09:00,19,6,E,90,80,Chuvoso,1018,5,19,chuvoso
3796,2461,False,7,BR,Brasil,SP,Poloni,SE,False,-20.785,-49.824,False,False,cities,3796,Poloni,09/09/2026,Quarta-feira,11:09:00,20,4,E,90,79,Chuvoso,1017,5,22,chuvoso
3797,519,False,7,BR,Brasil,SP,Pompéia,SE,False,-22.109,-50.172,False,False,cities,3797,Pompéia,09/09/2026,Quarta-feira,11:09:00,19,9,E,90,78,Chuvoso,1017,5,20,chuvoso
3798,2462,False,7,BR,Brasil,SP,Pongaí,SE,False,-21.736,-49.367,False,True,cities,3798,Pongaí,09/09/2026,Quarta-feira,10:24:00,20,6,E,90,80,Nublado,1018,3,20,nublado
3800,2463,False,7,BR,Brasil,SP,Pontal,SE,False,-21.022,-48.037,False,False,cities,3800,Pontal,09/09/2026,Quarta-feira,10:24:00,19,4,E,81,74,Chuvoso,1017,5,20,chuvoso
3799,2464,False,7,BR,Brasil,SP,Pontalinda,SE,False,-20.441,-50.523,False,False,cities,3799,Pontalinda,09/09/2026,Quarta-feira,10:24:00,23,1,E,90,82,Nublado,1016,3,26,nublado
3801,2465,False,7,BR,Brasil,SP,Pontes Gestal,SE,False,-20.167,-49.703,False,False,cities,3801,Pontes Gestal,09/09/2026,Quarta-feira,10:24:00,21,3,ENE,79,79,Nublado,1017,3,23,nublado
3802,2466,False,7,BR,Brasil,SP,Populina,SE,False,-19.933,-50.538,False,False,cities,3802,Populina,09/09/2026,Quarta-feira,11:09:00,22,3,E,81,81,Nublado,1016,3,24,nublado
3803,520,False,7,BR,Brasil,SP,Porangaba,SE,False,-23.176,-48.125,False,False,cities,3803,Porangaba,09/09/2026,Quarta-feira,10:24:00,17,5,E,90,78,Chuvoso,1019,5,17,chuvoso
3804,521,False,7,BR,Brasil,SP,Porto Feliz,SE,False,-23.215,-47.524,False,False,cities,3804,Porto Feliz,09/09/2026,Quarta-feira,10:24:00,18,4,E,90,76,Chuvoso,1019,5,18,chuvoso
3805,522,False,7,BR,Brasil,SP,Porto Ferreira,SE,False,-21.854,-47.479,False,False,cities,3805,Porto Ferreira,09/09/2026,Quarta-feira,11:09:00,18,14,E,83,74,Nublado,1020,3,17,nublado
3806,2467,False,7,BR,Brasil,SP,Potim,SE,False,-22.843,-45.251,False,False,cities,3806,Potim,09/09/2026,Quarta-feira,10:24:00,16,5,E,80,71,Chuvoso,1019,5,16,chuvoso
3807,2078,False,7,BR,Brasil,SP,Potirendaba,SE,False,-21.043,-49.377,False,False,cities,3807,Potirendaba,09/09/2026,Quarta-feira,11:09:00,21,4,E,90,79,Chuvoso,1017,5,22,chuvoso
3795,806,False,7,BR,Brasil,SP,Poá,SE,False,-23.528,-46.345,False,False,cities,3795,Poá,09/09/2026,Quarta-feira,11:09:00,16,1,E,90,73,Chuvoso,1019,5,15,chuvoso
3808,2468,False,7,BR,Brasil,SP,Pracinha,SE,False,-21.851,-51.087,False,False,cities,3808,Pracinha,09/09/2026,Quarta-feira,10:24:00,20,6,E,90,85,Chuvoso,1017,5,21,chuvoso
3809,2469,False,7,BR,Brasil,SP,Pradópolis,SE,False,-21.359,-48.066,False,False,cities,3809,Pradópolis,09/09/2026,Quarta-feira,11:09:00,18,5,SSW,209,73,Chuvoso,1018,5,18,chuvoso
3589,523,False,7,BR,Brasil,SP,Praia Grande,SE,True,-24.006,-46.403,False,False,cities,3589,Praia Grande,09/09/2026,Quarta-feira,10:24:00,18,0,E,90,95,Chuva e trovoadas,1018,6,21,chuva-e-trovoadas
3590,2470,False,7,BR,Brasil,SP,Pratânia,SE,False,-22.808,-48.666,False,False,cities,3590,Pratânia,09/09/2026,Quarta-feira,10:24:00,17,4,E,90,72,Chuvoso,1019,5,16,chuvoso
3591,2471,False,7,BR,Brasil,SP,Presidente Alves,SE,False,-22.1,-49.438,False,False,cities,3591,Presidente Alves,09/09/2026,Quarta-feira,11:09:00,19,7,E,90,77,Nublado,1018,3,19,nublado
3592,2472,False,7,BR,Brasil,SP,Presidente Bernardes,SE,False,-22.006,-51.553,False,True,cities,3592,Presidente Bernardes,09/09/2026,Quarta-feira,11:09:00,20,6,E,90,81,Chuvoso,1017,5,21,chuvoso
3593,2014,False,7,BR,Brasil,SP,Presidente Epitácio,SE,False,-21.763,-52.116,False,False,cities,3593,Presidente Epitácio,09/09/2026,Quarta-feira,10:24:00,20,7,E,90,85,Chuvoso,1016,5,21,chuvoso
3594,524,False,7,BR,Brasil,SP,Presidente Prudente,SE,False,-22.126,-51.389,False,True,cities,3594,Presidente Prudente,09/09/2026,Quarta-feira,11:09:00,20,6,WNW,300,81,Chuvoso,1017,5,21,chuvoso
3595,525,False,7,BR,Brasil,SP,Presidente Venceslau,SE,False,-21.876,-51.844,False,False,cities,3595,Presidente Venceslau,09/09/2026,Quarta-feira,11:09:00,19,6,E,90,82,Chuvoso,1016,5,20,chuvoso
3596,4999,False,7,BR,Brasil,SP,Primavera,SE,False,-22.5,-52.967,False,False,cities,3596,Primavera,09/09/2026,Quarta-feira,10:24:00,20,9,E,83,88,Chuvoso,1016,5,21,chuvoso
3597,2473,False,7,BR,Brasil,SP,Promissão,SE,False,-21.537,-49.858,False,False,cities,3597,Promissão,09/09/2026,Quarta-feira,11:09:00,20,8,E,90,81,Chuvoso,1017,5,20,chuvoso
3598,2474,False,7,BR,Brasil,SP,Quadra,SE,False,-23.299,-48.055,False,False,cities,3598,Quadra,09/09/2026,Quarta-feira,10:24:00,17,4,E,90,77,Chuvoso,1019,5,17,chuvoso
3599,2475,False,7,BR,Brasil,SP,Quatá,SE,False,-22.248,-50.698,False,False,cities,3599,Quatá,09/09/2026,Quarta-feira,10:24:00,18,6,E,90,79,Chuvoso,1017,5,19,chuvoso
3600,2476,False,7,BR,Brasil,SP,Queiroz,SE,False,-21.799,-50.24,False,False,cities,3600,Queiroz,09/09/2026,Quarta-feira,10:24:00,20,11,E,90,82,Nublado,1017,3,20,nublado
3601,2477,False,7,BR,Brasil,SP,Queluz,SE,False,-22.537,-44.774,False,False,cities,3601,Queluz,09/09/2026,Quarta-feira,10:24:00,17,8,ENE,78,67,Nublado,1019,3,16,nublado
3602,2478,False,7,BR,Brasil,SP,Quintana,SE,False,-22.072,-50.307,False,False,cities,3602,Quintana,09/09/2026,Quarta-feira,10:24:00,20,9,E,90,80,Chuvoso,1017,5,20,chuvoso
3603,2479,False,7,BR,Brasil,SP,Rafard,SE,False,-23.012,-47.527,False,False,cities,3603,Rafard,09/09/2026,Quarta-feira,10:24:00,18,6,E,90,78,Chuvoso,1019,5,19,chuvoso
3604,526,False,7,BR,Brasil,SP,Rancharia,SE,False,-22.229,-50.893,False,False,cities,3604,Rancharia,09/09/2026,Quarta-feira,10:24:00,18,4,E,90,79,Chuvoso,1017,5,18,chuvoso
3605,2480,False,7,BR,Brasil,SP,Redenção da Serra,SE,False,-23.267,-45.537,False,False,cities,3605,Redenção da Serra,09/09/2026,Quarta-feira,10:24:00,14,4,E,83,66,Chuvoso,1020,5,13,chuvoso
3606,527,False,7,BR,Brasil,SP,Regente Feijó,SE,False,-22.221,-51.303,False,False,cities,3606,Regente Feijó,09/09/2026,Quarta-feira,10:24:00,19,5,E,90,80,Chuvoso,1017,5,20,chuvoso
3607,2481,False,7,BR,Brasil,SP,Reginópolis,SE,False,-21.888,-49.225,False,False,cities,3607,Reginópolis,09/09/2026,Quarta-feira,10:24:00,19,6,E,90,79,Nublado,1018,3,20,nublado
3608,528,False,7,BR,Brasil,SP,Registro,SE,False,-24.4875,-47.8436,False,False,cities,3608,Registro,09/09/2026,Quarta-feira,10:24:00,17,4,E,90,95,Chuvoso,1019,5,19,chuvoso
3609,2482,False,7,BR,Brasil,SP,Restinga,SE,False,-20.603,-47.483,False,False,cities,3609,Restinga,09/09/2026,Quarta-feira,10:24:00,19,6,ENE,77,65,Chuvoso,1018,5,18,chuvoso
3610,4934,False,7,BR,Brasil,SP,Riacho Grande,SE,False,-23.78,-46.532,False,False,cities,3610,Riacho Grande,09/09/2026,Quarta-feira,10:24:00,14,1,E,90,72,Chuva e trovoadas,1019,6,14,chuva-e-trovoadas
3619,2483,False,7,BR,Brasil,SP,Ribeira,SE,False,-24.66,-49.01,False,False,cities,3619,Ribeira,09/09/2026,Quarta-feira,10:24:00,15,3,E,90,80,Nublado,1019,3,14,nublado
3611,2079,False,7,BR,Brasil,SP,Ribeirão Bonito,SE,False,-22.067,-48.176,False,False,cities,3611,Ribeirão Bonito,09/09/2026,Quarta-feira,10:24:00,18,12,E,90,73,Nublado,1020,3,17,nublado
3612,2484,False,7,BR,Brasil,SP,Ribeirão Branco,SE,False,-24.221,-48.766,False,True,cities,3612,Ribeirão Branco,09/09/2026,Quarta-feira,10:24:00,14,3,E,90,65,Chuvoso,1019,5,13,chuvoso
3613,2485,False,7,BR,Brasil,SP,Ribeirão Corrente,SE,False,-20.457,-47.59,False,False,cities,3613,Ribeirão Corrente,09/09/2026,Quarta-feira,11:09:00,19,4,ENE,77,66,Nublado,1018,3,19,nublado
3616,2486,False,7,BR,Brasil,SP,Ribeirão Grande,SE,False,-24.099,-48.365,False,False,cities,3616,Ribeirão Grande,09/09/2026,Quarta-feira,10:24:00,14,3,E,90,69,Chuvoso,1019,5,14,chuvoso
3617,529,False,7,BR,Brasil,SP,Ribeirão Pires,SE,False,-23.711,-46.413,False,False,cities,3617,Ribeirão Pires,09/09/2026,Quarta-feira,10:24:00,14,1,E,90,71,Chuva e trovoadas,1019,6,14,chuva-e-trovoadas
3618,530,False,7,BR,Brasil,SP,Ribeirão Preto,SE,False,-21.178,-47.81,False,True,cities,3618,Ribeirão Preto,09/09/2026,Quarta-feira,11:09:00,19,7,ENE,60,73,Nublado,1018,3,19,nublado
3615,2487,False,7,BR,Brasil,SP,Ribeirão do Sul,SE,False,-22.784,-49.934,False,False,cities,3615,Ribeirão do Sul,09/09/2026,Quarta-feira,11:09:00,18,5,E,90,78,Chuvoso,1018,5,18,chuvoso
3614,2488,False,7,BR,Brasil,SP,Ribeirão dos Índios,SE,False,-21.84,-51.6,False,False,cities,3614,Ribeirão dos Índios,09/09/2026,Quarta-feira,10:24:00,20,6,E,90,82,Chuvoso,1017,5,21,chuvoso
3620,2489,False,7,BR,Brasil,SP,Rifaina,SE,False,-20.081,-47.421,False,False,cities,3620,Rifaina,09/09/2026,Quarta-feira,10:24:00,20,4,ENE,75,71,Nublado,1018,3,21,nublado
3621,2490,False,7,BR,Brasil,SP,Rincão,SE,False,-21.587,-48.071,False,False,cities,3621,Rincão,09/09/2026,Quarta-feira,10:24:00,19,9,E,84,72,Nublado,1019,3,19,nublado
3622,2491,False,7,BR,Brasil,SP,Rinópolis,SE,False,-21.726,-50.722,False,False,cities,3622,Rinópolis,09/09/2026,Quarta-feira,11:09:00,20,9,E,90,82,Nublado,1017,3,20,nublado
3623,531,False,7,BR,Brasil,SP,Rio Claro,SE,False,-22.411,-47.561,False,False,cities,3623,Rio Claro,09/09/2026,Quarta-feira,11:09:00,18,15,E,90,73,Nublado,1019,3,17,nublado
3625,2492,False,7,BR,Brasil,SP,Rio Grande da Serra,SE,False,-23.744,-46.398,False,False,cities,3625,Rio Grande da Serra,09/09/2026,Quarta-feira,10:24:00,14,1,E,90,71,Chuva e trovoadas,1019,6,14,chuva-e-trovoadas
3624,2493,False,7,BR,Brasil,SP,Rio das Pedras,SE,False,-22.843,-47.606,False,False,cities,3624,Rio das Pedras,09/09/2026,Quarta-feira,10:24:00,18,6,ESE,120,74,Nublado,1018,3,18,nublado
3626,2494,False,7,BR,Brasil,SP,Riolândia,SE,False,-19.981,-49.682,False,False,cities,3626,Riolândia,09/09/2026,Quarta-feira,10:24:00,21,3,ENE,77,78,Nublado,1017,3,23,nublado
3627,2495,False,7,BR,Brasil,SP,Riversul,SE,False,-23.828,-49.429,False,False,cities,3627,Riversul,09/09/2026,Quarta-feira,11:09:00,17,5,E,90,77,Chuvoso,1018,5,17,chuvoso
3628,3526,False,7,BR,Brasil,SP,Riviera de São Lourenço,SE,False,-23.817,-46.033,False,False,cities,3628,Riviera de São Lourenço,09/09/2026,Quarta-feira,10:24:00,18,2,E,86,95,Chuva e trovoadas,1018,6,20,chuva-e-trovoadas
3629,2015,False,7,BR,Brasil,SP,Rosana,SE,False,-22.58,-53.059,False,False,cities,3629,Rosana,09/09/2026,Quarta-feira,11:09:00,20,9,E,81,88,Nublado,1016,3,21,nublado
3630,2496,False,7,BR,Brasil,SP,Roseira,SE,False,-22.898,-45.305,False,False,cities,3630,Roseira,09/09/2026,Quarta-feira,11:09:00,18,5,E,81,77,Nublado,1019,3,19,nublado
3632,2497,False,7,BR,Brasil,SP,Rubinéia,SE,False,-20.179,-51.002,False,False,cities,3632,Rubinéia,09/09/2026,Quarta-feira,11:09:00,22,2,E,90,81,Nublado,1016,3,25,nublado
3631,2498,False,7,BR,Brasil,SP,Rubiácea,SE,False,-21.301,-50.727,False,False,cities,3631,Rubiácea,09/09/2026,Quarta-feira,10:24:00,19,7,E,90,82,Nublado,1017,3,20,nublado
3633,2501,False,7,BR,Brasil,SP,Sabino,SE,False,-21.46,-49.578,False,False,cities,3633,Sabino,09/09/2026,Quarta-feira,10:24:00,20,7,E,90,81,Chuvoso,1017,5,21,chuvoso
3634,2502,False,7,BR,Brasil,SP,Sagres,SE,False,-21.884,-50.956,False,False,cities,3634,Sagres,09/09/2026,Quarta-feira,10:24:00,20,6,E,90,82,Chuvoso,1017,5,20,chuvoso
3637,2503,False,7,BR,Brasil,SP,Sales,SE,False,-21.341,-49.485,False,False,cities,3637,Sales,09/09/2026,Quarta-feira,11:09:00,20,6,E,90,80,Chuvoso,1017,5,20,chuvoso
3635,2504,False,7,BR,Brasil,SP,Sales Oliveira,SE,False,-20.772,-47.838,False,False,cities,3635,Sales Oliveira,09/09/2026,Quarta-feira,11:09:00,20,5,E,79,71,Chuvoso,1017,5,20,chuvoso
3636,532,False,7,BR,Brasil,SP,Salesópolis,SE,False,-23.532,-45.846,False,False,cities,3636,Salesópolis,09/09/2026,Quarta-feira,11:09:00,14,4,E,90,66,Chuvoso,1019,5,12,chuvoso
3638,2505,False,7,BR,Brasil,SP,Salmourão,SE,False,-21.624,-50.861,False,False,cities,3638,Salmourão,09/09/2026,Quarta-feira,10:24:00,20,8,E,90,82,Chuvoso,1017,5,20,chuvoso
3639,2506,False,7,BR,Brasil,SP,Saltinho,SE,False,-22.847,-47.677,False,False,cities,3639,Saltinho,09/09/2026,Quarta-feira,10:24:00,18,7,E,90,74,Chuvoso,1018,5,17,chuvoso
3642,533,False,7,BR,Brasil,SP,Salto,SE,False,-23.201,-47.287,False,False,cities,3642,Salto,09/09/2026,Quarta-feira,11:09:00,18,5,E,90,75,Chuvoso,1019,5,18,chuvoso
3641,2507,False,7,BR,Brasil,SP,Salto Grande,SE,False,-22.893,-49.986,False,False,cities,3641,Salto Grande,09/09/2026,Quarta-feira,10:24:00,18,5,E,90,82,Chuvoso,1018,5,18,chuvoso
3640,534,False,7,BR,Brasil,SP,Salto de Pirapora,SE,False,-23.649,-47.573,False,False,cities,3640,Salto de Pirapora,09/09/2026,Quarta-feira,10:24:00,17,3,E,90,75,Chuvoso,1020,5,17,chuvoso
3643,2508,False,7,BR,Brasil,SP,Sandovalina,SE,False,-22.456,-51.763,False,False,cities,3643,Sandovalina,09/09/2026,Quarta-feira,10:24:00,19,8,E,90,83,Chuvoso,1017,5,19,chuvoso
3644,2509,False,7,BR,Brasil,SP,Santa Adélia,SE,False,-21.243,-48.804,False,False,cities,3644,Santa Adélia,09/09/2026,Quarta-feira,10:24:00,20,3,E,90,73,Nublado,1017,3,21,nublado
3645,2510,False,7,BR,Brasil,SP,Santa Albertina,SE,False,-20.032,-50.728,False,False,cities,3645,Santa Albertina,09/09/2026,Quarta-feira,11:09:00,22,2,E,90,80,Nublado,1016,3,24,nublado
3647,2511,False,7,BR,Brasil,SP,Santa Branca,SE,False,-23.397,-45.884,False,False,cities,3647,Santa Branca,09/09/2026,Quarta-feira,10:24:00,16,4,E,84,73,Chuvoso,1020,5,15,chuvoso
3646,535,False,7,BR,Brasil,SP,Santa Bárbara d'Oeste,SE,False,-22.754,-47.414,False,False,cities,3646,Santa Bárbara d'Oeste,09/09/2026,Quarta-feira,10:24:00,18,6,E,90,75,Nublado,1018,3,18,nublado
3648,2512,False,7,BR,Brasil,SP,Santa Clara d'Oeste,SE,False,-20.094,-50.926,False,False,cities,3648,Santa Clara d'Oeste,09/09/2026,Quarta-feira,11:09:00,22,2,E,90,81,Nublado,1016,3,25,nublado
3649,2533,False,7,BR,Brasil,SP,Santa Cruz da Conceição,SE,False,-22.14,-47.452,False,False,cities,3649,Santa Cruz da Conceição,09/09/2026,Quarta-feira,10:24:00,18,16,E,84,73,Nublado,1020,3,16,nublado
3650,2534,False,7,BR,Brasil,SP,Santa Cruz da Esperança,SE,False,-21.291,-47.43,False,False,cities,3650,Santa Cruz da Esperança,09/09/2026,Quarta-feira,11:09:00,20,9,E,81,73,Nublado,1018,3,19,nublado
3651,2080,False,7,BR,Brasil,SP,Santa Cruz das Palmeiras,SE,False,-21.827,-47.249,False,True,cities,3651,Santa Cruz das Palmeiras,09/09/2026,Quarta-feira,10:24:00,18,8,E,83,74,Nublado,1019,3,17,nublado
3652,2535,False,7,BR,Brasil,SP,Santa Cruz do Rio Pardo,SE,False,-22.899,-49.633,False,False,cities,3652,Santa Cruz do Rio Pardo,09/09/2026,Quarta-feira,10:24:00,18,4,E,90,77,Chuvoso,1018,5,19,chuvoso
3653,2513,False,7,BR,Brasil,SP,Santa Ernestina,SE,False,-21.463,-48.391,False,False,cities,3653,Santa Ernestina,09/09/2026,Quarta-feira,10:24:00,19,5,E,84,73,Nublado,1018,3,20,nublado
3654,2514,False,7,BR,Brasil,SP,Santa Fé do Sul,SE,False,-20.211,-50.926,False,False,cities,3654,Santa Fé do Sul,09/09/2026,Quarta-feira,10:24:00,22,1,E,90,83,Nublado,1016,3,25,nublado
3655,2515,False,7,BR,Brasil,SP,Santa Gertrudes,SE,False,-22.457,-47.53,False,False,cities,3655,Santa Gertrudes,09/09/2026,Quarta-feira,11:09:00,18,12,E,90,73,Nublado,1019,3,17,nublado
3656,536,False,7,BR,Brasil,SP,Santa Isabel,SE,False,-23.316,-46.221,False,False,cities,3656,Santa Isabel,09/09/2026,Quarta-feira,10:24:00,17,2,E,90,75,Chuvoso,1019,5,17,chuvoso
3657,2516,False,7,BR,Brasil,SP,Santa Lúcia,SE,False,-21.685,-48.084,False,False,cities,3657,Santa Lúcia,09/09/2026,Quarta-feira,10:24:00,19,9,E,84,72,Nublado,1019,3,19,nublado
3658,2517,False,7,BR,Brasil,SP,Santa Maria da Serra,SE,False,-22.567,-48.161,False,False,cities,3658,Santa Maria da Serra,09/09/2026,Quarta-feira,10:24:00,18,11,S,190,79,Chuvoso,1019,5,17,chuvoso
3659,2518,False,7,BR,Brasil,SP,Santa Mercedes,SE,False,-21.351,-51.755,False,False,cities,3659,Santa Mercedes,09/09/2026,Quarta-feira,10:24:00,19,5,E,90,84,Chuvoso,1017,5,21,chuvoso
3662,2519,False,7,BR,Brasil,SP,Santa Rita d'Oeste,SE,False,-20.144,-50.83,False,False,cities,3662,Santa Rita d'Oeste,09/09/2026,Quarta-feira,10:24:00,22,2,E,90,81,Nublado,1016,3,25,nublado
3663,2081,False,7,BR,Brasil,SP,Santa Rita do Passa Quatro,SE,False,-21.71,-47.478,False,True,cities,3663,Santa Rita do Passa Quatro,09/09/2026,Quarta-feira,11:09:00,18,12,E,83,73,Nublado,1019,3,17,nublado
3664,2520,False,7,BR,Brasil,SP,Santa Rosa de Viterbo,SE,False,-21.473,-47.363,False,False,cities,3664,Santa Rosa de Viterbo,09/09/2026,Quarta-feira,10:24:00,19,10,E,82,73,Nublado,1019,3,18,nublado
3665,2521,False,7,BR,Brasil,SP,Santa Salete,SE,False,-20.245,-50.688,False,False,cities,3665,Santa Salete,09/09/2026,Quarta-feira,10:24:00,22,1,E,90,80,Nublado,1016,3,25,nublado
3660,2522,False,7,BR,Brasil,SP,Santana da Ponte Pensa,SE,False,-20.253,-50.797,False,False,cities,3660,Santana da Ponte Pensa,09/09/2026,Quarta-feira,10:24:00,22,1,E,90,81,Nublado,1016,3,25,nublado
3661,537,False,7,BR,Brasil,SP,Santana de Parnaíba,SE,False,-23.444,-46.918,False,False,cities,3661,Santana de Parnaíba,09/09/2026,Quarta-feira,10:24:00,16,3,E,90,67,Chuvoso,1019,5,15,chuvoso
3666,538,False,7,BR,Brasil,SP,Santo Anastácio,SE,False,-21.98,-51.65,False,False,cities,3666,Santo Anastácio,09/09/2026,Quarta-feira,11:09:00,19,6,E,90,81,Chuvoso,1017,5,20,chuvoso
3667,539,False,7,BR,Brasil,SP,Santo André,SE,False,-23.664,-46.538,False,False,cities,3667,Santo André,09/09/2026,Quarta-feira,10:24:00,15,1,NW,320,72,Chuvoso,1019,5,15,chuvoso
3668,2536,False,7,BR,Brasil,SP,Santo Antônio da Alegria,SE,False,-21.087,-47.151,False,False,cities,3668,Santo Antônio da Alegria,09/09/2026,Quarta-feira,11:09:00,19,9,E,80,66,Nublado,1019,3,18,nublado
3669,2523,False,7,BR,Brasil,SP,Santo Antônio de Posse,SE,False,-22.606,-46.919,False,False,cities,3669,Santo Antônio de Posse,09/09/2026,Quarta-feira,11:09:00,18,4,E,90,72,Nublado,1019,3,18,nublado
3670,2537,False,7,BR,Brasil,SP,Santo Antônio do Aracanguá,SE,False,-20.937,-50.496,False,False,cities,3670,Santo Antônio do Aracanguá,09/09/2026,Quarta-feira,11:09:00,21,4,E,90,83,Nublado,1017,3,23,nublado
3671,2538,False,7,BR,Brasil,SP,Santo Antônio do Jardim,SE,False,-22.12,-46.68,False,False,cities,3671,Santo Antônio do Jardim,09/09/2026,Quarta-feira,11:09:00,17,4,E,83,68,Nublado,1020,3,17,nublado
3672,1592,False,7,BR,Brasil,SP,Santo Antônio do Pinhal,SE,False,-22.827,-45.663,False,False,cities,3672,Santo Antônio do Pinhal,09/09/2026,Quarta-feira,11:09:00,16,5,E,82,58,Nublado,1020,3,14,nublado
3673,2524,False,7,BR,Brasil,SP,Santo Expedito,SE,False,-21.851,-51.392,False,False,cities,3673,Santo Expedito,09/09/2026,Quarta-feira,11:09:00,20,6,E,90,83,Chuvoso,1017,5,21,chuvoso
3675,540,False,7,BR,Brasil,SP,Santos,SE,True,-23.9,-46.334,True,False,cities,3675,Santos,09/09/2026,Quarta-feira,10:24:00,17,0,E,90,92,Chuva e trovoadas,1018,6,19,chuva-e-trovoadas
3674,2525,False,7,BR,Brasil,SP,Santópolis do Aguapeí,SE,False,-21.637,-50.5,False,False,cities,3674,Santópolis do Aguapeí,09/09/2026,Quarta-feira,11:09:00,20,11,E,90,82,Nublado,1017,3,20,nublado
3485,541,False,7,BR,Brasil,SP,Sarapuí,SE,False,-23.641,-47.825,False,False,cities,3485,Sarapuí,09/09/2026,Quarta-feira,10:24:00,16,3,E,90,76,Chuvoso,1020,5,17,chuvoso
3486,2526,False,7,BR,Brasil,SP,Sarutaiá,SE,False,-23.273,-49.48,False,False,cities,3486,Sarutaiá,09/09/2026,Quarta-feira,10:24:00,17,3,E,90,76,Chuvoso,1018,5,18,chuvoso
3487,2527,False,7,BR,Brasil,SP,Sebastianópolis do Sul,SE,False,-20.655,-49.921,False,False,cities,3487,Sebastianópolis do Sul,09/09/2026,Quarta-feira,10:24:00,21,3,E,90,78,Chuvoso,1017,5,22,chuvoso
3488,2528,False,7,BR,Brasil,SP,Serra Azul,SE,False,-21.311,-47.566,False,False,cities,3488,Serra Azul,09/09/2026,Quarta-feira,11:09:00,19,9,E,81,73,Nublado,1018,3,19,nublado
3490,542,False,7,BR,Brasil,SP,Serra Negra,SE,False,-22.612,-46.701,True,False,cities,3490,Serra Negra,09/09/2026,Quarta-feira,10:24:00,16,3,E,90,62,Nublado,1019,3,15,nublado
3489,2529,False,7,BR,Brasil,SP,Serrana,SE,False,-21.211,-47.596,False,False,cities,3489,Serrana,09/09/2026,Quarta-feira,10:24:00,19,9,E,81,73,Nublado,1018,3,19,nublado
3491,543,False,7,BR,Brasil,SP,Sertãozinho,SE,False,-21.138,-47.99,False,False,cities,3491,Sertãozinho,09/09/2026,Quarta-feira,11:09:00,19,5,E,81,72,Chuvoso,1018,5,19,chuvoso
3492,2530,False,7,BR,Brasil,SP,Sete Barras,SE,False,-24.388,-47.926,False,False,cities,3492,Sete Barras,09/09/2026,Quarta-feira,10:24:00,18,3,E,90,95,Chuvoso,1019,5,20,chuvoso
3493,2531,False,7,BR,Brasil,SP,Severínia,SE,False,-20.809,-48.803,False,False,cities,3493,Severínia,09/09/2026,Quarta-feira,10:24:00,20,2,E,81,75,Nublado,1017,3,21,nublado
3494,2532,False,7,BR,Brasil,SP,Silveiras,SE,False,-22.664,-44.853,False,False,cities,3494,Silveiras,09/09/2026,Quarta-feira,10:24:00,17,7,ENE,78,72,Nublado,1018,3,17,nublado
3495,807,False,7,BR,Brasil,SP,Socorro,SE,False,-22.591,-46.529,False,False,cities,3495,Socorro,09/09/2026,Quarta-feira,10:24:00,17,3,E,90,65,Nublado,1020,3,16,nublado
3496,544,False,7,BR,Brasil,SP,Sorocaba,SE,False,-23.502,-47.458,False,True,cities,3496,Sorocaba,09/09/2026,Quarta-feira,10:24:00,17,4,E,90,75,Chuvoso,1019,5,18,chuvoso
3497,6912,False,7,BR,Brasil,SP,Sousas,SE,False,-22.879,-46.964,False,False,cities,3497,Sousas,09/09/2026,Quarta-feira,10:24:00,18,4,E,90,72,Nublado,1019,3,18,nublado
3498,2539,False,7,BR,Brasil,SP,Sud Mennucci,SE,False,-20.69,-50.92,False,False,cities,3498,Sud Mennucci,09/09/2026,Quarta-feira,11:09:00,20,1,E,90,85,Nublado,1016,3,23,nublado
3677,1593,False,7,BR,Brasil,SP,São Bento do Sapucaí,SE,False,-22.689,-45.731,False,False,cities,3677,São Bento do Sapucaí,09/09/2026,Quarta-feira,10:24:00,17,5,E,82,62,Nublado,1020,3,16,nublado
3678,547,False,7,BR,Brasil,SP,São Bernardo do Campo,SE,False,-23.694,-46.565,False,False,cities,3678,São Bernardo do Campo,09/09/2026,Quarta-feira,11:09:00,14,1,E,90,72,Chuvoso,1019,5,14,chuvoso
3679,548,False,7,BR,Brasil,SP,São Caetano do Sul,SE,False,-23.623,-46.551,False,False,cities,3679,São Caetano do Sul,09/09/2026,Quarta-feira,11:09:00,15,1,NW,320,72,Chuvoso,1019,5,15,chuvoso
3680,549,False,7,BR,Brasil,SP,São Carlos,SE,False,-22.017,-47.891,False,True,cities,3680,São Carlos,09/09/2026,Quarta-feira,10:24:00,18,16,E,90,68,Nublado,1020,3,16,nublado
3682,2541,False,7,BR,Brasil,SP,São Francisco,SE,False,-20.359,-50.697,False,False,cities,3682,São Francisco,09/09/2026,Quarta-feira,10:24:00,22,1,E,90,81,Nublado,1016,3,25,nublado
4722,5921,False,7,BR,Brasil,SP,São Francisco Xavier,SE,False,-22.911,-45.96,False,False,cities,4722,São Francisco Xavier,09/09/2026,Quarta-feira,10:24:00,16,4,E,83,56,Nublado,1020,3,15,nublado
3688,550,False,7,BR,Brasil,SP,São Joaquim da Barra,SE,False,-20.581,-47.855,False,False,cities,3688,São Joaquim da Barra,09/09/2026,Quarta-feira,10:24:00,20,4,ENE,78,72,Chuvoso,1017,5,21,chuvoso
3689,2542,False,7,BR,Brasil,SP,São José da Bela Vista,SE,False,-20.593,-47.64,False,False,cities,3689,São José da Bela Vista,09/09/2026,Quarta-feira,10:24:00,20,5,ENE,78,73,Chuvoso,1018,5,21,chuvoso
3690,6579,False,7,BR,Brasil,SP,São José das Laranjeiras,SE,False,-22.672,-50.863,False,False,cities,3690,São José das Laranjeiras,09/09/2026,Quarta-feira,10:24:00,18,5,E,90,84,Chuvoso,1018,5,19,chuvoso
3691,2543,False,7,BR,Brasil,SP,São José do Barreiro,SE,False,-22.645,-44.578,False,False,cities,3691,São José do Barreiro,09/09/2026,Quarta-feira,11:09:00,17,6,ENE,77,75,Nublado,1019,3,17,nublado
3692,551,False,7,BR,Brasil,SP,São José do Rio Pardo,SE,False,-21.596,-46.889,False,True,cities,3692,São José do Rio Pardo,09/09/2026,Quarta-feira,11:09:00,19,7,E,82,74,Nublado,1019,3,19,nublado
3693,552,False,7,BR,Brasil,SP,São José do Rio Preto,SE,False,-20.82,-49.379,False,True,cities,3693,São José do Rio Preto,09/09/2026,Quarta-feira,10:24:00,21,4,E,90,78,Nublado,1017,3,22,nublado
3694,553,False,7,BR,Brasil,SP,São José dos Campos,SE,False,-23.179,-45.887,False,False,cities,3694,São José dos Campos,09/09/2026,Quarta-feira,11:09:00,18,4,E,84,76,Chuvoso,1020,5,19,chuvoso
3684,554,False,7,BR,Brasil,SP,São João da Boa Vista,SE,False,-21.969,-46.798,False,False,cities,3684,São João da Boa Vista,09/09/2026,Quarta-feira,11:09:00,18,5,E,83,73,Nublado,1019,3,18,nublado
3685,2499,False,7,BR,Brasil,SP,São João das Duas Pontes,SE,False,-20.389,-50.378,False,False,cities,3685,São João das Duas Pontes,09/09/2026,Quarta-feira,10:24:00,23,2,E,90,80,Nublado,1017,3,26,nublado
3686,2544,False,7,BR,Brasil,SP,São João de Iracema,SE,False,-20.513,-50.352,False,False,cities,3686,São João de Iracema,09/09/2026,Quarta-feira,10:24:00,23,2,E,90,82,Nublado,1017,3,26,nublado
3687,2500,False,7,BR,Brasil,SP,São João do Pau d'Alho,SE,False,-21.268,-51.666,False,False,cities,3687,São João do Pau d'Alho,09/09/2026,Quarta-feira,10:24:00,19,4,E,90,83,Chuvoso,1017,5,21,chuvoso
3695,555,False,7,BR,Brasil,SP,São Lourenço da Serra,SE,False,-23.853,-46.942,False,False,cities,3695,São Lourenço da Serra,09/09/2026,Quarta-feira,11:09:00,15,2,E,90,66,Chuvoso,1018,5,14,chuvoso
3696,1786,False,7,BR,Brasil,SP,São Luiz do Paraitinga,SE,False,-23.222,-45.31,False,False,cities,3696,São Luiz do Paraitinga,09/09/2026,Quarta-feira,10:24:00,15,4,E,82,68,Chuvoso,1019,5,14,chuvoso
3475,2094,False,7,BR,Brasil,SP,São Manuel,SE,False,-22.731,-48.571,False,False,cities,3475,São Manuel,09/09/2026,Quarta-feira,10:24:00,17,5,E,90,71,Chuvoso,1019,5,16,chuvoso
3476,557,False,7,BR,Brasil,SP,São Miguel Arcanjo,SE,False,-23.878,-47.997,False,True,cities,3476,São Miguel Arcanjo,09/09/2026,Quarta-feira,11:09:00,15,2,S,174,74,Chuvoso,1020,5,15,chuvoso
3477,558,True,7,BR,Brasil,SP,São Paulo,SE,False,-23.496,-46.62,True,False,cities,3477,São Paulo,09/09/2026,Quarta-feira,11:09:00,16,1,NNE,30,73,Chuvoso,1019,5,16,chuvoso
3479,1632,False,7,BR,Brasil,SP,São Pedro,SE,True,-22.549,-47.914,False,False,cities,3479,São Pedro,09/09/2026,Quarta-feira,11:09:00,16,13,E,90,64,Nublado,1019,3,13,nublado
3478,2545,False,7,BR,Brasil,SP,São Pedro do Turvo,SE,False,-22.747,-49.74,False,False,cities,3478,São Pedro do Turvo,09/09/2026,Quarta-feira,10:24:00,18,4,E,90,79,Chuvoso,1018,5,19,chuvoso
3480,559,False,7,BR,Brasil,SP,São Roque,SE,False,-23.529,-47.135,False,False,cities,3480,São Roque,09/09/2026,Quarta-feira,10:24:00,15,4,E,90,64,Chuvoso,1019,5,14,chuvoso
3482,808,False,7,BR,Brasil,SP,São Sebastião,SE,True,-23.76,-45.41,False,False,cities,3482,São Sebastião,09/09/2026,Quarta-feira,11:09:00,17,5,E,84,83,Chuvoso,1018,5,17,chuvoso
3481,2546,False,7,BR,Brasil,SP,São Sebastião da Grama,SE,False,-21.711,-46.821,False,False,cities,3481,São Sebastião da Grama,09/09/2026,Quarta-feira,10:24:00,16,6,E,82,64,Sol com muitas nuvens,1020,2r,15,sol-com-muitas-nuvens
3483,560,False,7,BR,Brasil,SP,São Simão,SE,False,-21.479,-47.551,False,False,cities,3483,São Simão,09/09/2026,Quarta-feira,10:24:00,18,11,E,82,69,Nublado,1019,3,17,nublado
3484,561,False,7,BR,Brasil,SP,São Vicente,SE,True,-23.963,-46.4,False,False,cities,3484,São Vicente,09/09/2026,Quarta-feira,10:24:00,18,0,E,90,95,Chuva e trovoadas,1018,6,21,chuva-e-trovoadas
3503,2548,False,7,BR,Brasil,SP,Tabatinga,SE,False,-21.717,-48.688,False,False,cities,3503,Tabatinga,09/09/2026,Quarta-feira,11:09:00,19,5,E,90,77,Chuvoso,1018,5,20,chuvoso
3504,562,False,7,BR,Brasil,SP,Taboão da Serra,SE,False,-23.626,-46.792,False,False,cities,3504,Taboão da Serra,09/09/2026,Quarta-feira,10:24:00,16,2,SSE,160,70,Chuvoso,1019,5,15,chuvoso
3505,2549,False,7,BR,Brasil,SP,Taciba,SE,False,-22.39,-51.285,False,False,cities,3505,Taciba,09/09/2026,Quarta-feira,10:24:00,19,5,E,90,80,Chuvoso,1017,5,19,chuvoso
3506,2082,False,7,BR,Brasil,SP,Taguaí,SE,False,-23.452,-49.409,False,False,cities,3506,Taguaí,09/09/2026,Quarta-feira,10:24:00,17,4,E,90,77,Chuvoso,1018,5,18,chuvoso
3507,809,False,7,BR,Brasil,SP,Taiaçu,SE,False,-21.144,-48.513,False,False,cities,3507,Taiaçu,09/09/2026,Quarta-feira,10:24:00,20,2,E,83,73,Chuvoso,1017,5,21,chuvoso
3508,810,False,7,BR,Brasil,SP,Taiúva,SE,False,-21.124,-48.452,False,False,cities,3508,Taiúva,09/09/2026,Quarta-feira,10:24:00,19,2,E,82,72,Chuvoso,1017,5,20,chuvoso
3509,2550,False,7,BR,Brasil,SP,Tambaú,SE,False,-21.705,-47.274,False,False,cities,3509,Tambaú,09/09/2026,Quarta-feira,11:09:00,18,10,E,83,73,Nublado,1019,3,17,nublado
3510,4779,False,7,BR,Brasil,SP,Tamboré,SE,False,-23.5,-46.833,False,False,cities,3510,Tamboré,09/09/2026,Quarta-feira,11:09:00,17,2,E,90,74,Chuvoso,1019,5,17,chuvoso
3511,2551,False,7,BR,Brasil,SP,Tanabi,SE,False,-20.626,-49.649,False,True,cities,3511,Tanabi,09/09/2026,Quarta-feira,10:24:00,20,4,E,83,77,Nublado,1017,3,22,nublado
3513,2552,False,7,BR,Brasil,SP,Tapiratiba,SE,False,-21.468,-46.749,False,False,cities,3513,Tapiratiba,09/09/2026,Quarta-feira,11:09:00,17,7,E,81,68,Sol com muitas nuvens,1020,2r,16,sol-com-muitas-nuvens
3512,563,False,7,BR,Brasil,SP,Tapiraí,SE,False,-23.964,-47.507,False,False,cities,3512,Tapiraí,09/09/2026,Quarta-feira,10:24:00,15,4,E,90,77,Chuvoso,1019,5,14,chuvoso
3514,2553,False,7,BR,Brasil,SP,Taquaral,SE,False,-21.072,-48.41,False,False,cities,3514,Taquaral,09/09/2026,Quarta-feira,11:09:00,19,2,E,82,72,Chuvoso,1017,5,20,chuvoso
3515,811,False,7,BR,Brasil,SP,Taquaritinga,SE,False,-21.406,-48.505,False,True,cities,3515,Taquaritinga,09/09/2026,Quarta-feira,10:24:00,19,4,E,83,72,Chuvoso,1018,5,20,chuvoso
3516,564,False,7,BR,Brasil,SP,Taquarituba,SE,False,-23.533,-49.244,False,True,cities,3516,Taquarituba,09/09/2026,Quarta-feira,10:24:00,18,3,E,90,78,Chuvoso,1018,5,18,chuvoso
3517,2554,False,7,BR,Brasil,SP,Taquarivaí,SE,False,-23.924,-48.693,False,True,cities,3517,Taquarivaí,09/09/2026,Quarta-feira,10:24:00,17,3,E,90,76,Chuvoso,1019,5,17,chuvoso
3518,2555,False,7,BR,Brasil,SP,Tarabai,SE,False,-22.303,-51.559,False,False,cities,3518,Tarabai,09/09/2026,Quarta-feira,10:24:00,20,6,E,90,83,Chuvoso,1017,5,21,chuvoso
3519,2556,False,7,BR,Brasil,SP,Tarumã,SE,False,-22.747,-50.577,False,True,cities,3519,Tarumã,09/09/2026,Quarta-feira,11:09:00,18,6,E,90,82,Chuvoso,1017,5,18,chuvoso
3520,565,False,7,BR,Brasil,SP,Tatuí,SE,False,-23.356,-47.857,False,True,cities,3520,Tatuí,09/09/2026,Quarta-feira,10:24:00,17,4,E,90,76,Chuvoso,1019,5,17,chuvoso
3521,566,False,7,BR,Brasil,SP,Taubaté,SE,False,-23.026,-45.555,False,False,cities,3521,Taubaté,09/09/2026,Quarta-feira,11:09:00,18,5,SSE,162,77,Nublado,1020,3,19,nublado
3523,2557,False,7,BR,Brasil,SP,Tejupá,SE,False,-23.343,-49.376,False,True,cities,3523,Tejupá,09/09/2026,Quarta-feira,10:24:00,17,3,E,90,74,Chuvoso,1018,5,17,chuvoso
3524,567,False,7,BR,Brasil,SP,Teodoro Sampaio,SE,False,-22.532,-52.167,False,True,cities,3524,Teodoro Sampaio,09/09/2026,Quarta-feira,10:24:00,19,9,E,90,86,Chuvoso,1017,5,19,chuvoso
3525,6913,False,7,BR,Brasil,SP,Terra Preta,SE,False,-22.633,-47.05,False,False,cities,3525,Terra Preta,09/09/2026,Quarta-feira,11:09:00,18,5,E,90,74,Nublado,1019,3,18,nublado
3526,2558,False,7,BR,Brasil,SP,Terra Roxa,SE,False,-20.789,-48.33,False,False,cities,3526,Terra Roxa,09/09/2026,Quarta-feira,11:09:00,20,2,E,79,74,Chuvoso,1017,5,21,chuvoso
3522,6914,False,7,BR,Brasil,SP,Teçaindá,SE,False,-22.002,-51.136,False,False,cities,3522,Teçaindá,09/09/2026,Quarta-feira,10:24:00,19,5,E,90,83,Chuvoso,1017,5,21,chuvoso
3530,2561,False,7,BR,Brasil,SP,Torrinha,SE,False,-22.426,-48.169,False,False,cities,3530,Torrinha,09/09/2026,Quarta-feira,10:24:00,17,12,E,90,73,Nublado,1019,3,16,nublado
3531,2562,False,7,BR,Brasil,SP,Trabiju,SE,False,-22.042,-48.336,False,False,cities,3531,Trabiju,09/09/2026,Quarta-feira,10:24:00,19,10,E,90,74,Nublado,1019,3,19,nublado
3532,2563,False,7,BR,Brasil,SP,Tremembé,SE,False,-22.958,-45.549,False,False,cities,3532,Tremembé,09/09/2026,Quarta-feira,10:24:00,18,5,SSE,162,77,Nublado,1020,3,19,nublado
3533,2564,False,7,BR,Brasil,SP,Três Fronteiras,SE,False,-20.235,-50.89,False,False,cities,3533,Três Fronteiras,09/09/2026,Quarta-feira,10:24:00,22,1,E,90,83,Nublado,1016,3,25,nublado
3534,2565,False,7,BR,Brasil,SP,Tuiuti,SE,False,-22.816,-46.694,False,False,cities,3534,Tuiuti,09/09/2026,Quarta-feira,10:24:00,17,3,E,90,69,Nublado,1019,3,17,nublado
3536,2566,False,7,BR,Brasil,SP,Tupi Paulista,SE,False,-21.381,-51.571,False,True,cities,3536,Tupi Paulista,09/09/2026,Quarta-feira,10:24:00,19,4,E,90,82,Nublado,1017,3,20,nublado
3535,569,False,7,BR,Brasil,SP,Tupã,SE,False,-21.935,-50.514,False,False,cities,3535,Tupã,09/09/2026,Quarta-feira,11:09:00,20,9,E,90,80,Chuvoso,1017,5,20,chuvoso
3537,2567,False,7,BR,Brasil,SP,Turiúba,SE,False,-20.933,-50.108,False,False,cities,3537,Turiúba,09/09/2026,Quarta-feira,10:24:00,21,4,E,90,82,Nublado,1017,3,23,nublado
3538,2568,False,7,BR,Brasil,SP,Turmalina,SE,False,-20.052,-50.476,False,False,cities,3538,Turmalina,09/09/2026,Quarta-feira,11:09:00,22,2,E,81,78,Nublado,1016,3,24,nublado
3539,812,False,7,BR,Brasil,SP,Ubarana,SE,False,-21.166,-49.718,False,False,cities,3539,Ubarana,09/09/2026,Quarta-feira,10:24:00,20,6,E,90,79,Chuvoso,1017,5,21,chuvoso
3540,570,False,7,BR,Brasil,SP,Ubatuba,SE,True,-23.434,-45.071,True,False,cities,3540,Ubatuba,09/09/2026,Quarta-feira,10:24:00,17,4,E,81,77,Chuvoso,1018,5,17,chuvoso
3541,2569,False,7,BR,Brasil,SP,Ubirajara,SE,False,-22.527,-49.663,False,False,cities,3541,Ubirajara,09/09/2026,Quarta-feira,11:09:00,18,5,E,90,76,Chuvoso,1018,5,19,chuvoso
3542,2083,False,7,BR,Brasil,SP,Uchoa,SE,False,-20.953,-49.175,False,False,cities,3542,Uchoa,09/09/2026,Quarta-feira,11:09:00,21,4,E,90,78,Chuvoso,1017,5,22,chuvoso
3543,2570,False,7,BR,Brasil,SP,União Paulista,SE,False,-20.887,-49.897,False,False,cities,3543,União Paulista,09/09/2026,Quarta-feira,10:24:00,20,4,E,90,79,Chuvoso,1017,5,22,chuvoso
3546,2571,False,7,BR,Brasil,SP,Uru,SE,False,-21.784,-49.281,False,False,cities,3546,Uru,09/09/2026,Quarta-feira,11:09:00,20,6,E,90,80,Nublado,1018,3,20,nublado
3545,571,False,7,BR,Brasil,SP,Urupês,SE,False,-21.202,-49.29,False,False,cities,3545,Urupês,09/09/2026,Quarta-feira,10:24:00,20,5,E,90,79,Chuvoso,1017,5,21,chuvoso
3544,2572,False,7,BR,Brasil,SP,Urânia,SE,False,-20.246,-50.643,False,False,cities,3544,Urânia,09/09/2026,Quarta-feira,10:24:00,22,1,E,90,80,Nublado,1016,3,25,nublado
3547,6978,False,7,BR,Brasil,SP,Vale Formoso,SE,False,-21.45,-49.4,False,False,cities,3547,Vale Formoso,09/09/2026,Quarta-feira,11:09:00,20,6,E,90,82,Chuvoso,1017,5,21,chuvoso
3548,2573,False,7,BR,Brasil,SP,Valentim Gentil,SE,False,-20.422,-50.088,False,False,cities,3548,Valentim Gentil,09/09/2026,Quarta-feira,10:24:00,22,3,E,83,79,Nublado,1017,3,24,nublado
3549,572,False,7,BR,Brasil,SP,Valinhos,SE,False,-22.971,-46.996,False,False,cities,3549,Valinhos,09/09/2026,Quarta-feira,10:24:00,17,4,E,90,68,Chuvoso,1019,5,16,chuvoso
3550,573,False,7,BR,Brasil,SP,Valparaíso,SE,False,-21.228,-50.868,False,True,cities,3550,Valparaíso,09/09/2026,Quarta-feira,11:09:00,19,6,E,90,81,Nublado,1017,3,20,nublado
3553,2574,False,7,BR,Brasil,SP,Vargem,SE,False,-22.889,-46.414,False,False,cities,3553,Vargem,09/09/2026,Quarta-feira,10:24:00,18,3,E,90,66,Nublado,1020,3,17,nublado
3552,2575,False,7,BR,Brasil,SP,Vargem Grande Paulista,SE,False,-23.603,-47.026,False,False,cities,3552,Vargem Grande Paulista,09/09/2026,Quarta-feira,10:24:00,15,3,E,90,66,Chuvoso,1019,5,14,chuvoso
3551,574,False,7,BR,Brasil,SP,Vargem Grande do Sul,SE,False,-21.832,-46.894,False,True,cities,3551,Vargem Grande do Sul,09/09/2026,Quarta-feira,10:24:00,18,6,E,82,71,Nublado,1019,3,17,nublado
3555,2576,False,7,BR,Brasil,SP,Vera Cruz,SE,False,-22.22,-49.819,False,False,cities,3555,Vera Cruz,09/09/2026,Quarta-feira,11:09:00,19,7,E,90,76,Chuvoso,1018,5,19,chuvoso
3556,575,False,7,BR,Brasil,SP,Vinhedo,SE,False,-23.03,-46.975,False,False,cities,3556,Vinhedo,09/09/2026,Quarta-feira,11:09:00,17,4,E,90,68,Nublado,1019,3,16,nublado
3558,2578,False,7,BR,Brasil,SP,Vista Alegre do Alto,SE,False,-21.171,-48.629,False,False,cities,3558,Vista Alegre do Alto,09/09/2026,Quarta-feira,10:24:00,20,2,E,83,73,Chuvoso,1017,5,21,chuvoso
3559,2579,False,7,BR,Brasil,SP,Vitória Brasil,SE,False,-20.197,-50.484,False,False,cities,3559,Vitória Brasil,09/09/2026,Quarta-feira,10:24:00,23,2,E,90,78,Nublado,1016,3,25,nublado
3560,576,False,7,BR,Brasil,SP,Votorantim,SE,False,-23.547,-47.438,False,False,cities,3560,Votorantim,09/09/2026,Quarta-feira,10:24:00,17,4,E,90,75,Chuvoso,1019,5,18,chuvoso
3561,577,False,7,BR,Brasil,SP,Votuporanga,SE,False,-20.423,-49.973,False,False,cities,3561,Votuporanga,09/09/2026,Quarta-feira,11:09:00,21,3,E,82,78,Nublado,1017,3,23,nublado
3554,578,False,7,BR,Brasil,SP,Várzea Paulista,SE,False,-23.211,-46.828,False,False,cities,3554,Várzea Paulista,09/09/2026,Quarta-feira,10:24:00,15,4,E,90,64,Chuvoso,1019,5,14,chuvoso
3562,2580,False,7,BR,Brasil,SP,Zacarias,SE,False,-21.052,-50.051,False,False,cities,3562,Zacarias,09/09/2026,Quarta-feira,10:24:00,21,5,E,90,83,Nublado,1017,3,22,nublado
4657,2084,False,7,BR,Brasil,SP,Águas da Prata,SE,False,-21.937,-46.717,False,False,cities,4657,Águas da Prata,09/09/2026,Quarta-feira,10:24:00,15,5,E,82,56,Nublado,1020,3,13,nublado
4658,2025,False,7,BR,Brasil,SP,Águas de Lindóia,SE,False,-22.476,-46.633,True,False,cities,4658,Águas de Lindóia,09/09/2026,Quarta-feira,10:24:00,17,3,E,84,67,Nublado,1020,3,17,nublado
4659,2581,False,7,BR,Brasil,SP,Águas de Santa Bárbara,SE,False,-22.881,-49.239,False,False,cities,4659,Águas de Santa Bárbara,09/09/2026,Quarta-feira,11:09:00,17,2,E,90,76,Chuvoso,1019,5,18,chuvoso
6520,579,False,7,BR,Brasil,SP,Águas de São Pedro,SE,False,-22.599,-47.876,False,False,cities,6520,Águas de São Pedro,09/09/2026,Quarta-feira,10:24:00,18,11,E,90,78,Chuvoso,1018,5,18,chuvoso
4670,2582,False,7,BR,Brasil,SP,Álvares Florence,SE,False,-20.321,-49.911,False,False,cities,4670,Álvares Florence,09/09/2026,Quarta-feira,10:24:00,21,3,E,82,78,Nublado,1017,3,23,nublado
6521,580,False,7,BR,Brasil,SP,Álvares Machado,SE,False,-22.079,-51.472,False,False,cities,6521,Álvares Machado,09/09/2026,Quarta-feira,10:24:00,20,6,WNW,300,81,Chuvoso,1017,5,21,chuvoso
4671,2583,False,7,BR,Brasil,SP,Álvaro de Carvalho,SE,False,-22.089,-49.719,False,False,cities,4671,Álvaro de Carvalho,09/09/2026,Quarta-feira,11:09:00,19,8,E,90,76,Nublado,1018,3,19,nublado
3731,2584,False,7,BR,Brasil,SP,Óleo,SE,False,-22.941,-49.342,False,False,cities,3731,Óleo,09/09/2026,Quarta-feira,10:24:00,17,2,E,90,74,Chuvoso,1019,5,17,chuvoso
3563,6516,False,7,BR,Brasil,TO,Abreulândia,N,False,-9.621,-49.151,False,False,cities,3563,Abreulândia,09/09/2026,Quarta-feira,11:09:00,24,7,ENE,65,85,Sol,1015,1,27,sol
3565,6517,False,7,BR,Brasil,TO,Aguiarnópolis,N,False,-6.563,-47.466,False,False,cities,3565,Aguiarnópolis,09/09/2026,Quarta-feira,10:24:00,26,6,ENE,62,77,Sol com algumas nuvens,1015,2,29,sol-com-algumas-nuvens
3566,6518,False,7,BR,Brasil,TO,Aliança do Tocantins,N,False,-11.306,-48.936,False,False,cities,3566,Aliança do Tocantins,09/09/2026,Quarta-feira,10:24:00,24,5,E,85,78,Sol com muitas nuvens,1015,2r,27,sol-com-muitas-nuvens
3567,6519,False,7,BR,Brasil,TO,Almas,N,False,-11.574,-47.17,False,False,cities,3567,Almas,09/09/2026,Quarta-feira,10:24:00,23,9,ENE,75,67,Sol,1016,1,23,sol
3569,6520,False,7,BR,Brasil,TO,Ananás,N,False,-6.365,-48.073,False,False,cities,3569,Ananás,09/09/2026,Quarta-feira,10:24:00,24,4,ENE,69,80,Sol com algumas nuvens,1015,2,28,sol-com-algumas-nuvens
3570,6521,False,7,BR,Brasil,TO,Angico,N,False,-6.389,-47.864,False,False,cities,3570,Angico,09/09/2026,Quarta-feira,11:09:00,24,6,ENE,69,77,Sol com algumas nuvens,1015,2,26,sol-com-algumas-nuvens
3571,6522,False,7,BR,Brasil,TO,Aparecida do Rio Negro,N,False,-9.952,-47.972,False,False,cities,3571,Aparecida do Rio Negro,09/09/2026,Quarta-feira,10:24:00,24,8,ENE,66,77,Sol,1015,1,26,sol
3572,6523,False,7,BR,Brasil,TO,Aragominas,N,False,-7.16,-48.527,False,False,cities,3572,Aragominas,09/09/2026,Quarta-feira,10:24:00,24,6,NE,56,82,Sol com muitas nuvens,1015,2r,27,sol-com-muitas-nuvens
3573,1497,False,7,BR,Brasil,TO,Araguacema,N,False,-8.804,-49.556,False,False,cities,3573,Araguacema,09/09/2026,Quarta-feira,11:09:00,24,7,NE,53,89,Sol com muitas nuvens,1014,2r,28,sol-com-muitas-nuvens
3576,6524,False,7,BR,Brasil,TO,Araguanã,N,False,-6.581,-48.644,False,False,cities,3576,Araguanã,09/09/2026,Quarta-feira,11:09:00,25,7,ENE,64,85,Sol,1015,1,29,sol
7540,581,False,7,BR,Brasil,TO,Araguatins,N,False,-5.651,-48.124,False,False,cities,7540,Araguatins,09/09/2026,Quarta-feira,10:24:00,25,7,E,81,85,Sol,1015,1,29,sol
3574,582,False,7,BR,Brasil,TO,Araguaçu,N,False,-12.931,-49.826,False,False,cities,3574,Araguaçu,09/09/2026,Quarta-feira,10:24:00,24,8,ESE,107,78,Nublado,1016,3,26,nublado
3575,583,False,7,BR,Brasil,TO,Araguaína,N,False,-7.191,-48.207,False,False,cities,3575,Araguaína,09/09/2026,Quarta-feira,11:09:00,25,6,SSE,150,83,Sol com algumas nuvens,1015,2,28,sol-com-algumas-nuvens
3577,1498,False,7,BR,Brasil,TO,Arapoema,N,False,-7.658,-49.064,False,False,cities,3577,Arapoema,09/09/2026,Quarta-feira,11:09:00,24,4,NE,50,91,Sol com muitas nuvens,1015,2r,28,sol-com-muitas-nuvens
3578,5379,False,7,BR,Brasil,TO,Arraias,N,False,-12.931,-46.938,False,False,cities,3578,Arraias,09/09/2026,Quarta-feira,11:09:00,23,12,E,85,53,Sol,1017,1,21,sol
3579,584,False,7,BR,Brasil,TO,Augustinópolis,N,False,-5.466,-47.888,False,False,cities,3579,Augustinópolis,09/09/2026,Quarta-feira,11:09:00,25,7,E,83,78,Sol,1015,1,28,sol
3580,6525,False,7,BR,Brasil,TO,Aurora do Tocantins,N,False,-12.713,-46.408,False,False,cities,3580,Aurora do Tocantins,09/09/2026,Quarta-feira,10:24:00,24,15,E,82,46,Sol,1017,1,22,sol
3581,6526,False,7,BR,Brasil,TO,Axixá do Tocantins,N,False,-5.616,-47.786,False,False,cities,3581,Axixá do Tocantins,09/09/2026,Quarta-feira,11:09:00,25,6,E,83,76,Sol,1015,1,27,sol
4704,5899,False,7,BR,Brasil,TO,Babaçulândia,N,False,-7.205,-47.757,False,False,cities,4704,Babaçulândia,09/09/2026,Quarta-feira,10:24:00,25,5,NE,51,83,Sol com algumas nuvens,1015,2,29,sol-com-algumas-nuvens
3582,7364,False,7,BR,Brasil,TO,Bandeirantes do Tocantins,N,False,-7.7561,-48.5835,False,False,cities,3582,Bandeirantes do Tocantins,09/09/2026,Quarta-feira,11:09:00,23,6,NE,49,82,Sol com muitas nuvens,1015,2r,26,sol-com-muitas-nuvens
3583,6527,False,7,BR,Brasil,TO,Barra do Ouro,N,False,-7.689,-47.683,False,False,cities,3583,Barra do Ouro,09/09/2026,Quarta-feira,11:09:00,24,5,NE,45,81,Sol,1015,1,27,sol
3584,6528,False,7,BR,Brasil,TO,Barrolândia,N,False,-9.836,-48.725,False,False,cities,3584,Barrolândia,09/09/2026,Quarta-feira,11:09:00,23,7,ENE,67,81,Sol,1015,1,26,sol
3585,6529,False,7,BR,Brasil,TO,Bernardo Sayão,N,False,-7.874,-48.888,False,False,cities,3585,Bernardo Sayão,09/09/2026,Quarta-feira,11:09:00,24,3,NE,49,90,Sol com algumas nuvens,1015,2,28,sol-com-algumas-nuvens
3586,6530,False,7,BR,Brasil,TO,Bom Jesus do Tocantins,N,False,-8.96,-48.16,False,False,cities,3586,Bom Jesus do Tocantins,09/09/2026,Quarta-feira,11:09:00,24,7,NNE,20,88,Sol,1015,1,27,sol
3587,7363,False,7,BR,Brasil,TO,Brasilandia do Tocantins,N,False,-8.387,-48.481,False,False,cities,3587,Brasilandia do Tocantins,09/09/2026,Quarta-feira,10:24:00,23,10,NE,45,82,Sol,1015,1,25,sol
3588,5341,False,7,BR,Brasil,TO,Brejinho de Nazaré,N,False,-11.0,-48.566,False,False,cities,3588,Brejinho de Nazaré,09/09/2026,Quarta-feira,11:09:00,24,6,E,79,79,Sol com algumas nuvens,1015,2,27,sol-com-algumas-nuvens
3346,6532,False,7,BR,Brasil,TO,Cachoeirinha,N,False,-6.122,-47.921,False,False,cities,3346,Cachoeirinha,09/09/2026,Quarta-feira,10:24:00,25,6,ENE,74,80,Sol,1015,1,28,sol
3347,5000,False,7,BR,Brasil,TO,Campos Lindos,N,False,-7.994,-46.868,False,False,cities,3347,Campos Lindos,09/09/2026,Quarta-feira,10:24:00,24,9,NE,42,67,Sol,1015,1,25,sol
3348,6533,False,7,BR,Brasil,TO,Cariri do Tocantins,N,False,-11.891,-49.161,False,False,cities,3348,Cariri do Tocantins,09/09/2026,Quarta-feira,10:24:00,25,6,E,95,74,Nublado,1015,3,27,nublado
3349,6534,False,7,BR,Brasil,TO,Carmolândia,N,False,-7.033,-48.396,False,False,cities,3349,Carmolândia,09/09/2026,Quarta-feira,10:24:00,24,6,ENE,57,83,Sol com algumas nuvens,1015,2,28,sol-com-algumas-nuvens
3350,6535,False,7,BR,Brasil,TO,Carrasco Bonito,N,False,-5.322,-48.035,False,False,cities,3350,Carrasco Bonito,09/09/2026,Quarta-feira,11:09:00,25,8,E,82,80,Sol,1015,1,28,sol
3351,5001,False,7,BR,Brasil,TO,Caseara,N,False,-9.278,-49.956,False,False,cities,3351,Caseara,09/09/2026,Quarta-feira,10:24:00,24,5,ENE,62,90,Sol,1015,1,27,sol
3352,6536,False,7,BR,Brasil,TO,Centenário,N,False,-8.951,-47.336,False,False,cities,3352,Centenário,09/09/2026,Quarta-feira,11:09:00,24,10,NE,52,74,Sol,1015,1,25,sol
3353,6537,False,7,BR,Brasil,TO,Chapada da Natividade,N,False,-11.617,-47.751,False,False,cities,3353,Chapada da Natividade,09/09/2026,Quarta-feira,10:24:00,23,11,ENE,78,71,Sol,1016,1,23,sol
3358,6538,False,7,BR,Brasil,TO,Chapada de Areia,N,False,-10.144,-49.14,False,False,cities,3358,Chapada de Areia,09/09/2026,Quarta-feira,10:24:00,23,6,ENE,73,82,Sol,1015,1,26,sol
3360,4788,False,7,BR,Brasil,TO,Colméia,N,False,-8.729,-48.765,False,False,cities,3360,Colméia,09/09/2026,Quarta-feira,10:24:00,23,9,NE,50,82,Sol,1015,1,25,sol
3361,6539,False,7,BR,Brasil,TO,Combinado,N,False,-12.792,-46.539,False,False,cities,3361,Combinado,09/09/2026,Quarta-feira,10:24:00,24,10,E,83,50,Sol,1017,1,24,sol
3362,6540,False,7,BR,Brasil,TO,Conceição do Tocantins,N,False,-12.219,-47.298,False,False,cities,3362,Conceição do Tocantins,09/09/2026,Quarta-feira,11:09:00,24,12,E,82,58,Sol,1016,1,23,sol
3363,5597,False,7,BR,Brasil,TO,Couto Magalhães,N,False,-8.284,-49.247,False,False,cities,3363,Couto Magalhães,09/09/2026,Quarta-feira,11:09:00,24,7,NE,47,91,Sol com muitas nuvens,1015,2r,28,sol-com-muitas-nuvens
3364,585,False,7,BR,Brasil,TO,Cristalândia,N,False,-10.6,-49.193,False,False,cities,3364,Cristalândia,09/09/2026,Quarta-feira,10:24:00,24,6,E,82,77,Sol,1015,1,26,sol
3365,6541,False,7,BR,Brasil,TO,Crixás do Tocantins,N,False,-11.1,-48.919,False,False,cities,3365,Crixás do Tocantins,09/09/2026,Quarta-feira,10:24:00,24,6,E,84,79,Sol com muitas nuvens,1015,2r,27,sol-com-muitas-nuvens
3366,1633,False,7,BR,Brasil,TO,Darcinópolis,N,False,-6.713,-47.76,False,False,cities,3366,Darcinópolis,09/09/2026,Quarta-feira,11:09:00,25,6,ENE,61,75,Sol,1015,1,27,sol
3367,2637,False,7,BR,Brasil,TO,Dianópolis,N,False,-11.628,-46.821,False,False,cities,3367,Dianópolis,09/09/2026,Quarta-feira,10:24:00,22,17,ENE,73,44,Sol,1016,1,19,sol
3368,1787,False,7,BR,Brasil,TO,Divinópolis do Tocantins,N,False,-9.8,-49.214,False,False,cities,3368,Divinópolis do Tocantins,09/09/2026,Quarta-feira,10:24:00,23,6,ENE,67,84,Sol,1015,1,26,sol
3369,6884,False,7,BR,Brasil,TO,Dois Irmãos do Tocantins,N,False,-9.258,-49.064,False,False,cities,3369,Dois Irmãos do Tocantins,09/09/2026,Quarta-feira,11:09:00,24,8,ENE,59,85,Sol,1015,1,27,sol
3371,6542,False,7,BR,Brasil,TO,Dueré,N,False,-11.344,-49.271,False,False,cities,3371,Dueré,09/09/2026,Quarta-feira,10:24:00,24,5,E,90,77,Sol com muitas nuvens,1015,2r,27,sol-com-muitas-nuvens
3372,6543,False,7,BR,Brasil,TO,Esperantina,N,False,-5.343,-48.511,False,False,cities,3372,Esperantina,09/09/2026,Quarta-feira,10:24:00,24,8,E,80,88,Sol,1014,1,27,sol
3374,586,False,7,BR,Brasil,TO,Figueirópolis,N,False,-12.131,-49.174,False,False,cities,3374,Figueirópolis,09/09/2026,Quarta-feira,10:24:00,25,7,E,98,77,Nublado,1015,3,28,nublado
3376,587,False,7,BR,Brasil,TO,Filadélfia,N,False,-7.336,-47.49,False,False,cities,3376,Filadélfia,09/09/2026,Quarta-feira,10:24:00,24,5,NE,48,84,Sol com algumas nuvens,1015,2,27,sol-com-algumas-nuvens
3377,588,False,7,BR,Brasil,TO,Formoso do Araguaia,N,False,-11.797,-49.529,False,False,cities,3377,Formoso do Araguaia,09/09/2026,Quarta-feira,11:09:00,25,5,E,100,81,Nublado,1015,3,28,nublado
3378,6544,False,7,BR,Brasil,TO,Fortaleza do Tabocão,N,False,-9.057,-48.519,False,False,cities,3378,Fortaleza do Tabocão,09/09/2026,Quarta-feira,11:09:00,23,9,NE,54,79,Sol,1015,1,25,sol
3373,6545,False,7,BR,Brasil,TO,Fátima,N,False,-10.759,-48.908,False,False,cities,3373,Fátima,09/09/2026,Quarta-feira,10:24:00,23,7,E,81,78,Sol com muitas nuvens,1015,2r,25,sol-com-muitas-nuvens
3379,6546,False,7,BR,Brasil,TO,Goianorte,N,False,-8.776,-48.932,False,False,cities,3379,Goianorte,09/09/2026,Quarta-feira,10:24:00,24,9,NE,51,86,Sol,1015,1,26,sol
3381,5598,False,7,BR,Brasil,TO,Goiatins,N,False,-7.71,-47.314,False,False,cities,3381,Goiatins,09/09/2026,Quarta-feira,11:09:00,23,6,NE,43,78,Sol com muitas nuvens,1015,2r,25,sol-com-muitas-nuvens
3382,4764,False,7,BR,Brasil,TO,Guaraí,N,False,-8.834,-48.51,False,False,cities,3382,Guaraí,09/09/2026,Quarta-feira,10:24:00,23,8,NE,52,82,Sol,1015,1,25,sol
3383,589,False,7,BR,Brasil,TO,Gurupi,N,False,-11.729,-49.069,False,False,cities,3383,Gurupi,09/09/2026,Quarta-feira,10:24:00,25,6,E,90,73,Nublado,1015,3,27,nublado
3384,6547,False,7,BR,Brasil,TO,Ipueiras,N,False,-11.239,-48.463,False,False,cities,3384,Ipueiras,09/09/2026,Quarta-feira,11:09:00,24,7,E,80,80,Sol com algumas nuvens,1015,2,27,sol-com-algumas-nuvens
4705,5900,False,7,BR,Brasil,TO,Itacajá,N,False,-8.392,-47.768,False,False,cities,4705,Itacajá,09/09/2026,Quarta-feira,10:24:00,23,9,NE,45,77,Sol,1015,1,24,sol
3385,6548,False,7,BR,Brasil,TO,Itaguatins,N,False,-5.769,-47.483,False,False,cities,3385,Itaguatins,09/09/2026,Quarta-feira,11:09:00,25,6,E,90,82,Sol,1015,1,29,sol
3386,4935,False,7,BR,Brasil,TO,Itapiratins,N,False,-8.384,-48.111,False,False,cities,3386,Itapiratins,09/09/2026,Quarta-feira,10:24:00,24,10,NE,45,86,Sol,1015,1,26,sol
3388,6549,False,7,BR,Brasil,TO,Itaporã do Tocantins,N,False,-8.571,-48.689,False,False,cities,3388,Itaporã do Tocantins,09/09/2026,Quarta-feira,11:09:00,23,8,NE,48,80,Sol,1015,1,25,sol
3389,6550,False,7,BR,Brasil,TO,Jaú do Tocantins,N,False,-12.655,-48.593,False,False,cities,3389,Jaú do Tocantins,09/09/2026,Quarta-feira,10:24:00,24,9,E,90,66,Nublado,1016,3,25,nublado
3390,6551,False,7,BR,Brasil,TO,Juarina,N,False,-8.119,-49.065,False,False,cities,3390,Juarina,09/09/2026,Quarta-feira,11:09:00,24,7,NE,47,89,Sol com muitas nuvens,1015,2r,27,sol-com-muitas-nuvens
3391,4830,False,7,BR,Brasil,TO,Lagoa da Confusão,N,False,-10.794,-49.624,False,False,cities,3391,Lagoa da Confusão,09/09/2026,Quarta-feira,11:09:00,24,5,E,90,81,Sol com muitas nuvens,1015,2r,27,sol-com-muitas-nuvens
3393,6552,False,7,BR,Brasil,TO,Lagoa do Tocantins,N,False,-10.378,-47.551,False,False,cities,3393,Lagoa do Tocantins,09/09/2026,Quarta-feira,11:09:00,22,10,ENE,67,67,Sol,1016,1,22,sol
3394,6553,False,7,BR,Brasil,TO,Lajeado,N,False,-9.751,-48.358,False,False,cities,3394,Lajeado,09/09/2026,Quarta-feira,10:24:00,25,8,ENE,64,83,Sol,1015,1,28,sol
3395,6554,False,7,BR,Brasil,TO,Lavandeira,N,False,-12.789,-46.506,False,False,cities,3395,Lavandeira,09/09/2026,Quarta-feira,10:24:00,24,15,E,82,46,Sol,1017,1,22,sol
3396,6555,False,7,BR,Brasil,TO,Lizarda,N,False,-9.594,-46.673,False,False,cities,3396,Lizarda,09/09/2026,Quarta-feira,10:24:00,23,16,ENE,56,40,Sol,1016,1,20,sol
3401,6556,False,7,BR,Brasil,TO,Luzinópolis,N,False,-6.182,-47.856,False,False,cities,3401,Luzinópolis,09/09/2026,Quarta-feira,11:09:00,24,6,ENE,74,77,Sol com algumas nuvens,1015,2,27,sol-com-algumas-nuvens
3402,1788,False,7,BR,Brasil,TO,Marianópolis do Tocantins,N,False,-9.796,-49.654,False,False,cities,3402,Marianópolis do Tocantins,09/09/2026,Quarta-feira,11:09:00,24,6,ENE,68,86,Sol,1015,1,27,sol
3404,6557,False,7,BR,Brasil,TO,Mateiros,N,False,-10.547,-46.421,False,False,cities,3404,Mateiros,09/09/2026,Quarta-feira,11:09:00,23,17,ENE,63,39,Sol,1017,1,19,sol
3405,7362,False,7,BR,Brasil,TO,Maurilândia do Tocantins,N,False,-5.9516,-47.5124,False,False,cities,3405,Maurilândia do Tocantins,09/09/2026,Quarta-feira,11:09:00,26,7,ENE,78,81,Sol,1015,1,29,sol
3406,590,False,7,BR,Brasil,TO,Miracema do Tocantins,N,False,-9.567,-48.392,False,False,cities,3406,Miracema do Tocantins,09/09/2026,Quarta-feira,10:24:00,25,8,ENE,62,86,Sol,1015,1,28,sol
3407,591,False,7,BR,Brasil,TO,Miranorte,N,False,-9.529,-48.59,False,False,cities,3407,Miranorte,09/09/2026,Quarta-feira,10:24:00,24,8,ENE,61,85,Sol,1015,1,26,sol
3409,6886,False,7,BR,Brasil,TO,Monte Santo do Tocantins,N,False,-10.004,-48.99,False,False,cities,3409,Monte Santo do Tocantins,09/09/2026,Quarta-feira,11:09:00,23,7,ENE,69,79,Sol,1015,1,25,sol
3408,6740,False,7,BR,Brasil,TO,Monte do Carmo,N,False,-10.763,-48.109,False,False,cities,3408,Monte do Carmo,09/09/2026,Quarta-feira,11:09:00,23,6,ENE,73,69,Sol,1016,1,24,sol
3411,6559,False,7,BR,Brasil,TO,Muricilândia,N,False,-7.146,-48.61,False,False,cities,3411,Muricilândia,09/09/2026,Quarta-feira,10:24:00,24,6,NE,56,82,Sol com muitas nuvens,1015,2r,27,sol-com-muitas-nuvens
3412,592,False,7,BR,Brasil,TO,Natividade,N,False,-11.71,-47.723,False,False,cities,3412,Natividade,09/09/2026,Quarta-feira,10:24:00,24,12,E,79,73,Sol,1016,1,25,sol
3413,6560,False,7,BR,Brasil,TO,Nazaré,N,False,-6.372,-47.581,False,False,cities,3413,Nazaré,09/09/2026,Quarta-feira,10:24:00,25,6,ENE,68,78,Sol com algumas nuvens,1015,2,28,sol-com-algumas-nuvens
3414,6561,False,7,BR,Brasil,TO,Nova Olinda,N,False,-7.632,-48.422,False,False,cities,3414,Nova Olinda,09/09/2026,Quarta-feira,10:24:00,23,6,NE,49,82,Sol,1015,1,26,sol
3415,6741,False,7,BR,Brasil,TO,Nova Rosalândia,N,False,-10.567,-48.914,False,False,cities,3415,Nova Rosalândia,09/09/2026,Quarta-feira,10:24:00,23,6,E,80,78,Sol com algumas nuvens,1015,2,25,sol-com-algumas-nuvens
3416,5338,False,7,BR,Brasil,TO,Novo Acordo,N,False,-9.963,-47.677,False,False,cities,3416,Novo Acordo,09/09/2026,Quarta-feira,10:24:00,23,10,ENE,64,82,Sol,1016,1,25,sol
3418,5339,False,7,BR,Brasil,TO,Novo Alegre,N,False,-12.931,-46.574,False,False,cities,3418,Novo Alegre,09/09/2026,Quarta-feira,10:24:00,24,9,E,84,47,Sol,1017,1,23,sol
3419,2169,False,7,BR,Brasil,TO,Novo Jardim,N,False,-11.824,-46.628,False,False,cities,3419,Novo Jardim,09/09/2026,Quarta-feira,10:24:00,23,18,ENE,75,45,Sol,1017,1,20,sol
3420,6742,False,7,BR,Brasil,TO,Oliveira de Fátima,N,False,-10.708,-48.907,False,False,cities,3420,Oliveira de Fátima,09/09/2026,Quarta-feira,10:24:00,23,7,E,81,78,Sol com muitas nuvens,1015,2r,25,sol-com-muitas-nuvens
3427,593,True,7,BR,Brasil,TO,Palmas,N,False,-10.148,-48.314,False,False,cities,3427,Palmas,09/09/2026,Quarta-feira,10:24:00,24,7,ENE,69,81,Sol,1015,1,27,sol
4547,5689,False,7,BR,Brasil,TO,Palmeirante,N,False,-7.86,-47.926,False,False,cities,4547,Palmeirante,09/09/2026,Quarta-feira,11:09:00,24,5,NE,45,82,Sol,1015,1,27,sol
3410,6558,False,7,BR,Brasil,TO,Palmeiras do Tocantins,N,False,-6.612,-47.546,False,False,cities,3410,Palmeiras do Tocantins,09/09/2026,Quarta-feira,10:24:00,25,6,ENE,63,78,Sol com algumas nuvens,1015,2,28,sol-com-algumas-nuvens
3428,4199,False,7,BR,Brasil,TO,Palmeirópolis,N,False,-13.044,-48.402,False,False,cities,3428,Palmeirópolis,09/09/2026,Quarta-feira,11:09:00,24,5,E,90,59,Sol com muitas nuvens,1016,2r,25,sol-com-muitas-nuvens
7541,594,False,7,BR,Brasil,TO,Paranã,N,False,-12.615,-47.883,False,False,cities,7541,Paranã,09/09/2026,Quarta-feira,11:09:00,24,14,E,87,70,Sol com algumas nuvens,1016,2,25,sol-com-algumas-nuvens
3429,1636,False,7,BR,Brasil,TO,Paraíso do Tocantins,N,False,-10.176,-48.867,False,False,cities,3429,Paraíso do Tocantins,09/09/2026,Quarta-feira,10:24:00,23,7,ENE,71,76,Sol,1015,1,25,sol
3430,6562,False,7,BR,Brasil,TO,Pau d'Arco,N,False,-7.54,-49.372,False,False,cities,3430,Pau d'Arco,09/09/2026,Quarta-feira,11:09:00,24,3,NE,50,90,Sol,1015,1,28,sol
3431,595,False,7,BR,Brasil,TO,Pedro Afonso,N,False,-8.967,-48.175,False,False,cities,3431,Pedro Afonso,09/09/2026,Quarta-feira,11:09:00,24,7,NNE,20,88,Sol,1015,1,27,sol
3432,596,False,7,BR,Brasil,TO,Peixe,N,False,-12.025,-48.539,False,False,cities,3432,Peixe,09/09/2026,Quarta-feira,11:09:00,24,10,E,90,79,Sol com muitas nuvens,1015,2r,26,sol-com-muitas-nuvens
3433,6563,False,7,BR,Brasil,TO,Pequizeiro,N,False,-8.594,-48.934,False,False,cities,3433,Pequizeiro,09/09/2026,Quarta-feira,11:09:00,23,9,NE,49,83,Sol com algumas nuvens,1015,2,25,sol-com-algumas-nuvens
3434,6743,False,7,BR,Brasil,TO,Pindorama do Tocantins,N,False,-11.139,-47.579,False,False,cities,3434,Pindorama do Tocantins,09/09/2026,Quarta-feira,11:09:00,24,8,ENE,72,66,Sol,1016,1,24,sol
3435,6564,False,7,BR,Brasil,TO,Piraquê,N,False,-6.774,-48.297,False,False,cities,3435,Piraquê,09/09/2026,Quarta-feira,11:09:00,25,6,ENE,61,82,Sol com algumas nuvens,1015,2,28,sol-com-algumas-nuvens
3436,6744,False,7,BR,Brasil,TO,Pium,N,False,-10.443,-49.182,False,False,cities,3436,Pium,09/09/2026,Quarta-feira,10:24:00,24,6,E,80,78,Sol,1015,1,26,sol
3437,597,False,7,BR,Brasil,TO,Ponte Alta do Bom Jesus,N,False,-12.091,-46.479,False,False,cities,3437,Ponte Alta do Bom Jesus,09/09/2026,Quarta-feira,11:09:00,23,21,ENE,78,41,Sol,1017,1,19,sol
3438,5042,False,7,BR,Brasil,TO,Ponte Alta do Tocantins,N,False,-10.744,-47.536,False,False,cities,3438,Ponte Alta do Tocantins,09/09/2026,Quarta-feira,11:09:00,24,9,ENE,70,75,Sol,1016,1,25,sol
3426,7361,False,7,BR,Brasil,TO,Porto Alegre do Tocantins,N,False,-11.6179,-47.0621,False,False,cities,3426,Porto Alegre do Tocantins,09/09/2026,Quarta-feira,10:24:00,24,10,ENE,74,58,Sol,1016,1,23,sol
3439,598,False,7,BR,Brasil,TO,Porto Nacional,N,False,-10.708,-48.417,False,False,cities,3439,Porto Nacional,09/09/2026,Quarta-feira,11:09:00,24,6,ENE,76,80,Sol com algumas nuvens,1015,2,27,sol-com-algumas-nuvens
3440,6565,False,7,BR,Brasil,TO,Praia Norte,N,False,-5.393,-47.811,False,False,cities,3440,Praia Norte,09/09/2026,Quarta-feira,10:24:00,26,8,E,84,82,Sol,1015,1,30,sol
3441,6566,False,7,BR,Brasil,TO,Presidente Kennedy,N,False,-8.539,-48.506,False,False,cities,3441,Presidente Kennedy,09/09/2026,Quarta-feira,11:09:00,23,8,NE,46,82,Sol,1015,1,25,sol
3442,6745,False,7,BR,Brasil,TO,Pugmil,N,False,-10.424,-48.894,False,False,cities,3442,Pugmil,09/09/2026,Quarta-feira,10:24:00,23,6,ENE,76,75,Sol,1015,1,24,sol
3449,6568,False,7,BR,Brasil,TO,Sampaio,N,False,-5.348,-47.873,False,False,cities,3449,Sampaio,09/09/2026,Quarta-feira,10:24:00,26,8,E,84,82,Sol,1015,1,30,sol
3450,6748,False,7,BR,Brasil,TO,Sandolândia,N,False,-12.537,-49.925,False,False,cities,3450,Sandolândia,09/09/2026,Quarta-feira,11:09:00,24,7,ESE,111,82,Nublado,1015,3,28,nublado
4706,5901,False,7,BR,Brasil,TO,Santa Fé do Araguaia,N,False,-7.156,-48.703,False,False,cities,4706,Santa Fé do Araguaia,09/09/2026,Quarta-feira,10:24:00,24,6,NE,56,86,Sol com muitas nuvens,1015,2r,28,sol-com-muitas-nuvens
3451,6888,False,7,BR,Brasil,TO,Santa Maria do Tocantins,N,False,-8.797,-47.795,False,False,cities,3451,Santa Maria do Tocantins,09/09/2026,Quarta-feira,11:09:00,23,7,NE,50,80,Sol,1015,1,26,sol
3452,6893,False,7,BR,Brasil,TO,Santa Rita do Tocantins,N,False,-10.861,-48.914,False,True,cities,3452,Santa Rita do Tocantins,09/09/2026,Quarta-feira,11:09:00,23,7,E,82,79,Sol com muitas nuvens,1015,2r,26,sol-com-muitas-nuvens
3453,4745,False,7,BR,Brasil,TO,Santa Rosa do Tocantins,N,False,-11.449,-48.121,False,False,cities,3453,Santa Rosa do Tocantins,09/09/2026,Quarta-feira,11:09:00,24,6,E,79,74,Sol,1015,1,26,sol
3454,5599,False,7,BR,Brasil,TO,Santa Tereza do Tocantins,N,False,-10.282,-47.808,False,False,cities,3454,Santa Tereza do Tocantins,09/09/2026,Quarta-feira,11:09:00,24,9,ENE,67,78,Sol,1016,1,26,sol
3455,6892,False,7,BR,Brasil,TO,Santa Terezinha do Tocantins,N,False,-6.434,-47.672,False,False,cities,3455,Santa Terezinha do Tocantins,09/09/2026,Quarta-feira,10:24:00,24,6,ENE,68,77,Sol com algumas nuvens,1015,2,26,sol-com-algumas-nuvens
3462,6282,False,7,BR,Brasil,TO,Silvanópolis,N,False,-11.147,-48.169,False,False,cities,3462,Silvanópolis,09/09/2026,Quarta-feira,11:09:00,23,5,ENE,76,79,Sol,1015,1,26,sol
3465,6749,False,7,BR,Brasil,TO,Sucupira,N,False,-11.993,-48.971,False,False,cities,3465,Sucupira,09/09/2026,Quarta-feira,10:24:00,24,8,E,94,72,Nublado,1015,3,25,nublado
3456,6569,False,7,BR,Brasil,TO,São Bento do Tocantins,N,False,-6.02,-47.902,False,False,cities,3456,São Bento do Tocantins,09/09/2026,Quarta-feira,11:09:00,25,6,ENE,76,80,Sol,1015,1,28,sol
3457,6570,False,7,BR,Brasil,TO,São Félix do Tocantins,N,False,-10.168,-46.659,False,False,cities,3457,São Félix do Tocantins,09/09/2026,Quarta-feira,11:09:00,23,16,ENE,61,47,Sol,1016,1,21,sol
3458,6889,False,7,BR,Brasil,TO,São Miguel do Tocantins,N,False,-5.556,-47.578,False,False,cities,3458,São Miguel do Tocantins,09/09/2026,Quarta-feira,10:24:00,26,6,E,90,83,Sol,1015,1,29,sol
3459,6890,False,7,BR,Brasil,TO,São Salvador do Tocantins,N,False,-12.75,-48.24,False,False,cities,3459,São Salvador do Tocantins,09/09/2026,Quarta-feira,11:09:00,25,6,E,90,69,Sol com muitas nuvens,1016,2r,26,sol-com-muitas-nuvens
3461,5233,False,7,BR,Brasil,TO,São Valério da Natividade,N,False,-11.974653,-48.235775,False,False,cities,3461,São Valério da Natividade,09/09/2026,Quarta-feira,11:09:00,25,13,E,86,68,Sol com algumas nuvens,1015,2,25,sol-com-algumas-nuvens
3464,6571,False,7,BR,Brasil,TO,Sítio Novo do Tocantins,N,False,-5.6,-47.641,False,False,cities,3464,Sítio Novo do Tocantins,09/09/2026,Quarta-feira,10:24:00,25,6,E,90,80,Sol,1015,1,28,sol
3466,599,False,7,BR,Brasil,TO,Taguatinga,N,False,-12.404,-46.436,False,False,cities,3466,Taguatinga,09/09/2026,Quarta-feira,10:24:00,23,20,E,80,42,Sol,1017,1,19,sol
3467,6750,False,7,BR,Brasil,TO,Taipas do Tocantins,N,False,-12.188,-46.989,False,False,cities,3467,Taipas do Tocantins,09/09/2026,Quarta-feira,11:09:00,24,12,E,81,61,Sol,1016,1,23,sol
3468,6751,False,7,BR,Brasil,TO,Talismã,N,False,-12.795,-49.093,False,False,cities,3468,Talismã,09/09/2026,Quarta-feira,10:24:00,25,8,E,97,75,Nublado,1015,3,27,nublado
3470,600,False,7,BR,Brasil,TO,Tocantinópolis,N,False,-6.329,-47.416,False,False,cities,3470,Tocantinópolis,09/09/2026,Quarta-feira,11:09:00,26,7,ENE,68,78,Sol,1015,1,29,sol
3469,4936,False,7,BR,Brasil,TO,Tocantínia,N,False,-9.564,-48.377,False,False,cities,3469,Tocantínia,09/09/2026,Quarta-feira,10:24:00,24,8,ENE,62,83,Sol,1015,1,27,sol
3471,4958,False,7,BR,Brasil,TO,Tupirama,N,False,-8.973,-48.188,False,False,cities,3471,Tupirama,09/09/2026,Quarta-feira,10:24:00,24,7,NNE,20,88,Sol,1015,1,27,sol
3472,6752,False,7,BR,Brasil,TO,Tupiratins,N,False,-8.394,-48.116,False,False,cities,3472,Tupiratins,09/09/2026,Quarta-feira,11:09:00,24,10,NE,45,86,Sol,1015,1,26,sol
3473,6572,False,7,BR,Brasil,TO,Wanderlândia,N,False,-6.849,-47.963,False,False,cities,3473,Wanderlândia,09/09/2026,Quarta-feira,10:24:00,24,5,ENE,59,77,Sol com algumas nuvens,1015,2,26,sol-com-algumas-nuvens
3474,1503,False,7,BR,Brasil,TO,Xambioá,N,False,-6.411,-48.536,False,False,cities,3474,Xambioá,09/09/2026,Quarta-feira,10:24:00,25,7,ENE,69,84,Sol com algumas nuvens,1015,2,28,sol-com-algumas-nuvens
